test_state,percentile,n_observed,method,covered,width,infinite,lower,upper,true_y,mu_hat,n_cal_groups,n_cal_total_obs,n_test_total
AL,0,1,HCP++,1,2.267047971351822,0,10.460319669638862,12.727367640990684,10.62135173563291,11.593843655314773,25,788,6
AL,0,1,HCP.sample,1,2.076329157980826,0,10.558940921943142,12.635270079923968,10.62135173563291,11.593843655314773,25,788,6
AL,0,1,HCP,1,2.2537646510347678,0,10.470223175416171,12.723987826450939,10.62135173563291,11.597105500933555,25,788,6
AL,0,1,Pooling,1,1.9912474819854324,0,10.601481759940839,12.592729241926271,10.62135173563291,11.597105500933555,25,788,6
AL,0,1,Subsampling,1,2.7909171180250922,0,10.201646941921009,12.992564059946101,10.62135173563291,11.597105500933555,25,788,6
AL,0,1,Repeated,1,2.2537646510347678,0,10.470223175416171,12.723987826450939,10.62135173563291,11.597105500933555,25,788,6
AL,25,2,HCP++,1,2.139500731191756,0,10.629051835958922,12.768552567150678,12.100717685412471,11.6988022015548,25,788,6
AL,25,2,HCP.sample,1,2.075594330000154,0,10.669561052041772,12.745155382041926,12.100717685412471,11.6988022015548,25,788,6
AL,25,2,HCP,1,2.2537646510347678,0,10.581832767646278,12.835597418681045,12.100717685412471,11.708715093163661,25,788,6
AL,25,2,Pooling,1,1.9912474819854324,0,10.713091352170945,12.704338834156378,12.100717685412471,11.708715093163661,25,788,6
AL,25,2,Subsampling,1,2.290091006530517,0,10.563669589898403,12.85376059642892,12.100717685412471,11.708715093163661,25,788,6
AL,25,2,Repeated,1,2.2537646510347678,0,10.581832767646278,12.835597418681045,12.100717685412471,11.708715093163661,25,788,6
AL,50,3,HCP++,1,4.26108492012785,0,8.43107192623187,12.692156846359719,11.225256725762893,10.561614386295794,25,788,6
AL,50,3,HCP.sample,1,2.568456061171691,0,10.656573781005374,13.225029842177065,11.225256725762893,10.561614386295794,25,788,6
AL,50,3,HCP,1,2.2537646510347678,0,10.393780720868627,12.647545371903394,11.225256725762893,11.52066304638601,25,788,6
AL,50,3,Pooling,1,1.9912474819854324,0,10.525039305393294,12.516286787378727,11.225256725762893,11.52066304638601,25,788,6
AL,50,3,Subsampling,1,2.249439739269146,0,10.395943176751437,12.645382916020584,11.225256725762893,11.52066304638601,25,788,6
AL,50,3,Repeated,1,2.2537646510347678,0,10.393780720868627,12.647545371903394,11.225256725762893,11.52066304638601,25,788,6
AL,75,4,HCP++,1,4.344397069162856,0,8.726175055178304,13.07057212434116,10.596659732783579,10.898373589759732,25,788,6
AL,75,4,HCP.sample,1,2.778131907969602,0,9.4683422097632,12.246474117732802,10.596659732783579,10.898373589759732,25,788,6
AL,75,4,HCP,0,2.2537646510347678,0,10.712102170487801,12.96586682152257,10.596659732783579,11.838984496005185,25,788,6
AL,75,4,Pooling,0,1.9912474819854324,0,10.843360755012469,12.834608236997902,10.596659732783579,11.838984496005185,25,788,6
AL,75,4,Subsampling,0,2.290091006530517,0,10.693938992739927,12.984029999270444,10.596659732783579,11.838984496005185,25,788,6
AL,75,4,Repeated,0,2.2537646510347678,0,10.712102170487801,12.96586682152257,10.596659732783579,11.838984496005185,25,788,6
FL,0,1,HCP++,1,2.2983860084896754,0,10.4478059462997,12.746191954789376,10.62135173563291,11.596998950544538,25,788,118
FL,0,1,HCP.sample,1,2.2537646510347678,0,10.470223175416171,12.723987826450939,10.62135173563291,11.596998950544538,25,788,118
FL,0,1,HCP,1,2.2537646510347678,0,10.470223175416171,12.723987826450939,10.62135173563291,11.597105500933555,25,788,118
FL,0,1,Pooling,1,1.9912474819854324,0,10.601481759940839,12.592729241926271,10.62135173563291,11.597105500933555,25,788,118
FL,0,1,Subsampling,1,2.243684923298453,0,10.475263039284329,12.718947962582781,10.62135173563291,11.597105500933555,25,788,118
FL,0,1,Repeated,1,2.290091006530517,0,10.452059997668297,12.742151004198814,10.62135173563291,11.597105500933555,25,788,118
FL,25,30,HCP++,1,,1,-inf,inf,9.952325334619427,10.531267191059946,25,788,118
FL,25,30,HCP.sample,0,1.4702393070249542,0,10.16181987605538,11.632059183080335,9.952325334619427,10.531267191059946,25,788,118
FL,25,30,HCP,0,2.2537646510347678,0,10.206353155930616,12.460117806965384,9.952325334619427,11.333235481448,25,788,118
FL,25,30,Pooling,0,1.9912474819854324,0,10.337611740455284,12.328859222440716,9.952325334619427,11.333235481448,25,788,118
FL,25,30,Subsampling,0,1.9912474819854324,0,10.337611740455284,12.328859222440716,9.952325334619427,11.333235481448,25,788,118
FL,25,30,Repeated,0,2.249439739269146,0,10.208515611813427,12.457955351082573,9.952325334619427,11.333235481448,25,788,118
FL,50,59,HCP++,1,,1,-inf,inf,12.429220196836383,11.612057655054551,25,788,118
FL,50,59,HCP.sample,1,1.3865247264644545,0,11.230076969617981,12.616601696082435,12.429220196836383,11.612057655054551,25,788,118
FL,50,59,HCP,1,2.2537646510347678,0,11.00235180357282,13.256116454607588,12.429220196836383,12.129234129090204,25,788,118
FL,50,59,Pooling,1,1.9912474819854324,0,11.133610388097487,13.12485787008292,12.429220196836383,12.129234129090204,25,788,118
FL,50,59,Subsampling,1,1.818215184500307,0,11.22012653684005,13.038341721340357,12.429220196836383,12.129234129090204,25,788,118
FL,50,59,Repeated,1,2.2537646510347678,0,11.00235180357282,13.256116454607588,12.429220196836383,12.129234129090204,25,788,118
FL,75,88,HCP++,1,,1,-inf,inf,12.206077645517674,11.411722126617148,25,788,118
FL,75,88,HCP.sample,1,1.618087930885725,0,10.859683958066524,12.47777188895225,12.206077645517674,11.411722126617148,25,788,118
FL,75,88,HCP,1,2.2537646510347678,0,10.536740685447958,12.790505336482726,12.206077645517674,11.663623010965342,25,788,118
FL,75,88,Pooling,1,1.9912474819854324,0,10.667999269972626,12.659246751958058,12.206077645517674,11.663623010965342,25,788,118
FL,75,88,Subsampling,1,2.0985632228377433,0,10.61434139954647,12.712904622384213,12.206077645517674,11.663623010965342,25,788,118
FL,75,88,Repeated,1,2.2537646510347678,0,10.536740685447958,12.790505336482726,12.206077645517674,11.663623010965342,25,788,118
GA,0,1,HCP++,1,2.267047971351822,0,10.460319669638862,12.727367640990684,10.62135173563291,11.593843655314773,25,788,40
GA,0,1,HCP.sample,1,2.243684923298453,0,10.475263039284329,12.718947962582781,10.62135173563291,11.593843655314773,25,788,40
GA,0,1,HCP,1,2.2537646510347678,0,10.470223175416171,12.723987826450939,10.62135173563291,11.597105500933555,25,788,40
GA,0,1,Pooling,1,1.9912474819854324,0,10.601481759940839,12.592729241926271,10.62135173563291,11.597105500933555,25,788,40
GA,0,1,Subsampling,1,2.2537646510347678,0,10.470223175416171,12.723987826450939,10.62135173563291,11.597105500933555,25,788,40
GA,0,1,Repeated,1,2.2537646510347678,0,10.470223175416171,12.723987826450939,10.62135173563291,11.597105500933555,25,788,40
GA,25,10,HCP++,1,2.1105736237042727,0,9.79351727113338,11.904090894837653,10.596659732783579,10.848804082985517,25,788,40
GA,25,10,HCP.sample,1,1.6510711470999837,0,9.44896726511038,11.100038412210363,10.596659732783579,10.848804082985517,25,788,40
GA,25,10,HCP,1,2.2537646510347678,0,10.299744218119988,12.553508869154756,10.596659732783579,11.426626543637372,25,788,40
GA,25,10,Pooling,1,1.9912474819854324,0,10.431002802644656,12.422250284630088,10.596659732783579,11.426626543637372,25,788,40
GA,25,10,Subsampling,1,2.0985632228377433,0,10.3773449322185,12.475908155056244,10.596659732783579,11.426626543637372,25,788,40
GA,25,10,Repeated,1,2.2537646510347678,0,10.299744218119988,12.553508869154756,10.596659732783579,11.426626543637372,25,788,40
GA,50,20,HCP++,1,2.552059303482725,0,9.951803279124864,12.503862582607589,11.141876276228,11.227832930866226,25,788,40
GA,50,20,HCP.sample,1,1.424875046540297,0,10.664608958131023,12.08948400467132,11.141876276228,11.227832930866226,25,788,40
GA,50,20,HCP,1,2.2537646510347678,0,10.497425954932908,12.751190605967675,11.141876276228,11.624308280450292,25,788,40
GA,50,20,Pooling,1,1.9912474819854324,0,10.628684539457575,12.619932021443008,11.141876276228,11.624308280450292,25,788,40
GA,50,20,Subsampling,1,2.249439739269146,0,10.499588410815718,12.749028150084865,11.141876276228,11.624308280450292,25,788,40
GA,50,20,Repeated,1,2.249439739269146,0,10.499588410815718,12.749028150084865,11.141876276228,11.624308280450292,25,788,40
GA,75,29,HCP++,1,3.225791204548461,0,9.389112185824798,12.614903390373259,10.703266939811954,11.002007788099029,25,788,40
GA,75,29,HCP.sample,1,1.3097269629689876,0,10.612153384567835,11.921880347536822,10.703266939811954,11.002007788099029,25,788,40
GA,75,29,HCP,1,2.2537646510347678,0,10.399591516979484,12.653356168014252,10.703266939811954,11.526473842496868,25,788,40
GA,75,29,Pooling,1,1.9912474819854324,0,10.530850101504152,12.522097583489584,10.703266939811954,11.526473842496868,25,788,40
GA,75,29,Subsampling,1,2.4916480210187366,0,10.2806498319875,12.772297853006236,10.703266939811954,11.526473842496868,25,788,40
GA,75,29,Repeated,1,2.290091006530517,0,10.38142833923161,12.671519345762126,10.703266939811954,11.526473842496868,25,788,40
IA,0,1,HCP++,1,2.2983860084896754,0,10.4478059462997,12.746191954789376,10.62135173563291,11.596998950544538,25,788,7
IA,0,1,HCP.sample,1,1.9912474819854324,0,10.601481759940839,12.592729241926271,10.62135173563291,11.596998950544538,25,788,7
IA,0,1,HCP,1,2.2537646510347678,0,10.470223175416171,12.723987826450939,10.62135173563291,11.597105500933555,25,788,7
IA,0,1,Pooling,1,1.9912474819854324,0,10.601481759940839,12.592729241926271,10.62135173563291,11.597105500933555,25,788,7
IA,0,1,Subsampling,1,2.4916480210187366,0,10.351281490424187,12.842929511442923,10.62135173563291,11.597105500933555,25,788,7
IA,0,1,Repeated,1,2.2537646510347678,0,10.470223175416171,12.723987826450939,10.62135173563291,11.597105500933555,25,788,7
IA,25,2,HCP++,1,2.27760081593825,0,10.542870916720254,12.820471732658504,12.100717685412471,11.681671324689379,25,788,7
IA,25,2,HCP.sample,1,2.143738163982082,0,10.635489135050808,12.77922729903289,12.100717685412471,11.681671324689379,25,788,7
IA,25,2,HCP,1,2.2537646510347678,0,10.581832767646278,12.835597418681045,12.100717685412471,11.708715093163661,25,788,7
IA,25,2,Pooling,1,1.9912474819854324,0,10.713091352170945,12.704338834156378,12.100717685412471,11.708715093163661,25,788,7
IA,25,2,Subsampling,1,2.290091006530517,0,10.563669589898403,12.85376059642892,12.100717685412471,11.708715093163661,25,788,7
IA,25,2,Repeated,1,2.2537646510347678,0,10.581832767646278,12.835597418681045,12.100717685412471,11.708715093163661,25,788,7
IA,50,3,HCP++,1,4.26108492012785,0,8.43107192623187,12.692156846359719,11.225256725762893,10.561614386295794,25,788,7
IA,50,3,HCP.sample,1,2.593353486989379,0,10.64412506809653,13.237478555085909,11.225256725762893,10.561614386295794,25,788,7
IA,50,3,HCP,1,2.2537646510347678,0,10.393780720868627,12.647545371903394,11.225256725762893,11.52066304638601,25,788,7
IA,50,3,Pooling,1,1.9912474819854324,0,10.525039305393294,12.516286787378727,11.225256725762893,11.52066304638601,25,788,7
IA,50,3,Subsampling,1,2.0985632228377433,0,10.471381434967139,12.569944657804882,11.225256725762893,11.52066304638601,25,788,7
IA,50,3,Repeated,1,2.2537646510347678,0,10.393780720868627,12.647545371903394,11.225256725762893,11.52066304638601,25,788,7
IA,75,4,HCP++,1,3.699091739412843,0,9.019307411497518,12.718399150910361,10.596659732783579,10.86885328120394,25,788,7
IA,75,4,HCP.sample,1,2.2821086321183977,0,9.716353847688803,11.9984624798072,10.596659732783579,10.86885328120394,25,788,7
IA,75,4,HCP,0,2.2537646510347678,0,10.712102170487801,12.96586682152257,10.596659732783579,11.838984496005185,25,788,7
IA,75,4,Pooling,0,1.9912474819854324,0,10.843360755012469,12.834608236997902,10.596659732783579,11.838984496005185,25,788,7
IA,75,4,Subsampling,0,2.290091006530517,0,10.693938992739927,12.984029999270444,10.596659732783579,11.838984496005185,25,788,7
IA,75,4,Repeated,0,2.2537646510347678,0,10.712102170487801,12.96586682152257,10.596659732783579,11.838984496005185,25,788,7
IN,0,1,HCP++,1,2.290362246661079,0,10.444853529229636,12.735215775890715,10.62135173563291,11.590034652560176,25,788,13
IN,0,1,HCP.sample,1,2.076329157980826,0,10.558940921943142,12.635270079923968,10.62135173563291,11.590034652560176,25,788,13
IN,0,1,HCP,1,2.2537646510347678,0,10.470223175416171,12.723987826450939,10.62135173563291,11.597105500933555,25,788,13
IN,0,1,Pooling,1,1.9912474819854324,0,10.601481759940839,12.592729241926271,10.62135173563291,11.597105500933555,25,788,13
IN,0,1,Subsampling,1,2.290091006530517,0,10.452059997668297,12.742151004198814,10.62135173563291,11.597105500933555,25,788,13
IN,0,1,Repeated,1,2.290091006530517,0,10.452059997668297,12.742151004198814,10.62135173563291,11.597105500933555,25,788,13
IN,25,3,HCP++,1,4.170680052705112,0,8.469904163442203,12.640584216147316,11.225256725762893,10.55524418979476,25,788,13
IN,25,3,HCP.sample,1,3.5729193765658707,0,10.154342123308284,13.727261499874155,11.225256725762893,10.55524418979476,25,788,13
IN,25,3,HCP,1,2.2537646510347678,0,10.393780720868627,12.647545371903394,11.225256725762893,11.52066304638601,25,788,13
IN,25,3,Pooling,1,1.9912474819854324,0,10.525039305393294,12.516286787378727,11.225256725762893,11.52066304638601,25,788,13
IN,25,3,Subsampling,1,2.0985632228377433,0,10.471381434967139,12.569944657804882,11.225256725762893,11.52066304638601,25,788,13
IN,25,3,Repeated,1,2.290091006530517,0,10.375617543120752,12.665708549651269,11.225256725762893,11.52066304638601,25,788,13
IN,50,6,HCP++,1,2.68403159775551,0,9.681267772697979,12.365299370453489,11.002116507732017,11.023283571575734,25,788,13
IN,50,6,HCP.sample,1,1.5776001523679426,0,9.446605415196725,11.024205567564668,11.002116507732017,11.023283571575734,25,788,13
IN,50,6,HCP,1,2.2537646510347678,0,10.198375918786024,12.452140569820791,11.002116507732017,11.325258244303408,25,788,13
IN,50,6,Pooling,1,1.9912474819854324,0,10.329634503310691,12.320881985296124,11.002116507732017,11.325258244303408,25,788,13
IN,50,6,Subsampling,1,2.076329157980826,0,10.287093665312995,12.36342282329382,11.002116507732017,11.325258244303408,25,788,13
IN,50,6,Repeated,1,2.2537646510347678,0,10.198375918786024,12.452140569820791,11.002116507732017,11.325258244303408,25,788,13
IN,75,9,HCP++,1,2.248156360710311,0,9.746021087883507,11.994177448593819,10.609081944147828,10.870099268238663,25,788,13
IN,75,9,HCP.sample,1,1.768861730317333,0,10.332743917593334,12.101605647910667,10.609081944147828,10.870099268238663,25,788,13
IN,75,9,HCP,1,2.2537646510347678,0,10.603701119385555,12.857465770420323,10.609081944147828,11.730583444902939,25,788,13
IN,75,9,Pooling,0,1.9912474819854324,0,10.734959703910222,12.726207185895655,10.609081944147828,11.730583444902939,25,788,13
IN,75,9,Subsampling,0,1.6815072883538065,0,10.889829800726035,12.571337089079842,10.609081944147828,11.730583444902939,25,788,13
IN,75,9,Repeated,1,2.2537646510347678,0,10.603701119385555,12.857465770420323,10.609081944147828,11.730583444902939,25,788,13
KY,0,1,HCP++,1,2.2639263090946713,0,10.467442424375763,12.731368733470434,10.62135173563291,11.599405578923099,25,788,11
KY,0,1,HCP.sample,1,2.249439739269146,0,10.472385631298982,12.721825370568128,10.62135173563291,11.599405578923099,25,788,11
KY,0,1,HCP,1,2.2537646510347678,0,10.470223175416171,12.723987826450939,10.62135173563291,11.597105500933555,25,788,11
KY,0,1,Pooling,1,1.9912474819854324,0,10.601481759940839,12.592729241926271,10.62135173563291,11.597105500933555,25,788,11
KY,0,1,Subsampling,0,1.9138534555028421,0,10.640178773182134,12.554032228684976,10.62135173563291,11.597105500933555,25,788,11
KY,0,1,Repeated,1,2.2537646510347678,0,10.470223175416171,12.723987826450939,10.62135173563291,11.597105500933555,25,788,11
KY,25,3,HCP++,1,4.366213363534403,0,8.368656763995869,12.734870127530272,11.225256725762893,10.55176344576307,25,788,11
KY,25,3,HCP.sample,1,2.2821086321183977,0,9.41068154154722,11.692790173665617,11.225256725762893,10.55176344576307,25,788,11
KY,25,3,HCP,1,2.2537646510347678,0,10.393780720868627,12.647545371903394,11.225256725762893,11.52066304638601,25,788,11
KY,25,3,Pooling,1,1.9912474819854324,0,10.525039305393294,12.516286787378727,11.225256725762893,11.52066304638601,25,788,11
KY,25,3,Subsampling,1,2.7909171180250922,0,10.125204487373464,12.916121605398557,11.225256725762893,11.52066304638601,25,788,11
KY,25,3,Repeated,1,2.2537646510347678,0,10.393780720868627,12.647545371903394,11.225256725762893,11.52066304638601,25,788,11
KY,50,5,HCP++,1,2.96250102060419,0,10.169422396103911,13.131923416708101,11.156264806643742,11.650672906406006,25,788,11
KY,50,5,HCP.sample,1,1.5776001523679426,0,10.07080135130429,11.648401503672233,11.156264806643742,11.650672906406006,25,788,11
KY,50,5,HCP,1,2.2537646510347678,0,10.886867862614867,13.140632513649635,11.156264806643742,12.013750188132251,25,788,11
KY,50,5,Pooling,1,1.9912474819854324,0,11.018126447139535,13.009373929124967,11.156264806643742,12.013750188132251,25,788,11
KY,50,5,Subsampling,0,1.5551019675337265,0,11.236199204365388,12.791301171899114,11.156264806643742,12.013750188132251,25,788,11
KY,50,5,Repeated,1,2.2537646510347678,0,10.886867862614867,13.140632513649635,11.156264806643742,12.013750188132251,25,788,11
KY,75,7,HCP++,1,1.5882391297363192,0,10.536690453073316,12.124929582809635,10.819798284210286,11.330810017941475,25,788,11
KY,75,7,HCP.sample,1,1.5107610586407603,0,10.268251484805587,11.779012543446347,10.819798284210286,11.330810017941475,25,788,11
KY,75,7,HCP,1,2.2537646510347678,0,10.48777139149738,12.741536042532148,10.819798284210286,11.614653717014765,25,788,11
KY,75,7,Pooling,1,1.9912474819854324,0,10.619029976022048,12.61027745800748,10.819798284210286,11.614653717014765,25,788,11
KY,75,7,Subsampling,1,2.4916480210187366,0,10.368829706505396,12.860477727524133,10.819798284210286,11.614653717014765,25,788,11
KY,75,7,Repeated,1,2.2537646510347678,0,10.48777139149738,12.741536042532148,10.819798284210286,11.614653717014765,25,788,11
MD,0,1,HCP++,1,2.2920306636558934,0,10.451415291463778,12.743445955119672,10.62135173563291,11.597430623291725,25,788,24
MD,0,1,HCP.sample,1,2.7909171180250922,0,10.201646941921009,12.992564059946101,10.62135173563291,11.597430623291725,25,788,24
MD,0,1,HCP,1,2.2537646510347678,0,10.470223175416171,12.723987826450939,10.62135173563291,11.597105500933555,25,788,24
MD,0,1,Pooling,1,1.9912474819854324,0,10.601481759940839,12.592729241926271,10.62135173563291,11.597105500933555,25,788,24
MD,0,1,Subsampling,0,1.9138534555028421,0,10.640178773182134,12.554032228684976,10.62135173563291,11.597105500933555,25,788,24
MD,0,1,Repeated,1,2.290091006530517,0,10.452059997668297,12.742151004198814,10.62135173563291,11.597105500933555,25,788,24
MD,25,6,HCP++,1,2.209830912017132,0,9.954361277005969,12.164192189023101,11.002116507732017,11.059276733014535,25,788,24
MD,25,6,HCP.sample,1,1.6262124522693853,0,9.520954467980971,11.147166920250356,11.002116507732017,11.059276733014535,25,788,24
MD,25,6,HCP,1,2.2537646510347678,0,10.198375918786024,12.452140569820791,11.002116507732017,11.325258244303408,25,788,24
MD,25,6,Pooling,1,1.9912474819854324,0,10.329634503310691,12.320881985296124,11.002116507732017,11.325258244303408,25,788,24
MD,25,6,Subsampling,1,1.818215184500307,0,10.416150652053254,12.234365836553561,11.002116507732017,11.325258244303408,25,788,24
MD,25,6,Repeated,1,2.290091006530517,0,10.180212741038149,12.470303747568666,11.002116507732017,11.325258244303408,25,788,24
MD,50,12,HCP++,1,1.9308190276430928,0,10.52748766597862,12.458306693621713,11.002116507732017,11.492897179800167,25,788,24
MD,50,12,HCP.sample,1,1.5172726243017465,0,10.6871587291698,12.204431353471547,11.002116507732017,11.492897179800167,25,788,24
MD,50,12,HCP,0,2.2537646510347678,0,11.129141051775425,13.382905702810193,11.002116507732017,12.25602337729281,25,788,24
MD,50,12,Pooling,0,1.9912474819854324,0,11.260399636300093,13.251647118285526,11.002116507732017,12.25602337729281,25,788,24
MD,50,12,Subsampling,0,2.2537646510347678,0,11.129141051775425,13.382905702810193,11.002116507732017,12.25602337729281,25,788,24
MD,50,12,Repeated,0,2.2537646510347678,0,11.129141051775425,13.382905702810193,11.002116507732017,12.25602337729281,25,788,24
MD,75,17,HCP++,1,1.8459805307509818,0,10.20318070720404,12.049161237955023,11.820417517632333,11.126170972579532,25,788,24
MD,75,17,HCP.sample,0,1.3016343261215084,0,10.358988417982978,11.660622744104487,11.820417517632333,11.126170972579532,25,788,24
MD,75,17,HCP,1,2.2537646510347678,0,10.47402434070144,12.727788991736208,11.820417517632333,11.600906666218824,25,788,24
MD,75,17,Pooling,1,1.9912474819854324,0,10.605282925226108,12.59653040721154,11.820417517632333,11.600906666218824,25,788,24
MD,75,17,Subsampling,1,2.4916480210187366,0,10.355082655709456,12.846730676728193,11.820417517632333,11.600906666218824,25,788,24
MD,75,17,Repeated,1,2.290091006530517,0,10.455861162953566,12.745952169484083,11.820417517632333,11.600906666218824,25,788,24
MN,0,1,HCP++,1,2.2920306636558934,0,10.451415291463778,12.743445955119672,10.62135173563291,11.597430623291725,25,788,8
MN,0,1,HCP.sample,1,2.4916480210187366,0,10.351281490424187,12.842929511442923,10.62135173563291,11.597430623291725,25,788,8
MN,0,1,HCP,1,2.2537646510347678,0,10.470223175416171,12.723987826450939,10.62135173563291,11.597105500933555,25,788,8
MN,0,1,Pooling,1,1.9912474819854324,0,10.601481759940839,12.592729241926271,10.62135173563291,11.597105500933555,25,788,8
MN,0,1,Subsampling,1,2.2537646510347678,0,10.470223175416171,12.723987826450939,10.62135173563291,11.597105500933555,25,788,8
MN,0,1,Repeated,1,2.290091006530517,0,10.452059997668297,12.742151004198814,10.62135173563291,11.597105500933555,25,788,8
MN,25,2,HCP++,1,2.2740184172978566,0,10.5489924707169,12.823010888014757,12.100717685412471,11.686001679365829,25,788,8
MN,25,2,HCP.sample,1,1.9552379192783285,0,10.729739257402684,12.684977176681013,12.100717685412471,11.686001679365829,25,788,8
MN,25,2,HCP,1,2.2537646510347678,0,10.581832767646278,12.835597418681045,12.100717685412471,11.708715093163661,25,788,8
MN,25,2,Pooling,1,1.9912474819854324,0,10.713091352170945,12.704338834156378,12.100717685412471,11.708715093163661,25,788,8
MN,25,2,Subsampling,1,1.8924580888063147,0,10.762486048760504,12.654944137566819,12.100717685412471,11.708715093163661,25,788,8
MN,25,2,Repeated,1,2.249439739269146,0,10.583995223529088,12.833434962798234,12.100717685412471,11.708715093163661,25,788,8
MN,50,4,HCP++,1,3.9163963367858052,0,8.832806079766103,12.749202416551908,10.596659732783579,10.791004248159005,25,788,8
MN,50,4,HCP.sample,0,1.7193367621170736,0,10.671260650845939,12.390597412963013,10.596659732783579,10.791004248159005,25,788,8
MN,50,4,HCP,0,2.2537646510347678,0,10.712102170487801,12.96586682152257,10.596659732783579,11.838984496005185,25,788,8
MN,50,4,Pooling,0,1.9912474819854324,0,10.843360755012469,12.834608236997902,10.596659732783579,11.838984496005185,25,788,8
MN,50,4,Subsampling,0,1.8924580888063147,0,10.892755451602028,12.785213540408343,10.596659732783579,11.838984496005185,25,788,8
MN,50,4,Repeated,0,2.2537646510347678,0,10.712102170487801,12.96586682152257,10.596659732783579,11.838984496005185,25,788,8
MN,75,5,HCP++,1,2.4309702099577777,0,10.429184299813876,12.860154509771654,11.156264806643742,11.644669404792765,25,788,8
MN,75,5,HCP.sample,1,0.9714374089780833,0,10.71860627424843,11.690043683226513,11.156264806643742,11.644669404792765,25,788,8
MN,75,5,HCP,1,2.2537646510347678,0,10.886867862614867,13.140632513649635,11.156264806643742,12.013750188132251,25,788,8
MN,75,5,Pooling,1,1.9912474819854324,0,11.018126447139535,13.009373929124967,11.156264806643742,12.013750188132251,25,788,8
MN,75,5,Subsampling,1,2.249439739269146,0,10.889030318497678,13.138470057766824,11.156264806643742,12.013750188132251,25,788,8
MN,75,5,Repeated,1,2.249439739269146,0,10.889030318497678,13.138470057766824,11.156264806643742,12.013750188132251,25,788,8
NC,0,1,HCP++,1,2.314672815386473,0,10.435601127063043,12.750273942449516,10.62135173563291,11.59293753475628,25,788,38
NC,0,1,HCP.sample,0,1.9059623027905914,0,10.64412434953826,12.55008665232885,10.62135173563291,11.59293753475628,25,788,38
NC,0,1,HCP,1,2.2537646510347678,0,10.470223175416171,12.723987826450939,10.62135173563291,11.597105500933555,25,788,38
NC,0,1,Pooling,1,1.9912474819854324,0,10.601481759940839,12.592729241926271,10.62135173563291,11.597105500933555,25,788,38
NC,0,1,Subsampling,1,2.2537646510347678,0,10.470223175416171,12.723987826450939,10.62135173563291,11.597105500933555,25,788,38
NC,0,1,Repeated,1,2.290091006530517,0,10.452059997668297,12.742151004198814,10.62135173563291,11.597105500933555,25,788,38
NC,25,10,HCP++,1,2.3248300137442968,0,9.011617972480902,11.336447986225199,10.596659732783579,10.17403297935305,25,788,38
NC,25,10,HCP.sample,1,1.6275635607082322,0,9.443095298856312,11.070658859564544,10.596659732783579,10.17403297935305,25,788,38
NC,25,10,HCP,1,2.2537646510347678,0,10.299744218119988,12.553508869154756,10.596659732783579,11.426626543637372,25,788,38
NC,25,10,Pooling,1,1.9912474819854324,0,10.431002802644656,12.422250284630088,10.596659732783579,11.426626543637372,25,788,38
NC,25,10,Subsampling,1,2.243684923298453,0,10.304784081988146,12.548469005286599,10.596659732783579,11.426626543637372,25,788,38
NC,25,10,Repeated,1,2.290091006530517,0,10.281581040372114,12.57167204690263,10.596659732783579,11.426626543637372,25,788,38
NC,50,19,HCP++,1,1.3223624876855595,0,9.911460757997244,11.233823245682803,10.596659732783579,10.572642001840023,25,788,38
NC,50,19,HCP.sample,1,1.7039828851977887,0,9.912349895235621,11.61633278043341,10.596659732783579,10.572642001840023,25,788,38
NC,50,19,HCP,1,2.2537646510347678,0,10.055981972917165,12.309746623951932,10.596659732783579,11.182864298434549,25,788,38
NC,50,19,Pooling,1,1.9912474819854324,0,10.187240557441832,12.178488039427265,10.596659732783579,11.182864298434549,25,788,38
NC,50,19,Subsampling,1,2.290091006530517,0,10.03781879516929,12.327909801699807,10.596659732783579,11.182864298434549,25,788,38
NC,50,19,Repeated,1,2.2537646510347678,0,10.055981972917165,12.309746623951932,10.596659732783579,11.182864298434549,25,788,38
NC,75,28,HCP++,1,,1,-inf,inf,10.915106645867503,10.911972889286087,25,788,38
NC,75,28,HCP.sample,1,1.3616500001974572,0,10.463378796610105,11.825028796807562,10.915106645867503,10.911972889286087,25,788,38
NC,75,28,HCP,1,2.2537646510347678,0,10.468999011659957,12.722763662694724,10.915106645867503,11.59588133717734,25,788,38
NC,75,28,Pooling,1,1.9912474819854324,0,10.600257596184624,12.591505078170057,10.915106645867503,11.59588133717734,25,788,38
NC,75,28,Subsampling,1,1.8615190107956963,0,10.665121831779492,12.526640842575189,10.915106645867503,11.59588133717734,25,788,38
NC,75,28,Repeated,1,2.2537646510347678,0,10.468999011659957,12.722763662694724,10.915106645867503,11.59588133717734,25,788,38
NE,0,1,HCP++,1,2.274497067485207,0,10.452326828416895,12.726823895902102,10.62135173563291,11.589575362159499,25,788,6
NE,0,1,HCP.sample,1,2.4916480210187366,0,10.351281490424187,12.842929511442923,10.62135173563291,11.589575362159499,25,788,6
NE,0,1,HCP,1,2.2537646510347678,0,10.470223175416171,12.723987826450939,10.62135173563291,11.597105500933555,25,788,6
NE,0,1,Pooling,1,1.9912474819854324,0,10.601481759940839,12.592729241926271,10.62135173563291,11.597105500933555,25,788,6
NE,0,1,Subsampling,1,2.249439739269146,0,10.472385631298982,12.721825370568128,10.62135173563291,11.597105500933555,25,788,6
NE,0,1,Repeated,1,2.2537646510347678,0,10.470223175416171,12.723987826450939,10.62135173563291,11.597105500933555,25,788,6
NE,25,2,HCP++,1,2.139500731191756,0,10.629051835958922,12.768552567150678,12.100717685412471,11.6988022015548,25,788,6
NE,25,2,HCP.sample,1,1.9552379192783285,0,10.729739257402684,12.684977176681013,12.100717685412471,11.6988022015548,25,788,6
NE,25,2,HCP,1,2.2537646510347678,0,10.581832767646278,12.835597418681045,12.100717685412471,11.708715093163661,25,788,6
NE,25,2,Pooling,1,1.9912474819854324,0,10.713091352170945,12.704338834156378,12.100717685412471,11.708715093163661,25,788,6
NE,25,2,Subsampling,1,2.4916480210187366,0,10.462891082654293,12.95453910367303,12.100717685412471,11.708715093163661,25,788,6
NE,25,2,Repeated,1,2.2537646510347678,0,10.581832767646278,12.835597418681045,12.100717685412471,11.708715093163661,25,788,6
NE,50,3,HCP++,1,4.373104599964318,0,8.367267932594249,12.740372532558567,11.225256725762893,10.553820232576408,25,788,6
NE,50,3,HCP.sample,1,2.3990374260232485,0,9.352217144594794,11.751254570618043,11.225256725762893,10.553820232576408,25,788,6
NE,50,3,HCP,1,2.2537646510347678,0,10.393780720868627,12.647545371903394,11.225256725762893,11.52066304638601,25,788,6
NE,50,3,Pooling,1,1.9912474819854324,0,10.525039305393294,12.516286787378727,11.225256725762893,11.52066304638601,25,788,6
NE,50,3,Subsampling,1,2.290091006530517,0,10.375617543120752,12.665708549651269,11.225256725762893,11.52066304638601,25,788,6
NE,50,3,Repeated,1,2.2537646510347678,0,10.393780720868627,12.647545371903394,11.225256725762893,11.52066304638601,25,788,6
NE,75,4,HCP++,1,1.7351883275042823,0,10.02488461074593,11.760072938250213,10.596659732783579,10.892478774498072,25,788,6
NE,75,4,HCP.sample,0,2.2821086321183977,0,11.105419801673603,13.387528433792001,10.596659732783579,10.892478774498072,25,788,6
NE,75,4,HCP,0,2.2537646510347678,0,10.712102170487801,12.96586682152257,10.596659732783579,11.838984496005185,25,788,6
NE,75,4,Pooling,0,1.9912474819854324,0,10.843360755012469,12.834608236997902,10.596659732783579,11.838984496005185,25,788,6
NE,75,4,Subsampling,0,2.243684923298453,0,10.717142034355959,12.960826957654412,10.596659732783579,11.838984496005185,25,788,6
NE,75,4,Repeated,1,2.4916480210187366,0,10.593160485495817,13.084808506514554,10.596659732783579,11.838984496005185,25,788,6
NV,0,1,HCP++,1,2.2983860084896754,0,10.4478059462997,12.746191954789376,10.62135173563291,11.596998950544538,25,788,9
NV,0,1,HCP.sample,1,2.249439739269146,0,10.472385631298982,12.721825370568128,10.62135173563291,11.596998950544538,25,788,9
NV,0,1,HCP,1,2.2537646510347678,0,10.470223175416171,12.723987826450939,10.62135173563291,11.597105500933555,25,788,9
NV,0,1,Pooling,1,1.9912474819854324,0,10.601481759940839,12.592729241926271,10.62135173563291,11.597105500933555,25,788,9
NV,0,1,Subsampling,0,1.9138534555028421,0,10.640178773182134,12.554032228684976,10.62135173563291,11.597105500933555,25,788,9
NV,0,1,Repeated,1,2.2537646510347678,0,10.470223175416171,12.723987826450939,10.62135173563291,11.597105500933555,25,788,9
NV,25,2,HCP++,1,2.2672457787454228,0,10.585375049888656,12.852620828634079,12.100717685412471,11.718997939261367,25,788,9
NV,25,2,HCP.sample,1,2.143738163982082,0,10.635489135050808,12.77922729903289,12.100717685412471,11.718997939261367,25,788,9
NV,25,2,HCP,1,2.2537646510347678,0,10.581832767646278,12.835597418681045,12.100717685412471,11.708715093163661,25,788,9
NV,25,2,Pooling,1,1.9912474819854324,0,10.713091352170945,12.704338834156378,12.100717685412471,11.708715093163661,25,788,9
NV,25,2,Subsampling,1,2.243684923298453,0,10.586872631514435,12.830557554812888,12.100717685412471,11.708715093163661,25,788,9
NV,25,2,Repeated,1,2.243684923298453,0,10.586872631514435,12.830557554812888,12.100717685412471,11.708715093163661,25,788,9
NV,50,4,HCP++,1,3.70235583898247,0,8.97074002515758,12.67309586414005,10.596659732783579,10.821917944648815,25,788,9
NV,50,4,HCP.sample,0,1.763636974302809,0,10.649110544753071,12.41274751905588,10.596659732783579,10.821917944648815,25,788,9
NV,50,4,HCP,0,2.2537646510347678,0,10.712102170487801,12.96586682152257,10.596659732783579,11.838984496005185,25,788,9
NV,50,4,Pooling,0,1.9912474819854324,0,10.843360755012469,12.834608236997902,10.596659732783579,11.838984496005185,25,788,9
NV,50,4,Subsampling,1,2.4916480210187366,0,10.593160485495817,13.084808506514554,10.596659732783579,11.838984496005185,25,788,9
NV,50,4,Repeated,0,2.290091006530517,0,10.693938992739927,12.984029999270444,10.596659732783579,11.838984496005185,25,788,9
NV,75,6,HCP++,1,2.922268362651934,0,9.567381291819569,12.489649654471503,11.002116507732017,11.028515473145536,25,788,9
NV,75,6,HCP.sample,1,2.2753100622111475,0,9.64048218794485,11.915792250155997,11.002116507732017,11.028515473145536,25,788,9
NV,75,6,HCP,1,2.2537646510347678,0,10.198375918786024,12.452140569820791,11.002116507732017,11.325258244303408,25,788,9
NV,75,6,Pooling,1,1.9912474819854324,0,10.329634503310691,12.320881985296124,11.002116507732017,11.325258244303408,25,788,9
NV,75,6,Subsampling,1,1.8615190107956963,0,10.39449873890556,12.256017749701256,11.002116507732017,11.325258244303408,25,788,9
NV,75,6,Repeated,1,2.2537646510347678,0,10.198375918786024,12.452140569820791,11.002116507732017,11.325258244303408,25,788,9
PA,0,1,HCP++,1,2.075886296966626,0,10.5597566636638,12.635642960630426,10.62135173563291,11.597699812147113,25,788,28
PA,0,1,HCP.sample,1,2.249439739269146,0,10.472385631298982,12.721825370568128,10.62135173563291,11.597699812147113,25,788,28
PA,0,1,HCP,1,2.2537646510347678,0,10.470223175416171,12.723987826450939,10.62135173563291,11.597105500933555,25,788,28
PA,0,1,Pooling,1,1.9912474819854324,0,10.601481759940839,12.592729241926271,10.62135173563291,11.597105500933555,25,788,28
PA,0,1,Subsampling,1,2.249439739269146,0,10.472385631298982,12.721825370568128,10.62135173563291,11.597105500933555,25,788,28
PA,0,1,Repeated,1,2.290091006530517,0,10.452059997668297,12.742151004198814,10.62135173563291,11.597105500933555,25,788,28
PA,25,7,HCP++,1,1.7525902969184095,0,10.47613270415874,12.22872300107715,10.819798284210286,11.352427852617945,25,788,28
PA,25,7,HCP.sample,1,1.2219867352293576,0,10.467678994791743,11.689665730021101,10.819798284210286,11.352427852617945,25,788,28
PA,25,7,HCP,1,2.2537646510347678,0,10.48777139149738,12.741536042532148,10.819798284210286,11.614653717014765,25,788,28
PA,25,7,Pooling,1,1.9912474819854324,0,10.619029976022048,12.61027745800748,10.819798284210286,11.614653717014765,25,788,28
PA,25,7,Subsampling,1,2.7909171180250922,0,10.219195158002218,13.01011227602731,10.819798284210286,11.614653717014765,25,788,28
PA,25,7,Repeated,1,2.2537646510347678,0,10.48777139149738,12.741536042532148,10.819798284210286,11.614653717014765,25,788,28
PA,50,14,HCP++,1,1.8738509926098885,0,10.194895148564218,12.068746141174106,11.082157933374816,11.131820644869162,25,788,28
PA,50,14,HCP.sample,1,1.7347926925839623,0,10.26900731684243,12.003800009426392,11.082157933374816,11.131820644869162,25,788,28
PA,50,14,HCP,1,2.2537646510347678,0,10.356761017489092,12.61052566852386,11.082157933374816,11.483643343006475,25,788,28
PA,50,14,Pooling,1,1.9912474819854324,0,10.48801960201376,12.479267083999192,11.082157933374816,11.483643343006475,25,788,28
PA,50,14,Subsampling,1,2.243684923298453,0,10.361800881357249,12.605485804655702,11.082157933374816,11.483643343006475,25,788,28
PA,50,14,Repeated,1,2.2537646510347678,0,10.356761017489092,12.61052566852386,11.082157933374816,11.483643343006475,25,788,28
PA,75,20,HCP++,1,2.378920561377683,0,9.843298546873726,12.222219108251409,11.141876276228,11.032758827562567,25,788,28
PA,75,20,HCP.sample,1,1.2348327627579074,0,10.65778095072644,11.892613713484348,11.141876276228,11.032758827562567,25,788,28
PA,75,20,HCP,1,2.2537646510347678,0,10.497425954932908,12.751190605967675,11.141876276228,11.624308280450292,25,788,28
PA,75,20,Pooling,1,1.9912474819854324,0,10.628684539457575,12.619932021443008,11.141876276228,11.624308280450292,25,788,28
PA,75,20,Subsampling,1,2.4916480210187366,0,10.378484269940923,12.87013229095966,11.141876276228,11.624308280450292,25,788,28
PA,75,20,Repeated,1,2.2537646510347678,0,10.497425954932908,12.751190605967675,11.141876276228,11.624308280450292,25,788,28
SC,0,1,HCP++,1,2.2940852773356077,0,10.445806413275513,12.73989169061112,10.62135173563291,11.592849051943316,25,788,8
SC,0,1,HCP.sample,1,2.249439739269146,0,10.472385631298982,12.721825370568128,10.62135173563291,11.592849051943316,25,788,8
SC,0,1,HCP,1,2.2537646510347678,0,10.470223175416171,12.723987826450939,10.62135173563291,11.597105500933555,25,788,8
SC,0,1,Pooling,1,1.9912474819854324,0,10.601481759940839,12.592729241926271,10.62135173563291,11.597105500933555,25,788,8
SC,0,1,Subsampling,1,2.2537646510347678,0,10.470223175416171,12.723987826450939,10.62135173563291,11.597105500933555,25,788,8
SC,0,1,Repeated,1,2.2537646510347678,0,10.470223175416171,12.723987826450939,10.62135173563291,11.597105500933555,25,788,8
SC,25,2,HCP++,1,2.2983860084896754,0,10.560268419783405,12.85865442827308,12.100717685412471,11.709461424028243,25,788,8
SC,25,2,HCP.sample,1,1.9552379192783285,0,10.729739257402684,12.684977176681013,12.100717685412471,11.709461424028243,25,788,8
SC,25,2,HCP,1,2.2537646510347678,0,10.581832767646278,12.835597418681045,12.100717685412471,11.708715093163661,25,788,8
SC,25,2,Pooling,1,1.9912474819854324,0,10.713091352170945,12.704338834156378,12.100717685412471,11.708715093163661,25,788,8
SC,25,2,Subsampling,1,1.8924580888063147,0,10.762486048760504,12.654944137566819,12.100717685412471,11.708715093163661,25,788,8
SC,25,2,Repeated,1,2.2537646510347678,0,10.581832767646278,12.835597418681045,12.100717685412471,11.708715093163661,25,788,8
SC,50,4,HCP++,1,3.235242475309523,0,9.246870666242579,12.482113141552102,10.596659732783579,10.86449190389734,25,788,8
SC,50,4,HCP.sample,1,2.778131907969602,0,9.4683422097632,12.246474117732802,10.596659732783579,10.86449190389734,25,788,8
SC,50,4,HCP,0,2.2537646510347678,0,10.712102170487801,12.96586682152257,10.596659732783579,11.838984496005185,25,788,8
SC,50,4,Pooling,0,1.9912474819854324,0,10.843360755012469,12.834608236997902,10.596659732783579,11.838984496005185,25,788,8
SC,50,4,Subsampling,0,2.243684923298453,0,10.717142034355959,12.960826957654412,10.596659732783579,11.838984496005185,25,788,8
SC,50,4,Repeated,0,2.290091006530517,0,10.693938992739927,12.984029999270444,10.596659732783579,11.838984496005185,25,788,8
SC,75,5,HCP++,1,2.115470801015775,0,10.598371287871068,12.713842088886842,11.156264806643742,11.656106688378955,25,788,8
SC,75,5,HCP.sample,1,1.4252123309586153,0,10.491718813258164,11.916931144216779,11.156264806643742,11.656106688378955,25,788,8
SC,75,5,HCP,1,2.2537646510347678,0,10.886867862614867,13.140632513649635,11.156264806643742,12.013750188132251,25,788,8
SC,75,5,Pooling,1,1.9912474819854324,0,11.018126447139535,13.009373929124967,11.156264806643742,12.013750188132251,25,788,8
SC,75,5,Subsampling,1,1.9059623027905914,0,11.060769036736955,12.966731339527547,11.156264806643742,12.013750188132251,25,788,8
SC,75,5,Repeated,1,2.2537646510347678,0,10.886867862614867,13.140632513649635,11.156264806643742,12.013750188132251,25,788,8
TN,0,1,HCP++,1,2.2919650342463314,0,10.45160631013218,12.74357134437851,10.62135173563291,11.597588827255345,25,788,20
TN,0,1,HCP.sample,0,1.9059623027905914,0,10.64412434953826,12.55008665232885,10.62135173563291,11.597588827255345,25,788,20
TN,0,1,HCP,1,2.2537646510347678,0,10.470223175416171,12.723987826450939,10.62135173563291,11.597105500933555,25,788,20
TN,0,1,Pooling,1,1.9912474819854324,0,10.601481759940839,12.592729241926271,10.62135173563291,11.597105500933555,25,788,20
TN,0,1,Subsampling,1,2.243684923298453,0,10.475263039284329,12.718947962582781,10.62135173563291,11.597105500933555,25,788,20
TN,0,1,Repeated,1,2.2537646510347678,0,10.470223175416171,12.723987826450939,10.62135173563291,11.597105500933555,25,788,20
TN,25,5,HCP++,1,1.483919300100922,0,10.943999961130142,12.427919261231064,11.156264806643742,11.685959611180603,25,788,20
TN,25,5,HCP.sample,1,1.64635031132498,0,10.381149823074981,12.027500134399961,11.156264806643742,11.685959611180603,25,788,20
TN,25,5,HCP,1,2.2537646510347678,0,10.886867862614867,13.140632513649635,11.156264806643742,12.013750188132251,25,788,20
TN,25,5,Pooling,1,1.9912474819854324,0,11.018126447139535,13.009373929124967,11.156264806643742,12.013750188132251,25,788,20
TN,25,5,Subsampling,1,2.0985632228377433,0,10.96446857671338,13.063031799551123,11.156264806643742,12.013750188132251,25,788,20
TN,25,5,Repeated,1,2.249439739269146,0,10.889030318497678,13.138470057766824,11.156264806643742,12.013750188132251,25,788,20
TN,50,10,HCP++,1,1.9316974796989577,0,9.241565397599235,11.173262877298193,10.596659732783579,10.207414137448714,25,788,20
TN,50,10,HCP.sample,1,1.3129964393995266,0,9.748198156310409,11.061194595709935,10.596659732783579,10.207414137448714,25,788,20
TN,50,10,HCP,1,2.2537646510347678,0,10.299744218119988,12.553508869154756,10.596659732783579,11.426626543637372,25,788,20
TN,50,10,Pooling,1,1.9912474819854324,0,10.431002802644656,12.422250284630088,10.596659732783579,11.426626543637372,25,788,20
TN,50,10,Subsampling,1,1.9059623027905914,0,10.473645392242076,12.379607695032668,10.596659732783579,11.426626543637372,25,788,20
TN,50,10,Repeated,1,2.2537646510347678,0,10.299744218119988,12.553508869154756,10.596659732783579,11.426626543637372,25,788,20
TN,75,14,HCP++,1,1.8738509926098885,0,10.194895148564218,12.068746141174106,11.082157933374816,11.131820644869162,25,788,20
TN,75,14,HCP.sample,1,1.5327316638347632,0,10.25158677068226,11.784318434517024,11.082157933374816,11.131820644869162,25,788,20
TN,75,14,HCP,1,2.2537646510347678,0,10.356761017489092,12.61052566852386,11.082157933374816,11.483643343006475,25,788,20
TN,75,14,Pooling,1,1.9912474819854324,0,10.48801960201376,12.479267083999192,11.082157933374816,11.483643343006475,25,788,20
TN,75,14,Subsampling,1,2.4916480210187366,0,10.237819332497107,12.729467353515844,11.082157933374816,11.483643343006475,25,788,20
TN,75,14,Repeated,1,2.290091006530517,0,10.338597839741217,12.628688846271734,11.082157933374816,11.483643343006475,25,788,20
WA,0,1,HCP++,1,2.290362246661079,0,10.444853529229636,12.735215775890715,10.62135173563291,11.590034652560176,25,788,38
WA,0,1,HCP.sample,0,1.8924580888063147,0,10.650876456530398,12.543334545336712,10.62135173563291,11.590034652560176,25,788,38
WA,0,1,HCP,1,2.2537646510347678,0,10.470223175416171,12.723987826450939,10.62135173563291,11.597105500933555,25,788,38
WA,0,1,Pooling,1,1.9912474819854324,0,10.601481759940839,12.592729241926271,10.62135173563291,11.597105500933555,25,788,38
WA,0,1,Subsampling,1,2.249439739269146,0,10.472385631298982,12.721825370568128,10.62135173563291,11.597105500933555,25,788,38
WA,0,1,Repeated,1,2.2537646510347678,0,10.470223175416171,12.723987826450939,10.62135173563291,11.597105500933555,25,788,38
WA,25,10,HCP++,1,2.0863401227476714,0,9.240145515096337,11.326485637844009,10.596659732783579,10.283315576470173,25,788,38
WA,25,10,HCP.sample,1,1.3448957229173644,0,9.516073136270185,10.86096885918755,10.596659732783579,10.283315576470173,25,788,38
WA,25,10,HCP,1,2.2537646510347678,0,10.299744218119988,12.553508869154756,10.596659732783579,11.426626543637372,25,788,38
WA,25,10,Pooling,1,1.9912474819854324,0,10.431002802644656,12.422250284630088,10.596659732783579,11.426626543637372,25,788,38
WA,25,10,Subsampling,1,2.0985632228377433,0,10.3773449322185,12.475908155056244,10.596659732783579,11.426626543637372,25,788,38
WA,25,10,Repeated,1,2.2537646510347678,0,10.299744218119988,12.553508869154756,10.596659732783579,11.426626543637372,25,788,38
WA,50,19,HCP++,1,1.3223624876855595,0,9.911460757997244,11.233823245682803,10.596659732783579,10.572642001840023,25,788,38
WA,50,19,HCP.sample,1,1.3474034893383404,0,10.118098769480648,11.465502258818988,10.596659732783579,10.572642001840023,25,788,38
WA,50,19,HCP,1,2.2537646510347678,0,10.055981972917165,12.309746623951932,10.596659732783579,11.182864298434549,25,788,38
WA,50,19,Pooling,1,1.9912474819854324,0,10.187240557441832,12.178488039427265,10.596659732783579,11.182864298434549,25,788,38
WA,50,19,Subsampling,1,2.4916480210187366,0,9.93704028792518,12.428688308943917,10.596659732783579,11.182864298434549,25,788,38
WA,50,19,Repeated,1,2.2537646510347678,0,10.055981972917165,12.309746623951932,10.596659732783579,11.182864298434549,25,788,38
WA,75,28,HCP++,1,3.167061543301987,0,9.409116059471792,12.576177602773779,10.915106645867503,10.992646831122785,25,788,38
WA,75,28,HCP.sample,1,1.3622632294416626,0,10.47575160077142,11.838014830213083,10.915106645867503,10.992646831122785,25,788,38
WA,75,28,HCP,1,2.2537646510347678,0,10.468999011659957,12.722763662694724,10.915106645867503,11.59588133717734,25,788,38
WA,75,28,Pooling,1,1.9912474819854324,0,10.600257596184624,12.591505078170057,10.915106645867503,11.59588133717734,25,788,38
WA,75,28,Subsampling,1,2.243684923298453,0,10.474038875528114,12.717723798826567,10.915106645867503,11.59588133717734,25,788,38
WA,75,28,Repeated,1,2.2537646510347678,0,10.468999011659957,12.722763662694724,10.915106645867503,11.59588133717734,25,788,38
