method,o,alpha,nominal_coverage,width_mean,width_se,width_std,width_median,width_q25,width_q75,width_min,width_max,width_n_total,width_n_finite,width_n_infinite,width_finite_rate,width_infinite_rate
D-HCP,0,0.05,0.95,,,,,,,,,1000.0,0.0,1000.0,0.0,1.0
D-HCP,5,0.05,0.95,,,,,,,,,1000.0,0.0,1000.0,0.0,1.0
D-HCP,10,0.05,0.95,,,,,,,,,1000.0,0.0,1000.0,0.0,1.0
D-HCP,15,0.05,0.95,669589.0967878494,14767.869472438262,388201.1957860086,592374.1348164778,367254.41938839154,885256.7350458426,102312.8521387708,2181624.6802251814,1000.0,691.0,309.0,0.691,0.309
D-HCP,20,0.05,0.95,354315.39375506365,6630.842702624038,209685.65746598516,305251.2324430519,203403.22297361604,456549.4804879577,61904.766717927174,1640949.423939937,1000.0,1000.0,0.0,1.0,0.0
HCP,0,0.05,0.95,,,,,,,,,1000.0,0.0,1000.0,0.0,1.0
HCP,5,0.05,0.95,,,,,,,,,0.0,0.0,0.0,,
HCP,10,0.05,0.95,,,,,,,,,0.0,0.0,0.0,,
HCP,15,0.05,0.95,,,,,,,,,0.0,0.0,0.0,,
HCP,20,0.05,0.95,,,,,,,,,0.0,0.0,0.0,,
Pooled-Income-Quantile,0,0.05,0.95,238000.0,0.0,0.0,238000.0,238000.0,238000.0,238000.0,238000.0,1000.0,1000.0,0.0,1.0,0.0
Pooled-Income-Quantile,5,0.05,0.95,238000.0,0.0,0.0,238000.0,238000.0,238000.0,238000.0,238000.0,1000.0,1000.0,0.0,1.0,0.0
Pooled-Income-Quantile,10,0.05,0.95,238000.0,0.0,0.0,238000.0,238000.0,238000.0,238000.0,238000.0,1000.0,1000.0,0.0,1.0,0.0
Pooled-Income-Quantile,15,0.05,0.95,238000.0,0.0,0.0,238000.0,238000.0,238000.0,238000.0,238000.0,1000.0,1000.0,0.0,1.0,0.0
Pooled-Income-Quantile,20,0.05,0.95,238000.0,0.0,0.0,238000.0,238000.0,238000.0,238000.0,238000.0,1000.0,1000.0,0.0,1.0,0.0
Pooling,0,0.05,0.95,303047.1566443508,4534.7210976800325,143400.472222878,298746.12778893777,182646.69129256636,406720.8529046032,31037.95535436627,787699.328934337,1000.0,1000.0,0.0,1.0,0.0
Pooling,5,0.05,0.95,,,,,,,,,0.0,0.0,0.0,,
Pooling,10,0.05,0.95,,,,,,,,,0.0,0.0,0.0,,
Pooling,15,0.05,0.95,,,,,,,,,0.0,0.0,0.0,,
Pooling,20,0.05,0.95,,,,,,,,,0.0,0.0,0.0,,
Repeated,0,0.05,0.95,,,,,,,,,1000.0,0.0,1000.0,0.0,1.0
Repeated,5,0.05,0.95,,,,,,,,,0.0,0.0,0.0,,
Repeated,10,0.05,0.95,,,,,,,,,0.0,0.0,0.0,,
Repeated,15,0.05,0.95,,,,,,,,,0.0,0.0,0.0,,
Repeated,20,0.05,0.95,,,,,,,,,0.0,0.0,0.0,,
S-HCP,0,0.05,0.95,,,,,,,,,1000.0,0.0,1000.0,0.0,1.0
S-HCP,5,0.05,0.95,,,,,,,,,1000.0,0.0,1000.0,0.0,1.0
S-HCP,10,0.05,0.95,,,,,,,,,1000.0,0.0,1000.0,0.0,1.0
S-HCP,15,0.05,0.95,,,,,,,,,1000.0,0.0,1000.0,0.0,1.0
S-HCP,20,0.05,0.95,,,,,,,,,1000.0,0.0,1000.0,0.0,1.0
Std-CP,0,0.05,0.95,,,,,,,,,1000.0,0.0,1000.0,0.0,1.0
Std-CP,5,0.05,0.95,206019.61600041582,6324.462542740801,199997.0661148094,143962.1087971392,84791.07832323166,245402.99667006588,8237.767322928787,1932429.3861427037,1000.0,1000.0,0.0,1.0,0.0
Std-CP,10,0.05,0.95,321544.9190705471,9149.172477473025,289322.2373454033,221753.96208609408,135849.2318909185,455504.8198699523,21098.185555605072,1985870.828916534,1000.0,1000.0,0.0,1.0,0.0
Std-CP,15,0.05,0.95,399281.6352490529,11187.228946604067,353771.2417703507,274506.6740266282,156609.3815522043,551871.983943609,22519.361634632653,2284046.753664218,1000.0,1000.0,0.0,1.0,0.0
Std-CP,20,0.05,0.95,444544.9627015302,11596.57315016556,366715.84207276994,300113.7322790817,188144.07612585012,572737.7147929987,35043.02723314635,2085537.4191441,1000.0,1000.0,0.0,1.0,0.0
Subsampling,0,0.05,0.95,,,,,,,,,1000.0,0.0,1000.0,0.0,1.0
Subsampling,5,0.05,0.95,,,,,,,,,0.0,0.0,0.0,,
Subsampling,10,0.05,0.95,,,,,,,,,0.0,0.0,0.0,,
Subsampling,15,0.05,0.95,,,,,,,,,0.0,0.0,0.0,,
Subsampling,20,0.05,0.95,,,,,,,,,0.0,0.0,0.0,,
D-HCP,0,0.075,0.925,,,,,,,,,1000.0,0.0,1000.0,0.0,1.0
D-HCP,5,0.075,0.925,,,,,,,,,1000.0,0.0,1000.0,0.0,1.0
D-HCP,10,0.075,0.925,654929.9492029402,12838.68352985854,375408.02407085156,583774.3955360032,369868.0953893334,865591.3318593177,99557.48859380573,2590223.140094505,1000.0,855.0,145.0,0.855,0.145
D-HCP,15,0.075,0.925,349358.95326179307,5858.514318002406,185262.48949595596,319866.9132897327,206355.93311817112,450373.89080874523,65558.8598926415,1237093.5607778905,1000.0,1000.0,0.0,1.0,0.0
D-HCP,20,0.075,0.925,256010.16259126065,4111.0771022938125,130003.67279813478,232507.41128355882,154956.01195386698,337503.98406148946,55800.93838438326,862338.692783395,1000.0,1000.0,0.0,1.0,0.0
HCP,0,0.075,0.925,,,,,,,,,1000.0,0.0,1000.0,0.0,1.0
HCP,5,0.075,0.925,,,,,,,,,0.0,0.0,0.0,,
HCP,10,0.075,0.925,,,,,,,,,0.0,0.0,0.0,,
HCP,15,0.075,0.925,,,,,,,,,0.0,0.0,0.0,,
HCP,20,0.075,0.925,,,,,,,,,0.0,0.0,0.0,,
Pooled-Income-Quantile,0,0.075,0.925,198000.0,0.0,0.0,198000.0,198000.0,198000.0,198000.0,198000.0,1000.0,1000.0,0.0,1.0,0.0
Pooled-Income-Quantile,5,0.075,0.925,198000.0,0.0,0.0,198000.0,198000.0,198000.0,198000.0,198000.0,1000.0,1000.0,0.0,1.0,0.0
Pooled-Income-Quantile,10,0.075,0.925,198000.0,0.0,0.0,198000.0,198000.0,198000.0,198000.0,198000.0,1000.0,1000.0,0.0,1.0,0.0
Pooled-Income-Quantile,15,0.075,0.925,198000.0,0.0,0.0,198000.0,198000.0,198000.0,198000.0,198000.0,1000.0,1000.0,0.0,1.0,0.0
Pooled-Income-Quantile,20,0.075,0.925,198000.0,0.0,0.0,198000.0,198000.0,198000.0,198000.0,198000.0,1000.0,1000.0,0.0,1.0,0.0
Pooling,0,0.075,0.925,249540.2342870646,3739.371315871634,118249.30375255305,244450.9002524153,152005.7185393344,336769.5563197858,23113.32679801838,647720.0682481619,1000.0,1000.0,0.0,1.0,0.0
Pooling,5,0.075,0.925,,,,,,,,,0.0,0.0,0.0,,
Pooling,10,0.075,0.925,,,,,,,,,0.0,0.0,0.0,,
Pooling,15,0.075,0.925,,,,,,,,,0.0,0.0,0.0,,
Pooling,20,0.075,0.925,,,,,,,,,0.0,0.0,0.0,,
Repeated,0,0.075,0.925,,,,,,,,,1000.0,0.0,1000.0,0.0,1.0
Repeated,5,0.075,0.925,,,,,,,,,0.0,0.0,0.0,,
Repeated,10,0.075,0.925,,,,,,,,,0.0,0.0,0.0,,
Repeated,15,0.075,0.925,,,,,,,,,0.0,0.0,0.0,,
Repeated,20,0.075,0.925,,,,,,,,,0.0,0.0,0.0,,
S-HCP,0,0.075,0.925,,,,,,,,,1000.0,0.0,1000.0,0.0,1.0
S-HCP,5,0.075,0.925,,,,,,,,,1000.0,0.0,1000.0,0.0,1.0
S-HCP,10,0.075,0.925,,,,,,,,,1000.0,0.0,1000.0,0.0,1.0
S-HCP,15,0.075,0.925,,,,,,,,,1000.0,0.0,1000.0,0.0,1.0
S-HCP,20,0.075,0.925,,,,,,,,,1000.0,0.0,1000.0,0.0,1.0
Std-CP,0,0.075,0.925,,,,,,,,,1000.0,0.0,1000.0,0.0,1.0
Std-CP,5,0.075,0.925,206019.61600041582,6324.462542740801,199997.0661148094,143962.1087971392,84791.07832323166,245402.99667006588,8237.767322928787,1932429.3861427037,1000.0,1000.0,0.0,1.0,0.0
Std-CP,10,0.075,0.925,321544.9190705471,9149.172477473025,289322.2373454033,221753.96208609408,135849.2318909185,455504.8198699523,21098.185555605072,1985870.828916534,1000.0,1000.0,0.0,1.0,0.0
Std-CP,15,0.075,0.925,243218.82068951154,5701.592766298803,180300.19432244336,180639.46166030972,119896.31321265988,301956.45073976746,21837.68833136584,1271773.7073021624,1000.0,1000.0,0.0,1.0,0.0
Std-CP,20,0.075,0.925,289892.2158307926,6831.453033941014,216029.51315721165,203766.77331818658,140355.7928954216,420152.8174142102,33672.08131466054,1320379.104293167,1000.0,1000.0,0.0,1.0,0.0
Subsampling,0,0.075,0.925,,,,,,,,,1000.0,0.0,1000.0,0.0,1.0
Subsampling,5,0.075,0.925,,,,,,,,,0.0,0.0,0.0,,
Subsampling,10,0.075,0.925,,,,,,,,,0.0,0.0,0.0,,
Subsampling,15,0.075,0.925,,,,,,,,,0.0,0.0,0.0,,
Subsampling,20,0.075,0.925,,,,,,,,,0.0,0.0,0.0,,
D-HCP,0,0.1,0.9,538535.7404151673,14385.925682760346,269136.025482406,529497.8422633561,335484.14880239556,726275.5541872234,40821.58636076184,1431423.902881403,1000.0,350.0,650.0,0.35,0.65
D-HCP,5,0.1,0.9,430712.1769628351,7191.74750491145,227423.0247235316,389555.631330066,260808.99941723963,556692.424187801,48802.54533064045,1430575.4623438092,1000.0,1000.0,0.0,1.0,0.0
D-HCP,10,0.1,0.9,324985.52871155285,5361.3408715949645,169540.48466792423,298057.89218787523,196792.59033763842,410634.48880036804,57125.81796672642,1485098.6857490018,1000.0,1000.0,0.0,1.0,0.0
D-HCP,15,0.1,0.9,254149.8363211549,3992.10266119885,126241.3706260786,233887.94135152345,157223.28222712118,331044.51182319585,48273.94367314291,762491.5189104314,1000.0,1000.0,0.0,1.0,0.0
D-HCP,20,0.1,0.9,213601.83730069024,3242.5534864732526,102538.54452175458,200400.88047613658,134033.44002077467,277958.5278180082,48714.42221101231,639535.157454952,1000.0,1000.0,0.0,1.0,0.0
HCP,0,0.1,0.9,505720.1260889543,7895.402757583941,249674.55758339513,491994.76881921856,307261.34692996705,680601.0478263635,40873.20562686245,1470645.2537001092,1000.0,1000.0,0.0,1.0,0.0
HCP,5,0.1,0.9,,,,,,,,,0.0,0.0,0.0,,
HCP,10,0.1,0.9,,,,,,,,,0.0,0.0,0.0,,
HCP,15,0.1,0.9,,,,,,,,,0.0,0.0,0.0,,
HCP,20,0.1,0.9,,,,,,,,,0.0,0.0,0.0,,
Pooled-Income-Quantile,0,0.1,0.9,176965.0,0.0,0.0,176965.0,176965.0,176965.0,176965.0,176965.0,1000.0,1000.0,0.0,1.0,0.0
Pooled-Income-Quantile,5,0.1,0.9,176965.0,0.0,0.0,176965.0,176965.0,176965.0,176965.0,176965.0,1000.0,1000.0,0.0,1.0,0.0
Pooled-Income-Quantile,10,0.1,0.9,176965.0,0.0,0.0,176965.0,176965.0,176965.0,176965.0,176965.0,1000.0,1000.0,0.0,1.0,0.0
Pooled-Income-Quantile,15,0.1,0.9,176965.0,0.0,0.0,176965.0,176965.0,176965.0,176965.0,176965.0,1000.0,1000.0,0.0,1.0,0.0
Pooled-Income-Quantile,20,0.1,0.9,176965.0,0.0,0.0,176965.0,176965.0,176965.0,176965.0,176965.0,1000.0,1000.0,0.0,1.0,0.0
Pooling,0,0.1,0.9,217348.88173850643,3232.428594948134,102218.36733893947,214466.83621458983,132919.90812056078,293292.72955199704,21476.640282685912,560661.3259771112,1000.0,1000.0,0.0,1.0,0.0
Pooling,5,0.1,0.9,,,,,,,,,0.0,0.0,0.0,,
Pooling,10,0.1,0.9,,,,,,,,,0.0,0.0,0.0,,
Pooling,15,0.1,0.9,,,,,,,,,0.0,0.0,0.0,,
Pooling,20,0.1,0.9,,,,,,,,,0.0,0.0,0.0,,
Repeated,0,0.1,0.9,275852.57575191295,4152.506208202774,131313.77615910137,270556.62080792966,169705.2702569743,368664.4191319803,25051.55523576164,740937.002773862,1000.0,1000.0,0.0,1.0,0.0
Repeated,5,0.1,0.9,,,,,,,,,0.0,0.0,0.0,,
Repeated,10,0.1,0.9,,,,,,,,,0.0,0.0,0.0,,
Repeated,15,0.1,0.9,,,,,,,,,0.0,0.0,0.0,,
Repeated,20,0.1,0.9,,,,,,,,,0.0,0.0,0.0,,
S-HCP,0,0.1,0.9,292304.1141668816,6796.829639549268,214934.62529116948,235530.0948143531,144770.5286905618,387889.0780196377,19246.43948893013,1743406.1923262067,1000.0,1000.0,0.0,1.0,0.0
S-HCP,5,0.1,0.9,,,,,,,,,1000.0,0.0,1000.0,0.0,1.0
S-HCP,10,0.1,0.9,,,,,,,,,1000.0,0.0,1000.0,0.0,1.0
S-HCP,15,0.1,0.9,,,,,,,,,1000.0,0.0,1000.0,0.0,1.0
S-HCP,20,0.1,0.9,,,,,,,,,1000.0,0.0,1000.0,0.0,1.0
Std-CP,0,0.1,0.9,,,,,,,,,1000.0,0.0,1000.0,0.0,1.0
Std-CP,5,0.1,0.9,206019.61600041582,6324.462542740801,199997.0661148094,143962.1087971392,84791.07832323166,245402.99667006588,8237.767322928787,1932429.3861427037,1000.0,1000.0,0.0,1.0,0.0
Std-CP,10,0.1,0.9,321544.9190705471,9149.172477473025,289322.2373454033,221753.96208609408,135849.2318909185,455504.8198699523,21098.185555605072,1985870.828916534,1000.0,1000.0,0.0,1.0,0.0
Std-CP,15,0.1,0.9,243218.82068951154,5701.592766298803,180300.19432244336,180639.46166030972,119896.31321265988,301956.45073976746,21837.68833136584,1271773.7073021624,1000.0,1000.0,0.0,1.0,0.0
Std-CP,20,0.1,0.9,289892.2158307926,6831.453033941014,216029.51315721165,203766.77331818658,140355.7928954216,420152.8174142102,33672.08131466054,1320379.104293167,1000.0,1000.0,0.0,1.0,0.0
Subsampling,0,0.1,0.9,291584.03924579103,6583.832564208105,208199.0663608439,237801.3235340765,142664.78612932417,392229.7305034406,10850.885123698596,1691316.8765753512,1000.0,1000.0,0.0,1.0,0.0
Subsampling,5,0.1,0.9,,,,,,,,,0.0,0.0,0.0,,
Subsampling,10,0.1,0.9,,,,,,,,,0.0,0.0,0.0,,
Subsampling,15,0.1,0.9,,,,,,,,,0.0,0.0,0.0,,
Subsampling,20,0.1,0.9,,,,,,,,,0.0,0.0,0.0,,
D-HCP,0,0.125,0.875,368717.75712252466,5604.678949235658,177235.5103358391,369681.13855965715,223475.00254948478,487558.51455115905,30903.394207031393,985438.199089216,1000.0,1000.0,0.0,1.0,0.0
D-HCP,5,0.125,0.875,283599.3506287323,4339.642884815021,137231.557477592,265533.120791699,176727.2314566013,370857.11702279304,39437.1808402525,1128221.1517457422,1000.0,1000.0,0.0,1.0,0.0
D-HCP,10,0.125,0.875,240784.80012572662,3710.020596368035,117321.15250659204,225342.81291954507,150677.81293042778,306212.4475637736,43018.081097900205,816293.4204644631,1000.0,1000.0,0.0,1.0,0.0
D-HCP,15,0.125,0.875,210847.61903401563,3183.1748854210077,100660.82828575894,197847.668322925,133546.79600243134,271844.91020122194,45206.26133398301,598801.5133748594,1000.0,1000.0,0.0,1.0,0.0
D-HCP,20,0.125,0.875,188757.330135539,2793.880761359893,88350.26716822611,175832.29609847494,119213.36070787605,241138.66916061973,40872.58705947108,512211.1512468129,1000.0,1000.0,0.0,1.0,0.0
HCP,0,0.125,0.875,340825.1953084046,5096.155386581472,161154.5833173334,334732.1736302705,205423.034277822,458101.93726547126,32529.20979647392,857377.8222919947,1000.0,1000.0,0.0,1.0,0.0
HCP,5,0.125,0.875,,,,,,,,,0.0,0.0,0.0,,
HCP,10,0.125,0.875,,,,,,,,,0.0,0.0,0.0,,
HCP,15,0.125,0.875,,,,,,,,,0.0,0.0,0.0,,
HCP,20,0.125,0.875,,,,,,,,,0.0,0.0,0.0,,
Pooled-Income-Quantile,0,0.125,0.875,162568.75,0.0,0.0,162568.75,162568.75,162568.75,162568.75,162568.75,1000.0,1000.0,0.0,1.0,0.0
Pooled-Income-Quantile,5,0.125,0.875,162568.75,0.0,0.0,162568.75,162568.75,162568.75,162568.75,162568.75,1000.0,1000.0,0.0,1.0,0.0
Pooled-Income-Quantile,10,0.125,0.875,162568.75,0.0,0.0,162568.75,162568.75,162568.75,162568.75,162568.75,1000.0,1000.0,0.0,1.0,0.0
Pooled-Income-Quantile,15,0.125,0.875,162568.75,0.0,0.0,162568.75,162568.75,162568.75,162568.75,162568.75,1000.0,1000.0,0.0,1.0,0.0
Pooled-Income-Quantile,20,0.125,0.875,162568.75,0.0,0.0,162568.75,162568.75,162568.75,162568.75,162568.75,1000.0,1000.0,0.0,1.0,0.0
Pooling,0,0.125,0.875,194538.97012505584,2881.970269276295,91135.90199801876,194661.4181332001,118578.20890067257,261741.3111689841,17734.874663530252,504998.2992617827,1000.0,1000.0,0.0,1.0,0.0
Pooling,5,0.125,0.875,,,,,,,,,0.0,0.0,0.0,,
Pooling,10,0.125,0.875,,,,,,,,,0.0,0.0,0.0,,
Pooling,15,0.125,0.875,,,,,,,,,0.0,0.0,0.0,,
Pooling,20,0.125,0.875,,,,,,,,,0.0,0.0,0.0,,
Repeated,0,0.125,0.875,274131.1458535666,4071.5147443715873,128752.6011917244,270137.44298204524,164463.64071640727,371275.8280338599,24009.176715375695,641610.3499376391,1000.0,1000.0,0.0,1.0,0.0
Repeated,5,0.125,0.875,,,,,,,,,0.0,0.0,0.0,,
Repeated,10,0.125,0.875,,,,,,,,,0.0,0.0,0.0,,
Repeated,15,0.125,0.875,,,,,,,,,0.0,0.0,0.0,,
Repeated,20,0.125,0.875,,,,,,,,,0.0,0.0,0.0,,
S-HCP,0,0.125,0.875,302117.4385265657,6942.953720216062,219555.47445022193,243361.29262764973,141956.21088969382,409914.4107852132,13934.392875731508,1743406.1923262067,1000.0,1000.0,0.0,1.0,0.0
S-HCP,5,0.125,0.875,,,,,,,,,1000.0,0.0,1000.0,0.0,1.0
S-HCP,10,0.125,0.875,,,,,,,,,1000.0,0.0,1000.0,0.0,1.0
S-HCP,15,0.125,0.875,,,,,,,,,1000.0,0.0,1000.0,0.0,1.0
S-HCP,20,0.125,0.875,,,,,,,,,1000.0,0.0,1000.0,0.0,1.0
Std-CP,0,0.125,0.875,,,,,,,,,1000.0,0.0,1000.0,0.0,1.0
Std-CP,5,0.125,0.875,206019.61600041582,6324.462542740801,199997.0661148094,143962.1087971392,84791.07832323166,245402.99667006588,8237.767322928787,1932429.3861427037,1000.0,1000.0,0.0,1.0,0.0
Std-CP,10,0.125,0.875,186373.4665312916,4409.91390283916,139453.72218214226,145677.50178585213,96044.61457299827,228636.19342650933,11159.79788553411,866757.1376692767,1000.0,1000.0,0.0,1.0,0.0
Std-CP,15,0.125,0.875,243218.82068951154,5701.592766298803,180300.19432244336,180639.46166030972,119896.31321265988,301956.45073976746,21837.68833136584,1271773.7073021624,1000.0,1000.0,0.0,1.0,0.0
Std-CP,20,0.125,0.875,218724.29082613855,4899.670395834979,154941.18234937315,169361.64653097614,110701.81615542757,279001.49188480596,32615.830333096783,927203.1441645093,1000.0,1000.0,0.0,1.0,0.0
Subsampling,0,0.125,0.875,308768.94091626303,7032.006459259621,222371.56932276444,253810.83990833373,152714.91410659283,412204.52707900765,15651.301734549426,1825536.4017241416,1000.0,1000.0,0.0,1.0,0.0
Subsampling,5,0.125,0.875,,,,,,,,,0.0,0.0,0.0,,
Subsampling,10,0.125,0.875,,,,,,,,,0.0,0.0,0.0,,
Subsampling,15,0.125,0.875,,,,,,,,,0.0,0.0,0.0,,
Subsampling,20,0.125,0.875,,,,,,,,,0.0,0.0,0.0,,
D-HCP,0,0.15,0.85,284106.47171909176,4289.1263214115725,135634.08347839996,281735.3968195722,174452.2409457122,380999.3093376339,26330.15200978481,832005.3312892929,1000.0,1000.0,0.0,1.0,0.0
D-HCP,5,0.15,0.85,227670.74120384813,3399.8731037279126,107513.42763326109,215532.90964130932,144069.693716797,298987.3142968282,34394.702701447,741117.4784522199,1000.0,1000.0,0.0,1.0,0.0
D-HCP,10,0.15,0.85,202644.26708951584,3022.0976440175314,95567.1186652413,189575.5503479174,129713.17846848229,256683.6018629892,40141.7433349931,706548.97965818,1000.0,1000.0,0.0,1.0,0.0
D-HCP,15,0.15,0.85,187809.36898841226,2788.5506786761116,88181.7151542484,175545.29813512895,117982.79003230213,242637.89464088622,40824.88451206751,518768.10573518166,1000.0,1000.0,0.0,1.0,0.0
D-HCP,20,0.15,0.85,171720.84410584776,2518.099433329353,79629.29584100068,160823.10438151937,109302.98175796117,220436.69474200383,39478.16757661293,469736.458243356,1000.0,1000.0,0.0,1.0,0.0
HCP,0,0.15,0.85,267002.9398045729,3974.8765408435165,125696.63287036816,263034.835894824,161214.82515734553,357895.43386575393,25914.01322906626,662131.348840308,1000.0,1000.0,0.0,1.0,0.0
HCP,5,0.15,0.85,,,,,,,,,0.0,0.0,0.0,,
HCP,10,0.15,0.85,,,,,,,,,0.0,0.0,0.0,,
HCP,15,0.15,0.85,,,,,,,,,0.0,0.0,0.0,,
HCP,20,0.15,0.85,,,,,,,,,0.0,0.0,0.0,,
Pooled-Income-Quantile,0,0.15,0.85,151975.0000000004,1.8416088923355933e-12,5.823678659000281e-11,151975.00000000035,151975.00000000035,151975.00000000035,151975.00000000035,151975.00000000035,1000.0,1000.0,0.0,1.0,0.0
Pooled-Income-Quantile,5,0.15,0.85,151975.0000000004,1.8416088923355933e-12,5.823678659000281e-11,151975.00000000035,151975.00000000035,151975.00000000035,151975.00000000035,151975.00000000035,1000.0,1000.0,0.0,1.0,0.0
Pooled-Income-Quantile,10,0.15,0.85,151975.0000000004,1.8416088923355933e-12,5.823678659000281e-11,151975.00000000035,151975.00000000035,151975.00000000035,151975.00000000035,151975.00000000035,1000.0,1000.0,0.0,1.0,0.0
Pooled-Income-Quantile,15,0.15,0.85,151975.0000000004,1.8416088923355933e-12,5.823678659000281e-11,151975.00000000035,151975.00000000035,151975.00000000035,151975.00000000035,151975.00000000035,1000.0,1000.0,0.0,1.0,0.0
Pooled-Income-Quantile,20,0.15,0.85,151975.0000000004,1.8416088923355933e-12,5.823678659000281e-11,151975.00000000035,151975.00000000035,151975.00000000035,151975.00000000035,151975.00000000035,1000.0,1000.0,0.0,1.0,0.0
Pooling,0,0.15,0.85,174813.6570032074,2575.512440160958,81444.85453006746,172434.97778221557,106917.8265603001,239057.92050625314,17014.650944286575,453842.1845144733,1000.0,1000.0,0.0,1.0,0.0
Pooling,5,0.15,0.85,,,,,,,,,0.0,0.0,0.0,,
Pooling,10,0.15,0.85,,,,,,,,,0.0,0.0,0.0,,
Pooling,15,0.15,0.85,,,,,,,,,0.0,0.0,0.0,,
Pooling,20,0.15,0.85,,,,,,,,,0.0,0.0,0.0,,
Repeated,0,0.15,0.85,275235.4119558588,4120.328694417504,130296.2338290722,268977.9144563585,166164.7877708901,367124.5891808496,25291.96561822088,712734.7929839754,1000.0,1000.0,0.0,1.0,0.0
Repeated,5,0.15,0.85,,,,,,,,,0.0,0.0,0.0,,
Repeated,10,0.15,0.85,,,,,,,,,0.0,0.0,0.0,,
Repeated,15,0.15,0.85,,,,,,,,,0.0,0.0,0.0,,
Repeated,20,0.15,0.85,,,,,,,,,0.0,0.0,0.0,,
S-HCP,0,0.15,0.85,293734.47449602984,6960.411469150897,220107.5369447565,234367.6600293492,141160.86756582727,387302.92287554784,19949.63278027533,1712777.0049225877,1000.0,1000.0,0.0,1.0,0.0
S-HCP,5,0.15,0.85,,,,,,,,,1000.0,0.0,1000.0,0.0,1.0
S-HCP,10,0.15,0.85,,,,,,,,,1000.0,0.0,1000.0,0.0,1.0
S-HCP,15,0.15,0.85,,,,,,,,,1000.0,0.0,1000.0,0.0,1.0
S-HCP,20,0.15,0.85,,,,,,,,,1000.0,0.0,1000.0,0.0,1.0
Std-CP,0,0.15,0.85,,,,,,,,,1000.0,0.0,1000.0,0.0,1.0
Std-CP,5,0.15,0.85,206019.61600041582,6324.462542740801,199997.0661148094,143962.1087971392,84791.07832323166,245402.99667006588,8237.767322928787,1932429.3861427037,1000.0,1000.0,0.0,1.0,0.0
Std-CP,10,0.15,0.85,186373.4665312916,4409.91390283916,139453.72218214226,145677.50178585213,96044.61457299827,228636.19342650933,11159.79788553411,866757.1376692767,1000.0,1000.0,0.0,1.0,0.0
Std-CP,15,0.15,0.85,179260.48622427863,4057.691722651854,128315.47886392105,144517.88678443074,97510.04459022771,216716.23695046332,21680.11845606268,597138.1285922555,1000.0,1000.0,0.0,1.0,0.0
Std-CP,20,0.15,0.85,218724.29082613855,4899.670395834979,154941.18234937315,169361.64653097614,110701.81615542757,279001.49188480596,32615.830333096783,927203.1441645093,1000.0,1000.0,0.0,1.0,0.0
Subsampling,0,0.15,0.85,290525.2208841067,6491.521008974362,205279.91867193324,238525.1107064892,141545.1617535818,382747.38362755557,21264.133671890733,1687793.1489445465,1000.0,1000.0,0.0,1.0,0.0
Subsampling,5,0.15,0.85,,,,,,,,,0.0,0.0,0.0,,
Subsampling,10,0.15,0.85,,,,,,,,,0.0,0.0,0.0,,
Subsampling,15,0.15,0.85,,,,,,,,,0.0,0.0,0.0,,
Subsampling,20,0.15,0.85,,,,,,,,,0.0,0.0,0.0,,
D-HCP,0,0.175,0.825,235497.04988508302,3524.3220840230997,111448.84993544314,232265.47106155322,144548.32880001623,315874.0934707081,21599.39625115345,724430.875689614,1000.0,1000.0,0.0,1.0,0.0
D-HCP,5,0.175,0.825,198511.69878221367,2951.786010772088,93343.66959462113,188634.07221677518,124494.73414551036,260383.5278758721,30912.11942020055,597163.0415963792,1000.0,1000.0,0.0,1.0,0.0
D-HCP,10,0.175,0.825,181380.64112589526,2664.416308910767,84256.2417105681,171298.9851158143,115839.26498846665,232915.5612879402,37229.71656284849,584655.882793906,1000.0,1000.0,0.0,1.0,0.0
D-HCP,15,0.175,0.825,171104.6762861793,2508.765894122506,79334.14341575949,160341.36160235738,107484.31095337583,221563.62700784183,38891.8452012766,485141.9987530634,1000.0,1000.0,0.0,1.0,0.0
D-HCP,20,0.175,0.825,158954.63801259096,2312.72893078432,73134.91031844357,149461.50109431165,101787.97416690983,204954.90380857774,37698.67036692166,429423.34060368733,1000.0,1000.0,0.0,1.0,0.0
HCP,0,0.175,0.825,225867.59476162682,3379.293465937485,106862.64234487082,223355.6821964334,137028.1403608863,305099.65600569686,22042.170344134625,567039.7919838962,1000.0,1000.0,0.0,1.0,0.0
HCP,5,0.175,0.825,,,,,,,,,0.0,0.0,0.0,,
HCP,10,0.175,0.825,,,,,,,,,0.0,0.0,0.0,,
HCP,15,0.175,0.825,,,,,,,,,0.0,0.0,0.0,,
HCP,20,0.175,0.825,,,,,,,,,0.0,0.0,0.0,,
Pooled-Income-Quantile,0,0.175,0.825,144000.0,0.0,0.0,144000.0,144000.0,144000.0,144000.0,144000.0,1000.0,1000.0,0.0,1.0,0.0
Pooled-Income-Quantile,5,0.175,0.825,144000.0,0.0,0.0,144000.0,144000.0,144000.0,144000.0,144000.0,1000.0,1000.0,0.0,1.0,0.0
Pooled-Income-Quantile,10,0.175,0.825,144000.0,0.0,0.0,144000.0,144000.0,144000.0,144000.0,144000.0,1000.0,1000.0,0.0,1.0,0.0
Pooled-Income-Quantile,15,0.175,0.825,144000.0,0.0,0.0,144000.0,144000.0,144000.0,144000.0,144000.0,1000.0,1000.0,0.0,1.0,0.0
Pooled-Income-Quantile,20,0.175,0.825,144000.0,0.0,0.0,144000.0,144000.0,144000.0,144000.0,144000.0,1000.0,1000.0,0.0,1.0,0.0
Pooling,0,0.175,0.825,158124.95898582283,2319.37699232833,73345.14048348404,156103.36561568576,96414.36418364427,216577.77612052264,15717.936848512678,441466.10974796274,1000.0,1000.0,0.0,1.0,0.0
Pooling,5,0.175,0.825,,,,,,,,,0.0,0.0,0.0,,
Pooling,10,0.175,0.825,,,,,,,,,0.0,0.0,0.0,,
Pooling,15,0.175,0.825,,,,,,,,,0.0,0.0,0.0,,
Pooling,20,0.175,0.825,,,,,,,,,0.0,0.0,0.0,,
Repeated,0,0.175,0.825,275885.5683556302,4145.882368488204,131104.31195556215,271444.8084614425,167093.3861758754,374546.07837696443,24060.86950367478,711740.8871493327,1000.0,1000.0,0.0,1.0,0.0
Repeated,5,0.175,0.825,,,,,,,,,0.0,0.0,0.0,,
Repeated,10,0.175,0.825,,,,,,,,,0.0,0.0,0.0,,
Repeated,15,0.175,0.825,,,,,,,,,0.0,0.0,0.0,,
Repeated,20,0.175,0.825,,,,,,,,,0.0,0.0,0.0,,
S-HCP,0,0.175,0.825,300596.816708609,6916.011841309241,218703.49743232192,241340.7527585735,148768.28996529125,398402.51536621567,24150.530536675666,1421811.8262793736,1000.0,1000.0,0.0,1.0,0.0
S-HCP,5,0.175,0.825,,,,,,,,,1000.0,0.0,1000.0,0.0,1.0
S-HCP,10,0.175,0.825,,,,,,,,,1000.0,0.0,1000.0,0.0,1.0
S-HCP,15,0.175,0.825,,,,,,,,,1000.0,0.0,1000.0,0.0,1.0
S-HCP,20,0.175,0.825,,,,,,,,,1000.0,0.0,1000.0,0.0,1.0
Std-CP,0,0.175,0.825,,,,,,,,,1000.0,0.0,1000.0,0.0,1.0
Std-CP,5,0.175,0.825,206019.61600041582,6324.462542740801,199997.0661148094,143962.1087971392,84791.07832323166,245402.99667006588,8237.767322928787,1932429.3861427037,1000.0,1000.0,0.0,1.0,0.0
Std-CP,10,0.175,0.825,186373.4665312916,4409.91390283916,139453.72218214226,145677.50178585213,96044.61457299827,228636.19342650933,11159.79788553411,866757.1376692767,1000.0,1000.0,0.0,1.0,0.0
Std-CP,15,0.175,0.825,179260.48622427863,4057.691722651854,128315.47886392105,144517.88678443074,97510.04459022771,216716.23695046332,21680.11845606268,597138.1285922555,1000.0,1000.0,0.0,1.0,0.0
Std-CP,20,0.175,0.825,177331.36977883065,4041.9435154264215,127817.47682495418,141163.27021753252,97813.20783212985,211853.1379375399,27351.042107368652,552007.0391445971,1000.0,1000.0,0.0,1.0,0.0
Subsampling,0,0.175,0.825,301013.2822550895,6883.399563653016,217672.20666152702,253270.98156873047,149458.42226704286,384579.7292376364,9661.76970610171,1901261.758836381,1000.0,1000.0,0.0,1.0,0.0
Subsampling,5,0.175,0.825,,,,,,,,,0.0,0.0,0.0,,
Subsampling,10,0.175,0.825,,,,,,,,,0.0,0.0,0.0,,
Subsampling,15,0.175,0.825,,,,,,,,,0.0,0.0,0.0,,
Subsampling,20,0.175,0.825,,,,,,,,,0.0,0.0,0.0,,
D-HCP,0,0.2,0.8,205324.17677508522,3052.270501786842,96521.2682059146,204607.73022489581,126509.63052301953,275082.097619498,19057.936690948187,641781.5048887386,1000.0,1000.0,0.0,1.0,0.0
D-HCP,5,0.2,0.8,178093.20842590788,2618.2486604250053,82796.29247627778,167477.27647122153,112197.71224364405,234572.65597861208,28831.453502208456,517062.7375473122,1000.0,1000.0,0.0,1.0,0.0
D-HCP,10,0.2,0.8,166048.47139582044,2428.1659524797337,76785.34946708137,157524.33508436274,106811.0089512531,212123.7118446086,33785.10253549163,506715.85198598594,1000.0,1000.0,0.0,1.0,0.0
D-HCP,15,0.2,0.8,157963.71796280454,2301.787704277123,72788.91835685805,148387.32483212603,99829.21820905224,204164.90293881716,37289.96655356717,444719.77631454566,1000.0,1000.0,0.0,1.0,0.0
D-HCP,20,0.2,0.8,147869.54600468808,2138.7507074758078,67633.23582920062,139418.32936739753,93733.15892205408,191293.46046961835,34916.330281842726,418293.5574330369,1000.0,1000.0,0.0,1.0,0.0
HCP,0,0.2,0.8,198944.8171351048,2946.6140330853323,93180.11729964396,198489.9545587793,121529.1505818577,268320.75506225426,18899.929198841153,506270.3057437754,1000.0,1000.0,0.0,1.0,0.0
HCP,5,0.2,0.8,,,,,,,,,0.0,0.0,0.0,,
HCP,10,0.2,0.8,,,,,,,,,0.0,0.0,0.0,,
HCP,15,0.2,0.8,,,,,,,,,0.0,0.0,0.0,,
HCP,20,0.2,0.8,,,,,,,,,0.0,0.0,0.0,,
Pooled-Income-Quantile,0,0.2,0.8,132000.0,0.0,0.0,132000.0,132000.0,132000.0,132000.0,132000.0,1000.0,1000.0,0.0,1.0,0.0
Pooled-Income-Quantile,5,0.2,0.8,132000.0,0.0,0.0,132000.0,132000.0,132000.0,132000.0,132000.0,1000.0,1000.0,0.0,1.0,0.0
Pooled-Income-Quantile,10,0.2,0.8,132000.0,0.0,0.0,132000.0,132000.0,132000.0,132000.0,132000.0,1000.0,1000.0,0.0,1.0,0.0
Pooled-Income-Quantile,15,0.2,0.8,132000.0,0.0,0.0,132000.0,132000.0,132000.0,132000.0,132000.0,1000.0,1000.0,0.0,1.0,0.0
Pooled-Income-Quantile,20,0.2,0.8,132000.0,0.0,0.0,132000.0,132000.0,132000.0,132000.0,132000.0,1000.0,1000.0,0.0,1.0,0.0
Pooling,0,0.2,0.8,144192.91402340416,2102.547653801211,66488.39475055008,142781.09476477577,88973.01295079844,197435.29609404315,14573.245356175146,367403.6270185887,1000.0,1000.0,0.0,1.0,0.0
Pooling,5,0.2,0.8,,,,,,,,,0.0,0.0,0.0,,
Pooling,10,0.2,0.8,,,,,,,,,0.0,0.0,0.0,,
Pooling,15,0.2,0.8,,,,,,,,,0.0,0.0,0.0,,
Pooling,20,0.2,0.8,,,,,,,,,0.0,0.0,0.0,,
Repeated,0,0.2,0.8,173126.3791768485,2564.2136778545346,81087.55629377592,170229.47024406836,106599.13999231203,234882.53661326383,17342.19061085735,442685.6401396308,1000.0,1000.0,0.0,1.0,0.0
Repeated,5,0.2,0.8,,,,,,,,,0.0,0.0,0.0,,
Repeated,10,0.2,0.8,,,,,,,,,0.0,0.0,0.0,,
Repeated,15,0.2,0.8,,,,,,,,,0.0,0.0,0.0,,
Repeated,20,0.2,0.8,,,,,,,,,0.0,0.0,0.0,,
S-HCP,0,0.2,0.8,183982.9844885726,3954.0034088610123,125036.56648070797,158495.31919381546,96899.19589469187,236132.9386880265,11784.18008010483,1056968.4408347188,1000.0,1000.0,0.0,1.0,0.0
S-HCP,5,0.2,0.8,,,,,,,,,1000.0,0.0,1000.0,0.0,1.0
S-HCP,10,0.2,0.8,,,,,,,,,1000.0,0.0,1000.0,0.0,1.0
S-HCP,15,0.2,0.8,,,,,,,,,1000.0,0.0,1000.0,0.0,1.0
S-HCP,20,0.2,0.8,,,,,,,,,1000.0,0.0,1000.0,0.0,1.0
Std-CP,0,0.2,0.8,,,,,,,,,1000.0,0.0,1000.0,0.0,1.0
Std-CP,5,0.2,0.8,206019.61600041582,6324.462542740801,199997.0661148094,143962.1087971392,84791.07832323166,245402.99667006588,8237.767322928787,1932429.3861427037,1000.0,1000.0,0.0,1.0,0.0
Std-CP,10,0.2,0.8,186373.4665312916,4409.91390283916,139453.72218214226,145677.50178585213,96044.61457299827,228636.19342650933,11159.79788553411,866757.1376692767,1000.0,1000.0,0.0,1.0,0.0
Std-CP,15,0.2,0.8,179260.48622427863,4057.691722651854,128315.47886392105,144517.88678443074,97510.04459022771,216716.23695046332,21680.11845606268,597138.1285922555,1000.0,1000.0,0.0,1.0,0.0
Std-CP,20,0.2,0.8,177331.36977883065,4041.9435154264215,127817.47682495418,141163.27021753252,97813.20783212985,211853.1379375399,27351.042107368652,552007.0391445971,1000.0,1000.0,0.0,1.0,0.0
Subsampling,0,0.2,0.8,179874.77994099972,3703.437351013847,117112.97200944248,153256.91046661075,94015.77806400284,241936.71384591082,17047.621766811368,996396.8801779303,1000.0,1000.0,0.0,1.0,0.0
Subsampling,5,0.2,0.8,,,,,,,,,0.0,0.0,0.0,,
Subsampling,10,0.2,0.8,,,,,,,,,0.0,0.0,0.0,,
Subsampling,15,0.2,0.8,,,,,,,,,0.0,0.0,0.0,,
Subsampling,20,0.2,0.8,,,,,,,,,0.0,0.0,0.0,,
