experiment,o_observed,coverage_donor_none,coverage_donor_mean,coverage_donor_ols,coverage_stdcp,coverage_hcp,width_donor_none,width_donor_mean,width_donor_ols,width_stdcp,width_hcp,infinite_donor_none,infinite_donor_mean,infinite_donor_ols,infinite_stdcp,infinite_hcp
1,0,0.92,0.92,0.92,,0.92,1.962867617687111,1.962867617687111,1.962867617687111,,1.962867617687111,0,0,0,0,0
1,10,0.91,0.88,0.85,0.85,0.96,1.763626918082998,1.8898079767496698,2.59993046356807,4.906175614762171,1.962867617687111,0,0,0,0,0
1,20,0.77,0.76,0.79,0.75,0.85,1.60903060360587,1.7175938513645115,1.7950720455118359,1.9176810334209855,1.962867617687111,0,0,0,0,0
1,30,0.75,0.79,0.76,0.8,0.84,1.5245535870398514,2.367591519452448,1.8521953597798122,1.7591625055738325,1.962867617687111,0,0,0,0,0
1,40,0.78,0.82,0.79,0.75,0.91,1.3013097971798226,2.269157920067114,1.45600227298303,1.4120908999590602,1.962867617687111,0,0,0,0,0
1,50,0.75,0.87,0.76,0.79,0.91,1.4659643361060535,2.3447961262183683,1.6177640421559332,1.596926282686884,1.962867617687111,0,0,0,0,0
2,0,0.94,0.94,0.94,,0.94,2.2096861060151047,2.2096861060151047,2.2096861060151047,,2.2096861060151047,0,0,0,0,0
2,10,0.91,0.89,0.92,0.82,0.94,2.000656007764933,2.0425581422628083,6.178450111635536,5.381546518012582,2.2096861060151047,0,0,0,0,0
2,20,0.86,0.9,0.9,0.83,0.94,1.7691307435269739,1.931606648431138,1.8769953732845168,2.1426293864167283,2.2096861060151047,0,0,0,0,0
2,30,0.83,0.77,0.87,0.82,0.97,1.407576656371237,2.2444062106349474,1.6120847232453683,1.5746923290960269,2.2096861060151047,0,0,0,0,0
2,40,0.81,0.83,0.75,0.8,0.95,1.4595159958916852,2.252393120745879,1.4451008233590987,1.458668273973224,2.2096861060151047,0,0,0,0,0
2,50,0.81,0.83,0.82,0.85,0.93,1.422641379586719,2.2564058898540296,1.5827272116189204,1.5603611292844106,2.2096861060151047,0,0,0,0,0
3,0,0.91,0.91,0.91,,0.91,1.7247595889155654,1.7247595889155654,1.7247595889155654,,1.7247595889155654,0,0,0,0,0
3,10,0.83,0.81,0.78,0.78,0.87,1.5209752510184935,1.7651413583420101,2.0722417635182495,4.136865341204068,1.7247595889155654,0,0,0,0,0
3,20,0.81,0.76,0.82,0.79,0.87,1.437135189520804,1.5132821569646602,1.537406772709784,1.8961220760904727,1.7247595889155654,0,0,0,0,0
3,30,0.82,0.82,0.82,0.8,0.87,1.448082804640708,2.2824676442089533,1.7284057039075091,1.7416956860299746,1.7247595889155654,0,0,0,0,0
3,40,0.8,0.78,0.81,0.8,0.86,1.3559344623192653,2.2558332054144126,1.4531740566274904,1.4629181871635053,1.7247595889155654,0,0,0,0,0
3,50,0.8,0.79,0.81,0.77,0.85,1.5423169107612191,2.2629717218052985,1.6566508143603427,1.6914006582249488,1.7247595889155654,0,0,0,0,0
4,0,0.91,0.91,0.91,,0.91,2.014232238875719,2.014232238875719,2.014232238875719,,2.014232238875719,0,0,0,0,0
4,10,0.92,0.86,0.93,0.85,0.92,1.784116419864679,1.757606361715187,8.697386619310286,5.682596029830729,2.014232238875719,0,0,0,0,0
4,20,0.78,0.79,0.93,0.75,0.92,1.6121458956720398,1.6280590426670853,2.0259701090793123,1.977456225359919,2.014232238875719,0,0,0,0,0
4,30,0.81,0.79,0.81,0.84,0.92,1.515728009401189,2.392519200588726,1.6990644492088973,1.7546977677331324,2.014232238875719,0,0,0,0,0
4,40,0.86,0.87,0.83,0.84,0.92,1.5405393673524328,2.1940329466299593,1.5518295926212025,1.715719783779525,2.014232238875719,0,0,0,0,0
4,50,0.85,0.78,0.82,0.83,0.94,1.4485852476950138,2.2892838003990894,1.5839759137628269,1.526019344306025,2.014232238875719,0,0,0,0,0
5,0,0.81,0.81,0.81,,0.81,1.4878477010731865,1.4878477010731865,1.4878477010731865,,1.4878477010731865,0,0,0,0,0
5,10,0.74,0.8,0.68,0.77,0.79,1.2965067451560075,1.5646777368219906,1.788059290481557,5.578385122534302,1.4878477010731865,0,0,0,0,0
5,20,0.71,0.81,0.73,0.75,0.81,1.2454206239148284,1.6532203745678304,1.23300281366227,2.041418502522058,1.4878477010731865,0,0,0,0,0
5,30,0.75,0.82,0.78,0.76,0.84,1.4068367039661664,2.3380769544871303,1.6480688442915286,1.5566198272535807,1.4878477010731865,0,0,0,0,0
5,40,0.83,0.83,0.82,0.8,0.74,1.545513873753856,2.2883347191248395,1.5511464903494483,1.6972851920012653,1.4878477010731865,0,0,0,0,0
5,50,0.78,0.78,0.75,0.81,0.71,1.4753993159251388,2.3105747122246614,1.5235711275040964,1.5472524617093515,1.4878477010731865,0,0,0,0,0
6,0,0.88,0.88,0.88,,0.88,1.6882917760166583,1.6882917760166583,1.6882917760166583,,1.6882917760166583,0,0,0,0,0
6,10,0.83,0.85,0.87,0.87,0.88,1.5298402390967167,1.669799634843388,4.260472649391325,5.052684382211821,1.6882917760166583,0,0,0,0,0
6,20,0.85,0.84,0.85,0.81,0.88,1.3918844331993565,1.7744362574936678,1.47626702193765,2.033252503472562,1.6882917760166583,0,0,0,0,0
6,30,0.79,0.77,0.83,0.83,0.84,1.4155352743826612,2.2325047516013745,1.6745053317822842,1.6742107470916863,1.6882917760166583,0,0,0,0,0
6,40,0.77,0.79,0.76,0.77,0.83,1.3567349312757182,2.2230479513507664,1.459610534753529,1.4981723425216948,1.6882917760166583,0,0,0,0,0
6,50,0.81,0.83,0.88,0.84,0.86,1.4223009184100355,2.2662075130024775,1.5829608336108416,1.4988990530392194,1.6882917760166583,0,0,0,0,0
7,0,0.9,0.9,0.9,,0.9,2.0823193623664897,2.0823193623664897,2.0823193623664897,,2.0823193623664897,0,0,0,0,0
7,10,0.85,0.83,0.87,0.83,0.86,1.8400244513213044,2.0763674821867015,4.240232232998195,5.251118709067557,2.0823193623664897,0,0,0,0,0
7,20,0.85,0.8,0.85,0.84,0.91,1.6894335968192515,1.8884215110307907,1.772937074887633,1.989530438158618,2.0823193623664897,0,0,0,0,0
7,30,0.82,0.81,0.78,0.82,0.93,1.4161444496192437,2.1870456033794623,1.6051911430468748,1.7655304928699755,2.0823193623664897,0,0,0,0,0
7,40,0.71,0.78,0.73,0.8,0.92,1.4722704601424663,2.2391328209552923,1.5275563297819656,1.5879520227468902,2.0823193623664897,0,0,0,0,0
7,50,0.77,0.84,0.78,0.84,0.91,1.4230758017074248,2.2913639036153524,1.4514413551831966,1.510983741344473,2.0823193623664897,0,0,0,0,0
8,0,0.84,0.84,0.84,,0.84,1.5776437503866338,1.5776437503866338,1.5776437503866338,,1.5776437503866338,0,0,0,0,0
8,10,0.9,0.86,0.84,0.85,0.91,1.424002441020524,1.5552894872639806,2.534809801477722,5.184791513792729,1.5776437503866338,0,0,0,0,0
8,20,0.84,0.8,0.78,0.77,0.92,1.3180207492077678,1.4832551855378648,1.2817457029351877,1.9965436648420705,1.5776437503866338,0,0,0,0,0
8,30,0.86,0.79,0.82,0.76,0.86,1.4748916318482561,2.1789621363059446,1.5133154614445896,1.7038834437439685,1.5776437503866338,0,0,0,0,0
8,40,0.81,0.85,0.83,0.85,0.85,1.4737765988804037,2.241427281399288,1.6471719043130544,1.5406051411300474,1.5776437503866338,0,0,0,0,0
8,50,0.81,0.72,0.77,0.79,0.85,1.426475438814815,2.3046839656280724,1.4664999560839589,1.53462930872205,1.5776437503866338,0,0,0,0,0
9,0,0.89,0.89,0.89,,0.89,1.8616306124285988,1.8616306124285988,1.8616306124285988,,1.8616306124285988,0,0,0,0,0
9,10,0.86,0.9,0.76,0.85,0.93,1.6802959809292757,1.6724721816359462,2.2808450743075364,6.062230702808788,1.8616306124285988,0,0,0,0,0
9,20,0.85,0.82,0.79,0.87,0.93,1.5415507003950855,1.6351706563912745,1.5065843750910037,1.862951999050576,1.8616306124285988,0,0,0,0,0
9,30,0.78,0.79,0.8,0.78,0.91,1.3819756380575177,2.308509964474772,1.5977801385726433,1.6530968974245361,1.8616306124285988,0,0,0,0,0
9,40,0.87,0.82,0.9,0.83,0.93,1.507687811957189,2.2900638220612715,1.6390009494233704,1.6443979978068402,1.8616306124285988,0,0,0,0,0
9,50,0.83,0.86,0.8,0.82,0.85,1.5226034943811158,2.2746506088405747,1.5822048234878552,1.5987550355899784,1.8616306124285988,0,0,0,0,0
10,0,0.93,0.93,0.93,,0.93,2.0197418963245113,2.0197418963245113,2.0197418963245113,,2.0197418963245113,0,0,0,0,0
10,10,0.86,0.92,0.84,0.83,0.92,1.7216893939539455,1.7448173464423673,2.926646555359497,4.3680251360456035,2.0197418963245113,0,0,0,0,0
10,20,0.87,0.83,0.87,0.77,0.95,1.6036590503700348,1.805237039390172,1.7380282268813638,2.0173134558393766,2.0197418963245113,0,0,0,0,0
10,30,0.78,0.78,0.8,0.8,0.92,1.5482953151089667,2.310942461671633,1.6624393047292843,1.7684646588876003,2.0197418963245113,0,0,0,0,0
10,40,0.78,0.81,0.75,0.8,0.92,1.2779143054341404,2.1849778577980663,1.3768305626253625,1.4141315923475692,2.0197418963245113,0,0,0,0,0
10,50,0.82,0.8,0.87,0.83,0.9,1.4778573820623337,2.3263833767352526,1.4906492259117479,1.5833826099514596,2.0197418963245113,0,0,0,0,0
11,0,0.88,0.88,0.88,,0.88,1.8168216537259072,1.8168216537259072,1.8168216537259072,,1.8168216537259072,0,0,0,0,0
11,10,0.81,0.84,0.94,0.82,0.82,1.7106962836302864,1.9640136852125576,7.930963969119283,5.277511101438127,1.8168216537259072,0,0,0,0,0
11,20,0.82,0.79,0.86,0.76,0.89,1.575633538455378,1.7312595782883802,1.7608467906323642,2.044984111995593,1.8168216537259072,0,0,0,0,0
11,30,0.83,0.85,0.83,0.83,0.91,1.5014394304467824,2.2071849900775353,1.6833753677286212,1.7030838559429973,1.8168216537259072,0,0,0,0,0
11,40,0.79,0.83,0.78,0.8,0.89,1.4374500445261553,2.2609207094104393,1.5900446427241017,1.6729236983713203,1.8168216537259072,0,0,0,0,0
11,50,0.86,0.77,0.86,0.85,0.93,1.4420021624032975,2.33863989488508,1.6090802201402592,1.5295618237310045,1.8168216537259072,0,0,0,0,0
12,0,0.91,0.91,0.91,,0.91,1.7770073384729717,1.7770073384729717,1.7770073384729717,,1.7770073384729717,0,0,0,0,0
12,10,0.86,0.85,0.81,0.84,0.87,1.654750625615581,1.7001122891714648,2.1945307387465043,5.8136140019293805,1.7770073384729717,0,0,0,0,0
12,20,0.86,0.8,0.84,0.91,0.91,1.5110038211672019,1.6488457946629669,1.5801043197817553,1.916966914108956,1.7770073384729717,0,0,0,0,0
12,30,0.82,0.83,0.85,0.82,0.91,1.4326067497575456,2.3148021078184198,1.5828089472488092,1.6858707770743075,1.7770073384729717,0,0,0,0,0
12,40,0.84,0.85,0.84,0.88,0.9,1.4658055674413795,2.2823992838450047,1.680525974343698,1.660576362633935,1.7770073384729717,0,0,0,0,0
12,50,0.85,0.77,0.78,0.82,0.89,1.4126987454519686,2.281106039260515,1.4562450707470984,1.5092448788393544,1.7770073384729717,0,0,0,0,0
13,0,0.8,0.8,0.8,,0.8,1.842002834191919,1.842002834191919,1.842002834191919,,1.842002834191919,0,0,0,0,0
13,10,0.87,0.87,0.94,0.84,0.88,1.7534646512138274,1.7945893549159013,4.379489211712106,5.233739860023771,1.842002834191919,0,0,0,0,0
13,20,0.78,0.74,0.77,0.73,0.83,1.6077381377449962,1.7847733271874282,1.560484660875618,1.8548693495191033,1.842002834191919,0,0,0,0,0
13,30,0.83,0.84,0.82,0.75,0.8,1.4801591183869705,2.4337320711195325,1.7321673863821885,1.719530721594883,1.842002834191919,0,0,0,0,0
13,40,0.8,0.91,0.83,0.81,0.84,1.4588324734807645,2.2638066378844317,1.5704290226412274,1.592706270053071,1.842002834191919,0,0,0,0,0
13,50,0.73,0.85,0.74,0.76,0.83,1.3662200334588803,2.247736915307442,1.493154836478917,1.463972243442017,1.842002834191919,0,0,0,0,0
14,0,0.82,0.82,0.82,,0.82,1.7952996708619846,1.7952996708619846,1.7952996708619846,,1.7952996708619846,0,0,0,0,0
14,10,0.85,0.85,0.91,0.84,0.87,1.6369017844761915,1.8210345961218786,5.9945037698265065,4.670415160376606,1.7952996708619846,0,0,0,0,0
14,20,0.81,0.86,0.77,0.79,0.88,1.4974834668081758,1.9202484461659184,1.5031478313170152,1.9991195627444358,1.7952996708619846,0,0,0,0,0
14,30,0.81,0.82,0.83,0.74,0.91,1.5024841208908701,2.3781777417801,1.7419979746163667,1.6185098428508211,1.7952996708619846,0,0,0,0,0
14,40,0.78,0.75,0.76,0.73,0.85,1.4915667654407574,2.264984727805913,1.5355940180056173,1.5993453219419038,1.7952996708619846,0,0,0,0,0
14,50,0.8,0.86,0.81,0.71,0.91,1.429717251351199,2.2057882813966723,1.613491842722428,1.5066654005420508,1.7952996708619846,0,0,0,0,0
15,0,0.93,0.93,0.93,,0.93,1.8444185225780698,1.8444185225780698,1.8444185225780698,,1.8444185225780698,0,0,0,0,0
15,10,0.87,0.89,0.82,0.86,0.88,1.6610151831650048,1.8697720825161768,2.587514288836119,4.810165501911219,1.8444185225780698,0,0,0,0,0
15,20,0.84,0.79,0.81,0.81,0.9,1.5200333286829626,1.732475845725948,1.4525113072936207,2.043086262011877,1.8444185225780698,0,0,0,0,0
15,30,0.82,0.9,0.83,0.83,0.94,1.420000687611521,2.197862640855507,1.6356501483780301,1.6797825762507128,1.8444185225780698,0,0,0,0,0
15,40,0.77,0.78,0.8,0.82,0.87,1.4442003136048656,2.247464208909631,1.634822182679255,1.6424794518024934,1.8444185225780698,0,0,0,0,0
15,50,0.77,0.77,0.75,0.81,0.85,1.3887709527406944,2.2295447426452255,1.4354081590752783,1.5624712669028349,1.8444185225780698,0,0,0,0,0
16,0,0.91,0.91,0.91,,0.91,1.883390043065709,1.883390043065709,1.883390043065709,,1.883390043065709,0,0,0,0,0
16,10,0.88,0.9,0.93,0.85,0.89,1.6709002894052967,1.7836316109144152,6.4840746310115085,5.720554752404009,1.883390043065709,0,0,0,0,0
16,20,0.83,0.78,0.85,0.78,0.88,1.5227860350607845,1.4674278338222906,1.5806905536630849,1.9866717268027219,1.883390043065709,0,0,0,0,0
16,30,0.76,0.84,0.77,0.8,0.88,1.4718977338536052,2.289385008499491,1.5318087536722638,1.676373341107255,1.883390043065709,0,0,0,0,0
16,40,0.77,0.87,0.77,0.8,0.85,1.509609051286711,2.303945798471652,1.6158659702880211,1.5966958783394245,1.883390043065709,0,0,0,0,0
16,50,0.75,0.78,0.84,0.82,0.83,1.413397787457129,2.1837780961411837,1.4715431185246692,1.470918320984945,1.883390043065709,0,0,0,0,0
17,0,0.89,0.89,0.89,,0.89,1.9140393516003322,1.9140393516003322,1.9140393516003322,,1.9140393516003322,0,0,0,0,0
17,10,0.84,0.87,0.78,0.79,0.87,1.7284340313369908,1.8160148749271907,3.0041702323958592,5.767007657830307,1.9140393516003322,0,0,0,0,0
17,20,0.79,0.83,0.76,0.81,0.86,1.616247913008836,1.7583964558377878,1.610580209264469,2.032215774420541,1.9140393516003322,0,0,0,0,0
17,30,0.81,0.82,0.85,0.8,0.89,1.4316740463448652,2.2694026453848144,1.6291131054383077,1.6396047077994924,1.9140393516003322,0,0,0,0,0
17,40,0.78,0.74,0.8,0.76,0.87,1.4565725451015918,2.2582936297616403,1.5563815305512172,1.5992940672721083,1.9140393516003322,0,0,0,0,0
17,50,0.81,0.83,0.8,0.79,0.92,1.478442814839349,2.171161735477283,1.4865027088907654,1.500604564683874,1.9140393516003322,0,0,0,0,0
18,0,0.89,0.89,0.89,,0.89,1.709804184999436,1.709804184999436,1.709804184999436,,1.709804184999436,0,0,0,0,0
18,10,0.84,0.79,0.89,0.88,0.85,1.6031921042195179,1.6819503050239804,5.833292158171854,4.536009405096679,1.709804184999436,0,0,0,0,0
18,20,0.81,0.8,0.81,0.87,0.87,1.5136486553136832,1.7653085220137301,1.6907544220276656,1.94289409115212,1.709804184999436,0,0,0,0,0
18,30,0.89,0.85,0.87,0.79,0.9,1.5685975641228203,2.446719955987292,1.7298463188326672,1.761662683238558,1.709804184999436,0,0,0,0,0
18,40,0.72,0.77,0.81,0.84,0.82,1.5279892276316915,2.3435126642392063,1.6312968580306757,1.6588260959562868,1.709804184999436,0,0,0,0,0
18,50,0.76,0.86,0.77,0.79,0.87,1.4062136157685272,2.222963190023224,1.3853597354573939,1.4228482589038385,1.709804184999436,0,0,0,0,0
19,0,0.94,0.94,0.94,,0.94,1.9796738598626993,1.9796738598626993,1.9796738598626993,,1.9796738598626993,0,0,0,0,0
19,10,0.78,0.83,0.83,0.84,0.88,1.6095811692896211,1.8472264027516385,3.0233485191843057,4.8431761344896085,1.9796738598626993,0,0,0,0,0
19,20,0.82,0.77,0.81,0.86,0.95,1.4260378132326066,1.6106267619904264,1.5291937435009673,1.9001080353308388,1.9796738598626993,0,0,0,0,0
19,30,0.8,0.83,0.8,0.81,0.82,1.5341812985688987,2.3409566696957977,1.7934490482140926,1.7523055805711127,1.9796738598626993,0,0,0,0,0
19,40,0.8,0.8,0.79,0.78,0.91,1.516135189772718,2.3000825431371474,1.686967786329395,1.6619767623449975,1.9796738598626993,0,0,0,0,0
19,50,0.73,0.77,0.81,0.72,0.83,1.496769293763174,2.1726946482393816,1.5513078937562215,1.510833311485491,1.9796738598626993,0,0,0,0,0
20,0,0.81,0.81,0.81,,0.81,1.7703426051390139,1.7703426051390139,1.7703426051390139,,1.7703426051390139,0,0,0,0,0
20,10,0.74,0.79,0.91,0.81,0.78,1.6704636959716512,1.6988227904142261,2.9835999653987955,5.025089859052631,1.7703426051390139,0,0,0,0,0
20,20,0.71,0.74,0.73,0.79,0.81,1.5490395575243197,1.6274540035060747,1.589982684465689,2.163734406883362,1.7703426051390139,0,0,0,0,0
20,30,0.83,0.87,0.85,0.81,0.85,1.292565309986996,2.2686976092142137,1.4274975961858563,1.483027343099188,1.7703426051390139,0,0,0,0,0
20,40,0.85,0.86,0.82,0.81,0.88,1.438667430194949,2.1967739947534892,1.5356909031914725,1.5048570281891642,1.7703426051390139,0,0,0,0,0
20,50,0.87,0.87,0.88,0.86,0.88,1.4066199682867806,2.1942041291263354,1.41750367452384,1.4923825546834926,1.7703426051390139,0,0,0,0,0
21,0,0.85,0.85,0.85,,0.85,1.8871327177038004,1.8871327177038004,1.8871327177038004,,1.8871327177038004,0,0,0,0,0
21,10,0.81,0.81,0.69,0.8,0.84,1.7621275717189246,1.834819138840385,2.1084566062044168,5.146106855237386,1.8871327177038004,0,0,0,0,0
21,20,0.78,0.79,0.76,0.83,0.85,1.5590218622511527,1.6157522597447471,1.2932312806359891,1.9571241424193695,1.8871327177038004,0,0,0,0,0
21,30,0.82,0.84,0.77,0.76,0.83,1.436605992786511,2.372653676640364,1.6643573049700293,1.703887506888087,1.8871327177038004,0,0,0,0,0
21,40,0.78,0.84,0.82,0.82,0.83,1.5344915553144092,2.272652928142377,1.638172501042343,1.6488690450084391,1.8871327177038004,0,0,0,0,0
21,50,0.79,0.81,0.85,0.81,0.9,1.3780511235314776,2.2063946751990224,1.448167371300662,1.4512014005926133,1.8871327177038004,0,0,0,0,0
22,0,0.88,0.88,0.88,,0.88,1.5776194322056665,1.5776194322056665,1.5776194322056665,,1.5776194322056665,0,0,0,0,0
22,10,0.86,0.88,0.82,0.81,0.88,1.4566276692864188,1.5619841925185514,2.3694598759865073,4.420637916020507,1.5776194322056665,0,0,0,0,0
22,20,0.86,0.79,0.85,0.83,0.93,1.3673075667665984,1.4244165324611506,1.452911556677715,1.9657190423894728,1.5776194322056665,0,0,0,0,0
22,30,0.88,0.79,0.88,0.9,0.88,1.3768706178461259,2.3702462724425657,1.6438034911105772,1.7205471190850257,1.5776194322056665,0,0,0,0,0
22,40,0.87,0.82,0.83,0.84,0.89,1.3988781493618738,2.208482849464401,1.5482190224906016,1.526884265381759,1.5776194322056665,0,0,0,0,0
22,50,0.74,0.75,0.74,0.74,0.84,1.3854558640944503,2.2604241961156086,1.437554872469911,1.3908322050009696,1.5776194322056665,0,0,0,0,0
23,0,0.94,0.94,0.94,,0.94,1.8740530024287172,1.8740530024287172,1.8740530024287172,,1.8740530024287172,0,0,0,0,0
23,10,0.87,0.86,0.89,0.87,0.91,1.6037348323502636,1.7802883195147046,2.980764780154036,4.606010243166454,1.8740530024287172,0,0,0,0,0
23,20,0.84,0.82,0.85,0.85,0.93,1.453386018079819,1.8121126839040174,1.5897415265178938,1.8888535434826625,1.8740530024287172,0,0,0,0,0
23,30,0.81,0.76,0.8,0.8,0.88,1.4388961303380405,2.336934129750217,1.55729152324351,1.5456927782465462,1.8740530024287172,0,0,0,0,0
23,40,0.78,0.81,0.8,0.81,0.94,1.428608264062253,2.2573439268447464,1.590002082163532,1.5194748295442437,1.8740530024287172,0,0,0,0,0
23,50,0.76,0.8,0.82,0.77,0.86,1.481861925632598,2.324173537240687,1.6284857123733405,1.5724437164778284,1.8740530024287172,0,0,0,0,0
24,0,0.85,0.85,0.85,,0.85,1.5096527749562543,1.5096527749562543,1.5096527749562543,,1.5096527749562543,0,0,0,0,0
24,10,0.74,0.72,0.86,0.8,0.75,1.476517217512395,1.591085720486543,2.955236102960707,4.650240434800045,1.5096527749562543,0,0,0,0,0
24,20,0.74,0.8,0.78,0.79,0.81,1.324398209385404,1.745745530967932,1.3152551455313155,1.767788767753991,1.5096527749562543,0,0,0,0,0
24,30,0.78,0.8,0.82,0.82,0.79,1.5366440495556928,2.3414209760681577,1.6446733390628072,1.69286561426897,1.5096527749562543,0,0,0,0,0
24,40,0.79,0.8,0.77,0.78,0.72,1.4564081684234276,2.293839537978305,1.4911055053660995,1.6808711545912636,1.5096527749562543,0,0,0,0,0
24,50,0.73,0.8,0.73,0.82,0.74,1.4588253629394452,2.2347987101296165,1.5207686897422037,1.5036239590587541,1.5096527749562543,0,0,0,0,0
25,0,0.84,0.84,0.84,,0.84,1.7543659089672483,1.7543659089672483,1.7543659089672483,,1.7543659089672483,0,0,0,0,0
25,10,0.84,0.82,0.79,0.85,0.88,1.6060803479893542,1.5886624367473101,2.13156022121794,3.751227934461708,1.7543659089672483,0,0,0,0,0
25,20,0.76,0.76,0.67,0.82,0.8,1.5220772533578637,1.6640406408653652,1.357174524714967,1.7725272701394665,1.7543659089672483,0,0,0,0,0
25,30,0.71,0.74,0.75,0.72,0.81,1.39693543250235,2.207645462575679,1.7013859640421705,1.7432602986820886,1.7543659089672483,0,0,0,0,0
25,40,0.82,0.87,0.84,0.9,0.9,1.4785735559415865,2.3198604907935723,1.541516261451485,1.7713330473501379,1.7543659089672483,0,0,0,0,0
25,50,0.76,0.81,0.8,0.75,0.81,1.491994326238522,2.421185286978722,1.582526080854812,1.573319917168079,1.7543659089672483,0,0,0,0,0
26,0,0.91,0.91,0.91,,0.91,1.98203872233334,1.98203872233334,1.98203872233334,,1.98203872233334,0,0,0,0,0
26,10,0.9,0.87,0.85,0.82,0.94,1.772523062831582,1.8407839470817842,2.5916888710333232,6.854035560779327,1.98203872233334,0,0,0,0,0
26,20,0.86,0.9,0.88,0.87,0.92,1.6402569410095162,1.8026543691028651,1.5369783864288253,1.8927560859332895,1.98203872233334,0,0,0,0,0
26,30,0.8,0.73,0.81,0.77,0.87,1.4156051212286758,2.391732155369354,1.58562141605832,1.632594911285785,1.98203872233334,0,0,0,0,0
26,40,0.81,0.77,0.83,0.81,0.91,1.4446272224202759,2.36152574798858,1.601333754934784,1.5996263485590356,1.98203872233334,0,0,0,0,0
26,50,0.78,0.86,0.81,0.8,0.91,1.358383423182071,2.200152454860976,1.3868496382964746,1.4340537213850615,1.98203872233334,0,0,0,0,0
27,0,0.92,0.92,0.92,,0.92,1.7332650011087756,1.7332650011087756,1.7332650011087756,,1.7332650011087756,0,0,0,0,0
27,10,0.79,0.81,0.88,0.82,0.84,1.5661398538759137,1.5733621678336585,3.3358211006112155,4.6660137854830905,1.7332650011087756,0,0,0,0,0
27,20,0.85,0.81,0.76,0.83,0.92,1.397644560352539,1.6160359151510066,1.3365708267185994,2.121587351863857,1.7332650011087756,0,0,0,0,0
27,30,0.83,0.75,0.83,0.84,0.9,1.4223471637769465,2.3661242145360646,1.6362763659684838,1.628577191227489,1.7332650011087756,0,0,0,0,0
27,40,0.83,0.78,0.82,0.83,0.88,1.4010066958596519,2.295080390441737,1.539028027661943,1.5960596004353802,1.7332650011087756,0,0,0,0,0
27,50,0.82,0.81,0.86,0.84,0.9,1.4142521396183825,2.2477075014274597,1.4784266118771785,1.4818365499090664,1.7332650011087756,0,0,0,0,0
28,0,0.84,0.84,0.84,,0.84,1.6331019404124172,1.6331019404124172,1.6331019404124172,,1.6331019404124172,0,0,0,0,0
28,10,0.84,0.86,0.79,0.83,0.88,1.473644559826884,1.6914423133040173,3.1092719894168175,4.842645642110062,1.6331019404124172,0,0,0,0,0
28,20,0.77,0.75,0.76,0.84,0.85,1.4040542897032444,1.6280254966515586,1.3992673856708167,1.811917541088156,1.6331019404124172,0,0,0,0,0
28,30,0.85,0.82,0.82,0.86,0.88,1.3263650552868376,2.3178915295785143,1.435118366525526,1.562539305976582,1.6331019404124172,0,0,0,0,0
28,40,0.82,0.85,0.84,0.86,0.87,1.5628001990469396,2.351119750124817,1.6670444053301177,1.6235188223983976,1.6331019404124172,0,0,0,0,0
28,50,0.83,0.82,0.81,0.8,0.87,1.4332259042448545,2.2534007657087844,1.5309201963762797,1.575942270446657,1.6331019404124172,0,0,0,0,0
29,0,0.87,0.87,0.87,,0.87,1.6670852521638524,1.6670852521638524,1.6670852521638524,,1.6670852521638524,0,0,0,0,0
29,10,0.8,0.81,0.78,0.83,0.85,1.5778874846928028,1.6686375235762654,2.3340517309173854,4.610392263703132,1.6670852521638524,0,0,0,0,0
29,20,0.79,0.74,0.73,0.82,0.85,1.4244534978399117,1.487376916105394,1.21547068367203,2.0291968565611094,1.6670852521638524,0,0,0,0,0
29,30,0.8,0.79,0.82,0.83,0.88,1.3935017850999019,2.162132713163392,1.5229291814736774,1.5605837080985425,1.6670852521638524,0,0,0,0,0
29,40,0.81,0.82,0.76,0.75,0.84,1.3341769680972746,2.359512598102647,1.5302706349339719,1.6410213437611643,1.6670852521638524,0,0,0,0,0
29,50,0.85,0.76,0.81,0.86,0.85,1.473057891360918,2.2732770554849755,1.565303722083346,1.5030722739533575,1.6670852521638524,0,0,0,0,0
30,0,0.97,0.97,0.97,,0.97,2.083891472815084,2.083891472815084,2.083891472815084,,2.083891472815084,0,0,0,0,0
30,10,0.86,0.92,0.89,0.88,0.93,1.7494043373150086,1.9472879473549258,4.814438360402993,4.713947902179791,2.083891472815084,0,0,0,0,0
30,20,0.84,0.86,0.85,0.8,0.9,1.5991894249017564,1.9476856851488358,1.7458407242815523,1.944840941180813,2.083891472815084,0,0,0,0,0
30,30,0.84,0.83,0.82,0.79,0.91,1.4995032104290664,2.3303751274430065,1.7075114603455084,1.6120477253613883,2.083891472815084,0,0,0,0,0
30,40,0.8,0.86,0.73,0.76,0.88,1.4651128850897392,2.318148762306316,1.488547647049935,1.5967044238798882,2.083891472815084,0,0,0,0,0
30,50,0.82,0.83,0.84,0.83,0.96,1.5139275747015701,2.3363320048533165,1.618823402826477,1.634351528812566,2.083891472815084,0,0,0,0,0
31,0,0.87,0.87,0.87,,0.87,1.7425392509519857,1.7425392509519857,1.7425392509519857,,1.7425392509519857,0,0,0,0,0
31,10,0.83,0.89,0.75,0.92,0.83,1.5521937093771583,1.7435244507448244,2.3070023191500377,5.723637649573419,1.7425392509519857,0,0,0,0,0
31,20,0.76,0.74,0.84,0.78,0.85,1.3169490336109453,1.485168623740035,1.5964510830168521,1.932354813895977,1.7425392509519857,0,0,0,0,0
31,30,0.75,0.82,0.85,0.84,0.87,1.4003405753420302,2.3111478016133464,1.6683057629327631,1.6770841876712543,1.7425392509519857,0,0,0,0,0
31,40,0.78,0.89,0.84,0.83,0.87,1.3900132107564585,2.0950401662095386,1.5222785532547956,1.62191902989306,1.7425392509519857,0,0,0,0,0
31,50,0.8,0.83,0.79,0.84,0.88,1.3776796216791034,2.2946379466631854,1.4996427610550547,1.5440849953785327,1.7425392509519857,0,0,0,0,0
32,0,0.88,0.88,0.88,,0.88,1.723669088800156,1.723669088800156,1.723669088800156,,1.723669088800156,0,0,0,0,0
32,10,0.79,0.82,0.75,0.84,0.85,1.524670777915007,1.681228149187715,2.661568451065227,4.655382022614432,1.723669088800156,0,0,0,0,0
32,20,0.81,0.83,0.83,0.78,0.89,1.322071831995256,1.6918716727033267,1.4455541271987862,1.886821783072564,1.723669088800156,0,0,0,0,0
32,30,0.78,0.81,0.77,0.8,0.87,1.4629812533886897,2.2518950587236493,1.5891342824349923,1.5582253502310612,1.723669088800156,0,0,0,0,0
32,40,0.79,0.82,0.81,0.86,0.87,1.4790062821612544,2.267695328816706,1.6624067278326025,1.5969803265620042,1.723669088800156,0,0,0,0,0
32,50,0.82,0.8,0.86,0.83,0.86,1.5283490499788035,2.3303343879815905,1.6804114265502035,1.6738421965007064,1.723669088800156,0,0,0,0,0
33,0,0.93,0.93,0.93,,0.93,2.0951282817672965,2.0951282817672965,2.0951282817672965,,2.0951282817672965,0,0,0,0,0
33,10,0.92,0.92,0.87,0.83,0.95,1.8194472117984093,1.8428869482125139,3.5399268162862656,4.712004739884628,2.0951282817672965,0,0,0,0,0
33,20,0.88,0.68,0.79,0.86,0.94,1.6737576480405116,1.5050640659141248,1.5512805848882065,2.05049186232967,2.0951282817672965,0,0,0,0,0
33,30,0.85,0.81,0.9,0.86,0.95,1.4938469195163397,2.173470504059436,1.5681527908424806,1.534834708913814,2.0951282817672965,0,0,0,0,0
33,40,0.89,0.82,0.82,0.86,0.91,1.5333843643761687,2.246152417855266,1.5692450703883536,1.5913048811609416,2.0951282817672965,0,0,0,0,0
33,50,0.78,0.77,0.77,0.81,0.94,1.5557143883555877,2.25580100578206,1.5527373359481995,1.5486373635177513,2.0951282817672965,0,0,0,0,0
34,0,0.86,0.86,0.86,,0.86,1.6898419633531354,1.6898419633531354,1.6898419633531354,,1.6898419633531354,0,0,0,0,0
34,10,0.79,0.86,0.95,0.83,0.84,1.496634874438525,1.7538650638331195,8.50584022532864,4.552467912212705,1.6898419633531354,0,0,0,0,0
34,20,0.7,0.73,0.7,0.75,0.77,1.4060135256547714,1.6856856527462587,1.47218720647475,1.7715015276052892,1.6898419633531354,0,0,0,0,0
34,30,0.81,0.8,0.85,0.86,0.87,1.3744332308386538,2.220446621091977,1.4558496126120661,1.6189462536457677,1.6898419633531354,0,0,0,0,0
34,40,0.94,0.81,0.83,0.87,0.92,1.5107849974743277,2.3255241711595938,1.602403143884976,1.6072063864084485,1.6898419633531354,0,0,0,0,0
34,50,0.81,0.79,0.86,0.84,0.84,1.4900489975383653,2.2827553004187093,1.5697095295114827,1.5717825604971214,1.6898419633531354,0,0,0,0,0
35,0,0.92,0.92,0.92,,0.92,2.056045594626373,2.056045594626373,2.056045594626373,,2.056045594626373,0,0,0,0,0
35,10,0.9,0.92,0.86,0.81,0.92,1.773985572713661,1.933569631691434,2.9942192056015537,4.441699630601343,2.056045594626373,0,0,0,0,0
35,20,0.83,0.81,0.77,0.81,0.9,1.5461668028381979,1.7566517465076166,1.6277908377067338,1.860544357534672,2.056045594626373,0,0,0,0,0
35,30,0.85,0.87,0.87,0.87,0.96,1.540996058923081,2.2993608422312954,1.7184827390834192,1.7244738575543774,2.056045594626373,0,0,0,0,0
35,40,0.77,0.8,0.82,0.81,0.89,1.5238523227048988,2.492987395928962,1.5842799195335724,1.6317981848485876,2.056045594626373,0,0,0,0,0
35,50,0.86,0.84,0.85,0.85,0.92,1.4563277139451567,2.2764401971182635,1.6081354541255315,1.5854288610000846,2.056045594626373,0,0,0,0,0
36,0,0.85,0.85,0.85,,0.85,1.5987797130950612,1.5987797130950612,1.5987797130950612,,1.5987797130950612,0,0,0,0,0
36,10,0.8,0.82,0.87,0.8,0.85,1.5063668797905903,1.7454901083053502,4.131407090574685,4.679847037423753,1.5987797130950612,0,0,0,0,0
36,20,0.82,0.83,0.77,0.8,0.86,1.368393683640352,1.6021260502366301,1.281036164374405,1.8127239939614586,1.5987797130950612,0,0,0,0,0
36,30,0.86,0.86,0.87,0.85,0.86,1.4782752567246595,2.3023996433706415,1.6405071069359067,1.8031380567753577,1.5987797130950612,0,0,0,0,0
36,40,0.79,0.79,0.81,0.75,0.84,1.4875787088443042,2.214612107215284,1.599419405893876,1.6061265191411969,1.5987797130950612,0,0,0,0,0
36,50,0.84,0.87,0.83,0.88,0.86,1.4257144576206744,2.2567358422197628,1.5532683499009023,1.4638727955497142,1.5987797130950612,0,0,0,0,0
37,0,0.89,0.89,0.89,,0.89,1.6478396914510953,1.6478396914510953,1.6478396914510953,,1.6478396914510953,0,0,0,0,0
37,10,0.87,0.89,0.86,0.79,0.89,1.5340236281609267,1.870658675226876,3.503519317787051,5.080191599171413,1.6478396914510953,0,0,0,0,0
37,20,0.79,0.8,0.75,0.81,0.88,1.416808492293039,1.7276006631540564,1.3294395108895278,1.9931090748713713,1.6478396914510953,0,0,0,0,0
37,30,0.76,0.79,0.78,0.8,0.8,1.4976590064144406,2.242691610677363,1.8146706891232767,1.731605774858895,1.6478396914510953,0,0,0,0,0
37,40,0.81,0.69,0.76,0.79,0.78,1.3657663338270989,2.240845890718694,1.48395048763958,1.5133244368044987,1.6478396914510953,0,0,0,0,0
37,50,0.8,0.76,0.72,0.75,0.81,1.502646412616453,2.25852218863763,1.4757646361241585,1.6216075744895504,1.6478396914510953,0,0,0,0,0
38,0,0.86,0.86,0.86,,0.86,1.8653672863141508,1.8653672863141508,1.8653672863141508,,1.8653672863141508,0,0,0,0,0
38,10,0.77,0.83,0.9,0.82,0.81,1.6356310386283481,1.811571709169499,4.59564564531231,5.213733172646542,1.8653672863141508,0,0,0,0,0
38,20,0.84,0.82,0.87,0.86,0.91,1.5602952428637626,1.7120256678672494,1.624859413842466,2.064759600997675,1.8653672863141508,0,0,0,0,0
38,30,0.76,0.79,0.78,0.82,0.87,1.3285011316909117,2.1587952598828553,1.3861092720948853,1.4824140418202358,1.8653672863141508,0,0,0,0,0
38,40,0.79,0.76,0.76,0.72,0.9,1.4923009334390818,2.2696806316614437,1.6050083262505075,1.517940886765859,1.8653672863141508,0,0,0,0,0
38,50,0.78,0.79,0.73,0.76,0.86,1.485197479446787,2.2644556139288743,1.5298034756503973,1.5182129961452513,1.8653672863141508,0,0,0,0,0
39,0,0.83,0.83,0.83,,0.83,1.6836887639417375,1.6836887639417375,1.6836887639417375,,1.6836887639417375,0,0,0,0,0
39,10,0.84,0.84,0.91,0.85,0.84,1.526553930455774,1.680838611270417,3.379660000440828,4.795888906323846,1.6836887639417375,0,0,0,0,0
39,20,0.84,0.85,0.81,0.75,0.88,1.384469797025175,1.5977094449649396,1.578514106586819,1.8338393143261023,1.6836887639417375,0,0,0,0,0
39,30,0.79,0.8,0.83,0.83,0.83,1.4337434611883675,2.275017049835327,1.7316589339762665,1.697774311051716,1.6836887639417375,0,0,0,0,0
39,40,0.87,0.75,0.88,0.87,0.91,1.3912377988496547,2.2777173940227264,1.6480860060235718,1.6617565580101084,1.6836887639417375,0,0,0,0,0
39,50,0.87,0.83,0.87,0.87,0.91,1.5362268843226372,2.304888860923792,1.579600393902933,1.6577314590672774,1.6836887639417375,0,0,0,0,0
40,0,0.91,0.91,0.91,,0.91,2.1479419416297376,2.1479419416297376,2.1479419416297376,,2.1479419416297376,0,0,0,0,0
40,10,0.83,0.85,0.74,0.84,0.89,1.923709036197164,2.034811319628037,2.4017234080416063,5.969445886982535,2.1479419416297376,0,0,0,0,0
40,20,0.78,0.79,0.82,0.75,0.89,1.6834058579240412,1.869657654879998,1.7765129772591677,1.8282850735450396,2.1479419416297376,0,0,0,0,0
40,30,0.85,0.85,0.86,0.8,0.93,1.5076361943272856,2.3999874594811814,1.8349664407955353,1.7581408806059318,2.1479419416297376,0,0,0,0,0
40,40,0.83,0.8,0.86,0.83,0.96,1.3675270083278839,2.3043543339770753,1.431303768045791,1.4657106580933283,2.1479419416297376,0,0,0,0,0
40,50,0.87,0.79,0.82,0.85,0.91,1.522408424863559,2.328771055420253,1.5398845462960238,1.5707974508196774,2.1479419416297376,0,0,0,0,0
41,0,0.85,0.85,0.85,,0.85,2.930870879833921,2.930870879833921,2.930870879833921,,2.930870879833921,0,0,0,0,0
41,10,0.85,0.84,0.79,0.83,0.9,2.664908450721867,2.1937914931835785,3.011820280617356,4.3348152240627185,2.930870879833921,0,0,0,0,0
41,20,0.76,0.83,0.78,0.88,0.81,2.50414671000949,2.195792879836309,2.057969916380129,2.0018726196898617,2.930870879833921,0,0,0,0,0
41,30,0.74,0.8,0.76,0.71,0.85,1.4206247856007121,2.348071578944965,1.663577477292601,1.5941675426042594,2.930870879833921,0,0,0,0,0
41,40,0.77,0.83,0.79,0.78,0.81,1.496875973422234,2.2642862779035813,1.600150896024395,1.6687979945908997,2.930870879833921,0,0,0,0,0
41,50,0.83,0.83,0.87,0.8,0.87,1.355903683376516,2.2377534451683845,1.4583432217848653,1.4708036835261724,2.930870879833921,0,0,0,0,0
42,0,0.88,0.88,0.88,,0.88,1.5278857592600197,1.5278857592600197,1.5278857592600197,,1.5278857592600197,0,0,0,0,0
42,10,0.7,0.69,0.82,0.84,0.72,1.3762693646393243,1.469045270631307,2.670764341526124,4.9482547074028,1.5278857592600197,0,0,0,0,0
42,20,0.8,0.71,0.75,0.78,0.85,1.2721533117985349,1.436150433932936,1.2583776349037556,1.8748199268788341,1.5278857592600197,0,0,0,0,0
42,30,0.79,0.81,0.79,0.81,0.76,1.5692098578133886,2.321763829449889,1.816397459669632,1.810127685050494,1.5278857592600197,0,0,0,0,0
42,40,0.83,0.78,0.8,0.85,0.82,1.3300263569790878,2.243818964799365,1.4924357078826391,1.4706387907634084,1.5278857592600197,0,0,0,0,0
42,50,0.79,0.83,0.81,0.81,0.78,1.4255821651390452,2.217525613833003,1.4897979667202856,1.4588036199811363,1.5278857592600197,0,0,0,0,0
43,0,0.86,0.86,0.86,,0.86,1.8437461826742987,1.8437461826742987,1.8437461826742987,,1.8437461826742987,0,0,0,0,0
43,10,0.8,0.83,0.87,0.77,0.85,1.6569304739579098,1.8604094947271452,4.1786362269980915,5.037496163778714,1.8437461826742987,0,0,0,0,0
43,20,0.76,0.85,0.71,0.8,0.89,1.5065254651287945,1.7748781541892966,1.4386319142097186,1.988649987695199,1.8437461826742987,0,0,0,0,0
43,30,0.77,0.78,0.78,0.83,0.89,1.5125558022561423,2.2613133713064895,1.5758905916837498,1.6115815957264887,1.8437461826742987,0,0,0,0,0
43,40,0.77,0.8,0.78,0.84,0.81,1.446773438486474,2.285668789075695,1.6293177899865412,1.643510701992641,1.8437461826742987,0,0,0,0,0
43,50,0.78,0.79,0.82,0.82,0.88,1.4152563279727033,2.3041694369339005,1.4722188894330168,1.4538229595770562,1.8437461826742987,0,0,0,0,0
44,0,0.85,0.85,0.85,,0.85,1.837692886488256,1.837692886488256,1.837692886488256,,1.837692886488256,0,0,0,0,0
44,10,0.87,0.85,0.75,0.88,0.9,1.6332495146089046,1.7455605369609661,3.086396170928467,4.971691435717611,1.837692886488256,0,0,0,0,0
44,20,0.83,0.81,0.78,0.82,0.87,1.530634869077094,1.7180976416220006,1.5221696286721964,2.0416863671216356,1.837692886488256,0,0,0,0,0
44,30,0.81,0.78,0.84,0.79,0.83,1.466702352353824,2.2946059664750313,1.704712714372908,1.6288387319652302,1.837692886488256,0,0,0,0,0
44,40,0.89,0.86,0.88,0.81,0.93,1.3401175580636888,2.2760182328001974,1.551370716968032,1.517608266674817,1.837692886488256,0,0,0,0,0
44,50,0.8,0.86,0.86,0.85,0.93,1.4070847805198572,2.177327024652892,1.4259500239731793,1.4663933327604812,1.837692886488256,0,0,0,0,0
45,0,0.8,0.8,0.8,,0.8,1.4004858365990414,1.4004858365990414,1.4004858365990414,,1.4004858365990414,0,0,0,0,0
45,10,0.79,0.83,0.94,0.89,0.85,1.2102954824001797,1.50860115133437,6.154317133834015,5.375189359366714,1.4004858365990414,0,0,0,0,0
45,20,0.82,0.72,0.68,0.82,0.87,1.1074372878072016,1.3629531095440366,1.0354371725716587,1.8743052289226934,1.4004858365990414,0,0,0,0,0
45,30,0.79,0.74,0.77,0.79,0.77,1.4178840950268015,2.3176597033999995,1.592459204559765,1.637612644748001,1.4004858365990414,0,0,0,0,0
45,40,0.82,0.76,0.85,0.86,0.78,1.5044195788234527,2.262244801714794,1.5893832465525222,1.6589899413782796,1.4004858365990414,0,0,0,0,0
45,50,0.78,0.82,0.82,0.85,0.75,1.4259105363888995,2.2968220089816724,1.477092848899514,1.5701912303373953,1.4004858365990414,0,0,0,0,0
46,0,0.87,0.87,0.87,,0.87,2.0810047516184786,2.0810047516184786,2.0810047516184786,,2.0810047516184786,0,0,0,0,0
46,10,0.92,0.8,0.84,0.76,0.95,1.9203369577617302,1.654192701958201,2.931243690730307,4.9175027937707485,2.0810047516184786,0,0,0,0,0
46,20,0.81,0.76,0.83,0.77,0.86,1.7711063968883005,1.5870813664832908,1.6569873435661036,2.102165615732458,2.0810047516184786,0,0,0,0,0
46,30,0.78,0.83,0.78,0.77,0.88,1.4101877450329385,2.371723671525193,1.6968167230857476,1.6368701511094637,2.0810047516184786,0,0,0,0,0
46,40,0.81,0.8,0.85,0.82,0.93,1.3483589557283417,2.2674901442048863,1.455059262835567,1.4308428444496633,2.0810047516184786,0,0,0,0,0
46,50,0.79,0.74,0.79,0.85,0.87,1.4057645346677807,2.1995242597050213,1.4875768672146656,1.5607113949496236,2.0810047516184786,0,0,0,0,0
47,0,0.9,0.9,0.9,,0.9,2.009106034462012,2.009106034462012,2.009106034462012,,2.009106034462012,0,0,0,0,0
47,10,0.9,0.9,0.9,0.89,0.91,1.8140893126135893,1.9365969159300578,4.288280667498828,4.172032541261915,2.009106034462012,0,0,0,0,0
47,20,0.8,0.76,0.8,0.83,0.86,1.6718169015948923,1.740431542909049,1.7002442330206944,1.87024915039129,2.009106034462012,0,0,0,0,0
47,30,0.76,0.8,0.83,0.8,0.86,1.4613419763736382,2.353439377659778,1.6537601558945785,1.6447458088861284,2.009106034462012,0,0,0,0,0
47,40,0.79,0.82,0.8,0.85,0.91,1.501128282569762,2.33808554706406,1.5664967614575476,1.6277051860229528,2.009106034462012,0,0,0,0,0
47,50,0.77,0.83,0.76,0.79,0.85,1.4461709614437879,2.216556115593307,1.4402930992748888,1.3800766540020182,2.009106034462012,0,0,0,0,0
48,0,0.91,0.91,0.91,,0.91,1.8786582389371065,1.8786582389371065,1.8786582389371065,,1.8786582389371065,0,0,0,0,0
48,10,0.82,0.81,0.95,0.9,0.88,1.5959802560240135,1.6486494562278016,5.143363776366391,4.181243881684265,1.8786582389371065,0,0,0,0,0
48,20,0.75,0.78,0.79,0.84,0.83,1.4569720712345458,1.6092757492281424,1.7067626931070667,1.8794071530039285,1.8786582389371065,0,0,0,0,0
48,30,0.77,0.73,0.81,0.84,0.88,1.5275700983575107,2.28221361027619,1.6694487123755413,1.726838267135192,1.8786582389371065,0,0,0,0,0
48,40,0.84,0.82,0.86,0.8,0.91,1.460094411699224,2.131429878533739,1.5572403557510652,1.6472672971240652,1.8786582389371065,0,0,0,0,0
48,50,0.81,0.85,0.89,0.87,0.97,1.3860500080563836,2.231205821945948,1.5239552459534753,1.5410466784116765,1.8786582389371065,0,0,0,0,0
49,0,0.92,0.92,0.92,,0.92,1.8937347280922112,1.8937347280922112,1.8937347280922112,,1.8937347280922112,0,0,0,0,0
49,10,0.9,0.9,0.87,0.82,0.94,1.6524225709949418,1.6917421234061019,2.510137466037066,4.803192392411748,1.8937347280922112,0,0,0,0,0
49,20,0.84,0.7,0.83,0.83,0.89,1.494397904116437,1.561099548636429,1.4606235977829678,1.877459147036148,1.8937347280922112,0,0,0,0,0
49,30,0.85,0.8,0.81,0.83,0.91,1.555868627934155,2.29185942262706,1.7711012707839986,1.809124417984382,1.8937347280922112,0,0,0,0,0
49,40,0.82,0.82,0.82,0.77,0.9,1.4142965465848756,2.1540560891291456,1.7278598120014204,1.5535349543296544,1.8937347280922112,0,0,0,0,0
49,50,0.81,0.73,0.82,0.75,0.91,1.5357618790458167,2.30971832063872,1.5702298970979263,1.5068476824453358,1.8937347280922112,0,0,0,0,0
50,0,0.83,0.83,0.83,,0.83,1.7225728739692034,1.7225728739692034,1.7225728739692034,,1.7225728739692034,0,0,0,0,0
50,10,0.8,0.81,0.76,0.87,0.83,1.574623315044917,1.737126122409177,2.1501642366343776,5.2482810255273336,1.7225728739692034,0,0,0,0,0
50,20,0.82,0.77,0.73,0.87,0.9,1.4624256878211708,1.6617706437667585,1.2755784377476151,2.0148460942439543,1.7225728739692034,0,0,0,0,0
50,30,0.79,0.81,0.76,0.76,0.81,1.402257537727888,2.1906009390411167,1.5360207512511987,1.4966499974924918,1.7225728739692034,0,0,0,0,0
50,40,0.82,0.83,0.76,0.8,0.87,1.5418647948373354,2.2951996298378727,1.5690677790472898,1.645677379889405,1.7225728739692034,0,0,0,0,0
50,50,0.81,0.78,0.8,0.81,0.83,1.5365516027617119,2.326837974791376,1.6351009432418402,1.595439659341648,1.7225728739692034,0,0,0,0,0
