tau_B,alpha,o,method,coverage_mean,coverage_std,width_mean,width_median,width_std,proportion_infinite,n_infinite,base_seed
0.0,0.05,0,Donor-HCP-no-within,1.0,0.0,,,,1.0,5000,12345
0.0,0.05,0,Donor-HCP-within,1.0,0.0,,,,1.0,5000,12345
0.0,0.05,0,HCP,1.0,0.0,,,,1.0,5000,12345
0.0,0.05,0,Pooling,0.9212,0.26945330025108827,8.944312851351226,8.70049437270162,1.8539299724321854,0.0,0,12345
0.0,0.05,0,Repeated,1.0,0.0,,,,1.0,5000,12345
0.0,0.05,0,S-HCP-within,1.0,0.0,,,,1.0,5000,12345
0.0,0.05,0,Std-CP,1.0,0.0,,,,1.0,5000,12345
0.0,0.05,0,Subsampling,1.0,0.0,,,,1.0,5000,12345
0.0,0.05,5,Donor-HCP-no-within,0.9996,0.019997999499869967,10.915657862506443,11.813382392469464,1.36427321642786,0.9912,4956,12345
0.0,0.05,5,Donor-HCP-within,1.0,0.0,,,,1.0,5000,12345
0.0,0.05,5,HCP,1.0,0.0,,,,1.0,5000,12345
0.0,0.05,5,Pooling,0.9212,0.26945330025108827,8.944312851351226,8.70049437270162,1.8539299724321854,0.0,0,12345
0.0,0.05,5,Repeated,1.0,0.0,,,,1.0,5000,12345
0.0,0.05,5,S-HCP-within,0.952,0.2137876072839714,9.80530032257147,9.350815079634234,2.3005875898717854,0.0,0,12345
0.0,0.05,5,Std-CP,0.7564,0.4292969824956104,6.066628040705754,5.016454034074338,4.918789938235477,0.0,0,12345
0.0,0.05,5,Subsampling,1.0,0.0,,,,1.0,5000,12345
0.0,0.05,10,Donor-HCP-no-within,0.9888,0.10524626052773092,11.732086425367795,11.41068251890917,2.558096880255936,0.1228,614,12345
0.0,0.05,10,Donor-HCP-within,0.998,0.04468108413921899,9.921645883935494,9.499701170946878,2.373248331316539,0.8032,4016,12345
0.0,0.05,10,HCP,1.0,0.0,,,,1.0,5000,12345
0.0,0.05,10,Pooling,0.9212,0.26945330025108827,8.944312851351226,8.70049437270162,1.8539299724321854,0.0,0,12345
0.0,0.05,10,Repeated,1.0,0.0,,,,1.0,5000,12345
0.0,0.05,10,S-HCP-within,0.9546,0.20820064721777504,9.717803245609096,9.21710076644786,2.1616637981097377,0.0,0,12345
0.0,0.05,10,Std-CP,0.8332,0.372834495603911,73.70198095799691,12.146219552916111,971.8939932847231,0.0,0,12345
0.0,0.05,10,Subsampling,1.0,0.0,,,,1.0,5000,12345
0.0,0.05,15,Donor-HCP-no-within,0.9652,0.1832912412959963,10.03327101443603,9.652360494004213,2.065116946246497,0.0,0,12345
0.0,0.05,15,Donor-HCP-within,0.9728,0.1626820613670053,8.469622693619801,8.109335724182344,1.7604076376912365,0.0146,73,12345
0.0,0.05,15,HCP,1.0,0.0,,,,1.0,5000,12345
0.0,0.05,15,Pooling,0.9212,0.26945330025108827,8.944312851351226,8.70049437270162,1.8539299724321854,0.0,0,12345
0.0,0.05,15,Repeated,1.0,0.0,,,,1.0,5000,12345
0.0,0.05,15,S-HCP-within,0.9592,0.19784637635733285,9.839239604681232,9.43795041867665,2.254505702501527,0.0,0,12345
0.0,0.05,15,Std-CP,0.89,0.3129210506130634,8.995852133622916,7.517264912262763,6.0061953656046105,0.0,0,12345
0.0,0.05,15,Subsampling,1.0,0.0,,,,1.0,5000,12345
0.0,0.05,20,Donor-HCP-no-within,0.9656,0.1822725559620299,9.863662654767454,9.582643345294173,2.378937200652769,0.0046,23,12345
0.0,0.05,20,Donor-HCP-within,0.9734,0.1609273734449948,7.715714613693116,7.617477051062906,1.4241837070531973,0.0538,269,12345
0.0,0.05,20,HCP,1.0,0.0,,,,1.0,5000,12345
0.0,0.05,20,Pooling,0.9212,0.26945330025108827,8.944312851351226,8.70049437270162,1.8539299724321854,0.0,0,12345
0.0,0.05,20,Repeated,1.0,0.0,,,,1.0,5000,12345
0.0,0.05,20,S-HCP-within,0.9554,0.20644457821113785,9.828397434542898,9.365476513386007,2.6306370167789552,0.0,0,12345
0.0,0.05,20,Std-CP,0.9128,0.2821561312757231,6.901977719484802,6.417499431588906,2.8658206952973666,0.0,0,12345
0.0,0.05,20,Subsampling,1.0,0.0,,,,1.0,5000,12345
0.0,0.05,25,Donor-HCP-no-within,0.9732,0.1615146352361889,8.54724034924638,8.29796152312919,2.0982779570369314,0.1658,829,12345
0.0,0.05,25,Donor-HCP-within,0.9816,0.13440629825496309,6.639940146753777,6.357399205605162,1.3790572971145003,0.465,2325,12345
0.0,0.05,25,HCP,1.0,0.0,,,,1.0,5000,12345
0.0,0.05,25,Pooling,0.9212,0.26945330025108827,8.944312851351226,8.70049437270162,1.8539299724321854,0.0,0,12345
0.0,0.05,25,Repeated,1.0,0.0,,,,1.0,5000,12345
0.0,0.05,25,S-HCP-within,0.9618,0.1916979645742862,8.465521978316586,8.271753856561471,1.9148193897104258,0.04,200,12345
0.0,0.05,25,Std-CP,0.9296,0.255845522505822,6.719323351082271,6.343487080350238,2.4375997115431627,0.0,0,12345
0.0,0.05,25,Subsampling,1.0,0.0,,,,1.0,5000,12345
0.0,0.05,30,Donor-HCP-no-within,0.975,0.15614056479722074,7.906612885718237,7.599878199210517,2.2894906488197075,0.16,800,12345
0.0,0.05,30,Donor-HCP-within,0.9998,0.01414213562373095,6.888934474413241,6.425006046544532,1.0383257871587581,0.9866,4933,12345
0.0,0.05,30,HCP,1.0,0.0,,,,1.0,5000,12345
0.0,0.05,30,Pooling,0.9212,0.26945330025108827,8.944312851351226,8.70049437270162,1.8539299724321854,0.0,0,12345
0.0,0.05,30,Repeated,1.0,0.0,,,,1.0,5000,12345
0.0,0.05,30,S-HCP-within,0.993,0.08338099590491604,8.999646229037921,8.777219419317483,2.0952657541753896,0.74,3700,12345
0.0,0.05,30,Std-CP,0.937,0.2429872600810839,6.422435567600342,6.112425228396161,2.139177452048106,0.0,0,12345
0.0,0.05,30,Subsampling,1.0,0.0,,,,1.0,5000,12345
0.0,0.05,35,Donor-HCP-no-within,0.9736,0.16033771121082951,8.098410688542632,7.812608290821693,2.291642257244369,0.0,0,12345
0.0,0.05,35,Donor-HCP-within,1.0,0.0,,,,1.0,5000,12345
0.0,0.05,35,HCP,1.0,0.0,,,,1.0,5000,12345
0.0,0.05,35,Pooling,0.9212,0.26945330025108827,8.944312851351226,8.70049437270162,1.8539299724321854,0.0,0,12345
0.0,0.05,35,Repeated,1.0,0.0,,,,1.0,5000,12345
0.0,0.05,35,S-HCP-within,1.0,0.0,,,,1.0,5000,12345
0.0,0.05,35,Std-CP,0.9428,0.232247600180406,6.501628632873484,6.2500338086556795,2.0553343015245864,0.0,0,12345
0.0,0.05,35,Subsampling,1.0,0.0,,,,1.0,5000,12345
0.0,0.1,0,Donor-HCP-no-within,0.9778,0.1473482348060543,11.752042390811429,11.262119724268544,2.3114255442456324,0.0,0,12345
0.0,0.1,0,Donor-HCP-within,0.9778,0.1473482348060543,11.752042390811429,11.262119724268544,2.3114255442456324,0.0,0,12345
0.0,0.1,0,HCP,0.9778,0.1473482348060543,11.752042390811429,11.262119724268544,2.3114255442456324,0.0,0,12345
0.0,0.1,0,Pooling,0.8904,0.3124217685634189,7.820568534586776,7.6605780379047985,1.774833159962736,0.0,0,12345
0.0,0.1,0,Repeated,0.9328,0.2503930896408045,9.126801031631324,8.908585107731483,2.0792398774273475,0.0,0,12345
0.0,0.1,0,S-HCP-within,0.9032,0.29571481100866426,9.666663498200078,9.100177642138007,3.790832995816284,0.0,0,12345
0.0,0.1,0,Std-CP,1.0,0.0,,,,1.0,5000,12345
0.0,0.1,0,Subsampling,0.916,0.2774155581043996,9.315846745917682,8.799109182719707,3.207265469163804,0.0,0,12345
0.0,0.1,5,Donor-HCP-no-within,0.9532,0.21123135121649753,10.063118153265814,9.658357124111127,2.558998829094697,0.0,0,12345
0.0,0.1,5,Donor-HCP-within,0.9638,0.18680615436291587,9.611095544749023,9.332281124792686,2.1659516702109314,0.0,0,12345
0.0,0.1,5,HCP,0.9778,0.1473482348060543,11.752042390811429,11.262119724268544,2.3114255442456324,0.0,0,12345
0.0,0.1,5,Pooling,0.8904,0.3124217685634189,7.820568534586776,7.6605780379047985,1.774833159962736,0.0,0,12345
0.0,0.1,5,Repeated,0.9328,0.2503930896408045,9.126801031631324,8.908585107731483,2.0792398774273475,0.0,0,12345
0.0,0.1,5,S-HCP-within,0.9036,0.2951685364211073,8.887052352085227,8.371764027546671,3.0122103602129164,0.0,0,12345
0.0,0.1,5,Std-CP,0.754,0.4307216087229011,6.0767988391217544,5.05501969898503,4.7265263895765655,0.0,0,12345
0.0,0.1,5,Subsampling,0.916,0.2774155581043996,9.315846745917682,8.799109182719707,3.207265469163804,0.0,0,12345
0.0,0.1,10,Donor-HCP-no-within,0.9246,0.2640620869362945,9.074815504552323,8.654360343562146,2.440339386910397,0.0,0,12345
0.0,0.1,10,Donor-HCP-within,0.9376,0.24190482340936864,7.694297028952977,7.476112354793699,1.5687027768551733,0.0,0,12345
0.0,0.1,10,HCP,0.9778,0.1473482348060543,11.752042390811429,11.262119724268544,2.3114255442456324,0.0,0,12345
0.0,0.1,10,Pooling,0.8904,0.3124217685634189,7.820568534586776,7.6605780379047985,1.774833159962736,0.0,0,12345
0.0,0.1,10,Repeated,0.9328,0.2503930896408045,9.126801031631324,8.908585107731483,2.0792398774273475,0.0,0,12345
0.0,0.1,10,S-HCP-within,0.9032,0.2957148110086641,8.808299888179773,8.293713660456831,2.9634659563329073,0.0,0,12345
0.0,0.1,10,Std-CP,0.8398,0.36682812402338366,1937.3427039279343,12.515163081726207,132010.55473682695,0.0,0,12345
0.0,0.1,10,Subsampling,0.916,0.2774155581043996,9.315846745917682,8.799109182719707,3.207265469163804,0.0,0,12345
0.0,0.1,15,Donor-HCP-no-within,0.9152,0.2786117099064206,8.333965802097266,7.8297027029326784,1.9596552920434998,0.0,0,12345
0.0,0.1,15,Donor-HCP-within,0.9184,0.2737817219725547,6.51926882593078,6.3567567327631185,1.1239719014828753,0.0,0,12345
0.0,0.1,15,HCP,0.9778,0.1473482348060543,11.752042390811429,11.262119724268544,2.3114255442456324,0.0,0,12345
0.0,0.1,15,Pooling,0.8904,0.3124217685634189,7.820568534586776,7.6605780379047985,1.774833159962736,0.0,0,12345
0.0,0.1,15,Repeated,0.9328,0.2503930896408045,9.126801031631324,8.908585107731483,2.0792398774273475,0.0,0,12345
0.0,0.1,15,S-HCP-within,0.9042,0.2943462042180728,8.345808670486816,7.599064666903508,2.2063525896271488,0.0,0,12345
0.0,0.1,15,Std-CP,0.8838,0.3204966514968979,9.164636390702995,7.5968022009210925,6.986806911407746,0.0,0,12345
0.0,0.1,15,Subsampling,0.916,0.2774155581043996,9.315846745917682,8.799109182719707,3.207265469163804,0.0,0,12345
0.0,0.1,20,Donor-HCP-no-within,0.9064,0.2913005513249855,7.9675070163827115,7.621577278355984,1.7423247411648106,0.0,0,12345
0.0,0.1,20,Donor-HCP-within,0.9226,0.26725180019027156,5.937157582640943,5.833786247556105,0.8192642469403589,0.0026,13,12345
0.0,0.1,20,HCP,0.9778,0.1473482348060543,11.752042390811429,11.262119724268544,2.3114255442456324,0.0,0,12345
0.0,0.1,20,Pooling,0.8904,0.3124217685634189,7.820568534586776,7.6605780379047985,1.774833159962736,0.0,0,12345
0.0,0.1,20,Repeated,0.9328,0.2503930896408045,9.126801031631324,8.908585107731483,2.0792398774273475,0.0,0,12345
0.0,0.1,20,S-HCP-within,0.8932,0.3088896932053799,8.110329923513632,7.635499962874221,1.8764106445435327,0.0,0,12345
0.0,0.1,20,Std-CP,0.9128,0.28215613127572314,6.927132134139206,6.355543803097588,2.9248472180637,0.0,0,12345
0.0,0.1,20,Subsampling,0.916,0.2774155581043996,9.315846745917682,8.799109182719707,3.207265469163804,0.0,0,12345
0.0,0.1,25,Donor-HCP-no-within,0.9274,0.2595047370313468,7.249176391507722,7.194521229016036,1.7818678612875454,0.061,305,12345
0.0,0.1,25,Donor-HCP-within,0.938,0.24117967063313084,5.732684727417503,5.599071679227978,1.2448685022600845,0.1582,791,12345
0.0,0.1,25,HCP,0.9778,0.1473482348060543,11.752042390811429,11.262119724268544,2.3114255442456324,0.0,0,12345
0.0,0.1,25,Pooling,0.8904,0.3124217685634189,7.820568534586776,7.6605780379047985,1.774833159962736,0.0,0,12345
0.0,0.1,25,Repeated,0.9328,0.2503930896408045,9.126801031631324,8.908585107731483,2.0792398774273475,0.0,0,12345
0.0,0.1,25,S-HCP-within,0.9104,0.28563640809869867,7.123258009619551,7.107255548600935,1.5872372161106914,0.0,0,12345
0.0,0.1,25,Std-CP,0.9254,0.2627710975924596,6.7570456878301,6.319163907212035,2.4939927595392826,0.0,0,12345
0.0,0.1,25,Subsampling,0.916,0.2774155581043996,9.315846745917682,8.799109182719707,3.207265469163804,0.0,0,12345
0.0,0.1,30,Donor-HCP-no-within,0.917,0.275909813607724,6.504241215846164,6.131404700136491,2.1123603642653874,0.06,300,12345
0.0,0.1,30,Donor-HCP-within,0.9488,0.22042748842993937,5.824860370632555,5.602805483442557,1.6758178511674844,0.198,990,12345
0.0,0.1,30,HCP,0.9778,0.1473482348060543,11.752042390811429,11.262119724268544,2.3114255442456324,0.0,0,12345
0.0,0.1,30,Pooling,0.8904,0.3124217685634189,7.820568534586776,7.6605780379047985,1.774833159962736,0.0,0,12345
0.0,0.1,30,Repeated,0.9328,0.2503930896408045,9.126801031631324,8.908585107731483,2.0792398774273475,0.0,0,12345
0.0,0.1,30,S-HCP-within,0.927,0.26016252018186914,7.188367303973093,6.963886338677413,2.291414512547321,0.0,0,12345
0.0,0.1,30,Std-CP,0.934,0.24830692955745978,6.510412882511088,6.225188508800314,2.160259331230068,0.0,0,12345
0.0,0.1,30,Subsampling,0.916,0.2774155581043996,9.315846745917682,8.799109182719707,3.207265469163804,0.0,0,12345
0.0,0.1,35,Donor-HCP-no-within,0.916,0.2774155581044001,6.486336051633815,6.138925938618293,2.0083421543261633,0.0,0,12345
0.0,0.1,35,Donor-HCP-within,0.9498,0.21837925244761652,6.073650876055003,5.911675399460605,1.6936062261138685,0.0,0,12345
0.0,0.1,35,HCP,0.9778,0.1473482348060543,11.752042390811429,11.262119724268544,2.3114255442456324,0.0,0,12345
0.0,0.1,35,Pooling,0.8904,0.3124217685634189,7.820568534586776,7.6605780379047985,1.774833159962736,0.0,0,12345
0.0,0.1,35,Repeated,0.9328,0.2503930896408045,9.126801031631324,8.908585107731483,2.0792398774273475,0.0,0,12345
0.0,0.1,35,S-HCP-within,0.946,0.22604030358272112,7.449124876399224,7.178870873789492,2.3582360572894236,0.0,0,12345
0.0,0.1,35,Std-CP,0.9484,0.2212402075706156,6.499298144519873,6.245816286720471,2.0763589330390486,0.0,0,12345
0.0,0.1,35,Subsampling,0.916,0.2774155581043996,9.315846745917682,8.799109182719707,3.207265469163804,0.0,0,12345
5.0,0.05,0,Donor-HCP-no-within,1.0,0.0,,,,1.0,5000,12345
5.0,0.05,0,Donor-HCP-within,1.0,0.0,,,,1.0,5000,12345
5.0,0.05,0,HCP,1.0,0.0,,,,1.0,5000,12345
5.0,0.05,0,Pooling,0.9076,0.28961874214760464,31.432470604846706,28.863777653516756,12.3121081217475,0.0,0,12345
5.0,0.05,0,Repeated,1.0,0.0,,,,1.0,5000,12345
5.0,0.05,0,S-HCP-within,1.0,0.0,,,,1.0,5000,12345
5.0,0.05,0,Std-CP,1.0,0.0,,,,1.0,5000,12345
5.0,0.05,0,Subsampling,1.0,0.0,,,,1.0,5000,12345
5.0,0.05,5,Donor-HCP-no-within,0.9998,0.014142135623730947,28.860027170852707,27.50942787500402,3.393879648719482,0.9932,4966,12345
5.0,0.05,5,Donor-HCP-within,1.0,0.0,,,,1.0,5000,12345
5.0,0.05,5,HCP,1.0,0.0,,,,1.0,5000,12345
5.0,0.05,5,Pooling,0.9076,0.28961874214760464,31.432470604846706,28.863777653516756,12.3121081217475,0.0,0,12345
5.0,0.05,5,Repeated,1.0,0.0,,,,1.0,5000,12345
5.0,0.05,5,S-HCP-within,0.9484,0.22124020757061572,30.76892364546078,28.6849939573182,10.295595296446216,0.0,0,12345
5.0,0.05,5,Std-CP,0.7518,0.4320116743993884,6.3322872811732935,5.157279530614607,5.076542057704645,0.0,0,12345
5.0,0.05,5,Subsampling,1.0,0.0,,,,1.0,5000,12345
5.0,0.05,10,Donor-HCP-no-within,0.9796,0.1413783490054738,33.263039249884095,30.950894157428554,10.1511338070308,0.1112,556,12345
5.0,0.05,10,Donor-HCP-within,0.9946,0.07329334473795396,23.112560468737737,21.427606927021245,6.4341106569720115,0.7376,3688,12345
5.0,0.05,10,HCP,1.0,0.0,,,,1.0,5000,12345
5.0,0.05,10,Pooling,0.9076,0.28961874214760464,31.432470604846706,28.863777653516756,12.3121081217475,0.0,0,12345
5.0,0.05,10,Repeated,1.0,0.0,,,,1.0,5000,12345
5.0,0.05,10,S-HCP-within,0.9468,0.22445452984333691,30.70912200387973,28.889267773564,10.118809414894738,0.0,0,12345
5.0,0.05,10,Std-CP,0.839,0.3675677096865836,53.447644345580876,12.394182286964632,430.7587299929476,0.0,0,12345
5.0,0.05,10,Subsampling,1.0,0.0,,,,1.0,5000,12345
5.0,0.05,15,Donor-HCP-no-within,0.9626,0.18975890410818022,31.096071949360457,29.37143960441196,9.573586226501796,0.0,0,12345
5.0,0.05,15,Donor-HCP-within,0.9752,0.15553069780461956,20.579705835368607,19.284044262756623,5.879718626185242,0.045,225,12345
5.0,0.05,15,HCP,1.0,0.0,,,,1.0,5000,12345
5.0,0.05,15,Pooling,0.9076,0.28961874214760464,31.432470604846706,28.863777653516756,12.3121081217475,0.0,0,12345
5.0,0.05,15,Repeated,1.0,0.0,,,,1.0,5000,12345
5.0,0.05,15,S-HCP-within,0.9532,0.2112313512164976,31.235283225531013,29.61461910013319,10.148031823831449,0.0,0,12345
5.0,0.05,15,Std-CP,0.8876,0.3158895332856856,9.092364362052042,7.5060919017674435,6.56258393679971,0.0,0,12345
5.0,0.05,15,Subsampling,1.0,0.0,,,,1.0,5000,12345
5.0,0.05,20,Donor-HCP-no-within,0.9602,0.19550857966069984,30.17109669448404,29.493789066012216,9.222139269698902,0.0202,101,12345
5.0,0.05,20,Donor-HCP-within,0.9696,0.1717024645928804,16.722864789599683,15.92730688921992,4.972793121249995,0.0742,371,12345
5.0,0.05,20,HCP,1.0,0.0,,,,1.0,5000,12345
5.0,0.05,20,Pooling,0.9076,0.28961874214760464,31.432470604846706,28.863777653516756,12.3121081217475,0.0,0,12345
5.0,0.05,20,Repeated,1.0,0.0,,,,1.0,5000,12345
5.0,0.05,20,S-HCP-within,0.948,0.22204923141554553,30.11879577861409,28.95592156911665,8.571693126389993,0.0,0,12345
5.0,0.05,20,Std-CP,0.9104,0.2856364080986985,6.92859402140009,6.358465297028237,3.003608701424341,0.0,0,12345
5.0,0.05,20,Subsampling,1.0,0.0,,,,1.0,5000,12345
5.0,0.05,25,Donor-HCP-no-within,0.9694,0.17224858174969931,21.900352243532847,20.690249055451154,8.532795726253507,0.2744,1372,12345
5.0,0.05,25,Donor-HCP-within,0.9794,0.14205518623122146,9.161743680800294,9.006058107308547,2.362466352095951,0.5268,2634,12345
5.0,0.05,25,HCP,1.0,0.0,,,,1.0,5000,12345
5.0,0.05,25,Pooling,0.9076,0.28961874214760464,31.432470604846706,28.863777653516756,12.3121081217475,0.0,0,12345
5.0,0.05,25,Repeated,1.0,0.0,,,,1.0,5000,12345
5.0,0.05,25,S-HCP-within,0.9424,0.23300879515529851,21.499107027152352,20.52004869536055,8.173911190684027,0.0,0,12345
5.0,0.05,25,Std-CP,0.9334,0.24935291330777556,6.748139217794468,6.348215133814314,2.447206104193973,0.0,0,12345
5.0,0.05,25,Subsampling,1.0,0.0,,,,1.0,5000,12345
5.0,0.05,30,Donor-HCP-no-within,0.9738,0.15974562195173467,16.72178418864754,15.281469540522657,7.668744693357032,0.2904,1452,12345
5.0,0.05,30,Donor-HCP-within,0.999,0.03161012242886751,6.842400664376409,6.902856706425478,1.9219380250612346,0.9702,4851,12345
5.0,0.05,30,HCP,1.0,0.0,,,,1.0,5000,12345
5.0,0.05,30,Pooling,0.9076,0.28961874214760464,31.432470604846706,28.863777653516756,12.3121081217475,0.0,0,12345
5.0,0.05,30,Repeated,1.0,0.0,,,,1.0,5000,12345
5.0,0.05,30,S-HCP-within,0.979,0.14339844009794692,20.70631509361542,18.614658080401103,9.168019959820304,0.44,2200,12345
5.0,0.05,30,Std-CP,0.938,0.24117967063313045,6.443465163988632,6.143745947941048,2.1778216353505306,0.0,0,12345
5.0,0.05,30,Subsampling,1.0,0.0,,,,1.0,5000,12345
5.0,0.05,35,Donor-HCP-no-within,0.9692,0.17279274135881204,16.800371935113734,15.468407587770574,7.63998734059818,0.0,0,12345
5.0,0.05,35,Donor-HCP-within,1.0,0.0,,,,1.0,5000,12345
5.0,0.05,35,HCP,1.0,0.0,,,,1.0,5000,12345
5.0,0.05,35,Pooling,0.9076,0.28961874214760464,31.432470604846706,28.863777653516756,12.3121081217475,0.0,0,12345
5.0,0.05,35,Repeated,1.0,0.0,,,,1.0,5000,12345
5.0,0.05,35,S-HCP-within,1.0,0.0,29.174846505128336,29.837099554913763,1.4681626495390867,0.98,4900,12345
5.0,0.05,35,Std-CP,0.9526,0.2125141700087096,6.486799475212752,6.221386996123887,2.034885094002747,0.0,0,12345
5.0,0.05,35,Subsampling,1.0,0.0,,,,1.0,5000,12345
5.0,0.1,0,Donor-HCP-no-within,0.9392,0.2389869932791143,33.9300824788325,31.75319472781841,10.009759825684815,0.0,0,12345
5.0,0.1,0,Donor-HCP-within,0.9392,0.2389869932791143,33.9300824788325,31.75319472781841,10.009759825684815,0.0,0,12345
5.0,0.1,0,HCP,0.9392,0.2389869932791143,33.9300824788325,31.75319472781841,10.009759825684815,0.0,0,12345
5.0,0.1,0,Pooling,0.8696,0.33677666739954054,26.8467280195452,24.41283494318779,9.014965819837276,0.0,0,12345
5.0,0.1,0,Repeated,0.9044,0.29407131037746165,29.930436017907237,27.312150438654633,9.688834930510106,0.0,0,12345
5.0,0.1,0,S-HCP-within,0.9204,0.27070001052667086,34.527049299146725,32.459580852096416,12.777843908394534,0.0,0,12345
5.0,0.1,0,Std-CP,1.0,0.0,,,,1.0,5000,12345
5.0,0.1,0,Subsampling,0.8976,0.30320393553729613,29.98113485817552,27.54851269303948,10.340327969631554,0.0,0,12345
5.0,0.1,5,Donor-HCP-no-within,0.937,0.24298726008108393,34.05846797600401,31.321873608967643,11.984103209174863,0.0,0,12345
5.0,0.1,5,Donor-HCP-within,0.9532,0.21123135121649753,29.67384137839555,27.37800983547342,9.930981103126092,0.0,0,12345
5.0,0.1,5,HCP,0.9392,0.2389869932791143,33.9300824788325,31.75319472781841,10.009759825684815,0.0,0,12345
5.0,0.1,5,Pooling,0.8696,0.33677666739954054,26.8467280195452,24.41283494318779,9.014965819837276,0.0,0,12345
5.0,0.1,5,Repeated,0.9044,0.29407131037746165,29.930436017907237,27.312150438654633,9.688834930510106,0.0,0,12345
5.0,0.1,5,S-HCP-within,0.9202,0.27101042291739635,32.629325342545364,30.19790942582324,12.025653090640615,0.0,0,12345
5.0,0.1,5,Std-CP,0.7498,0.43317142968748507,6.2628874690117495,5.147816328156631,4.871604917269007,0.0,0,12345
5.0,0.1,5,Subsampling,0.8976,0.30320393553729613,29.98113485817552,27.54851269303948,10.340327969631554,0.0,0,12345
5.0,0.1,10,Donor-HCP-no-within,0.93,0.2551725349729491,31.950870833400188,29.21824789031411,11.59714503979491,0.0,0,12345
5.0,0.1,10,Donor-HCP-within,0.9392,0.23898699327911402,22.77104778687943,20.916532186884393,7.777209860260892,0.0,0,12345
5.0,0.1,10,HCP,0.9392,0.2389869932791143,33.9300824788325,31.75319472781841,10.009759825684815,0.0,0,12345
5.0,0.1,10,Pooling,0.8696,0.33677666739954054,26.8467280195452,24.41283494318779,9.014965819837276,0.0,0,12345
5.0,0.1,10,Repeated,0.9044,0.29407131037746165,29.930436017907237,27.312150438654633,9.688834930510106,0.0,0,12345
5.0,0.1,10,S-HCP-within,0.923,0.2666181108691012,32.93086066919026,30.151707734598602,12.687363937564383,0.0,0,12345
5.0,0.1,10,Std-CP,0.8268,0.37845793171925507,66.61370391025288,12.267953458230402,634.1020818506245,0.0,0,12345
5.0,0.1,10,Subsampling,0.8976,0.30320393553729613,29.98113485817552,27.54851269303948,10.340327969631554,0.0,0,12345
5.0,0.1,15,Donor-HCP-no-within,0.9074,0.2899000662464254,29.462452492180066,26.786906182623888,12.31488142285276,0.0,0,12345
5.0,0.1,15,Donor-HCP-within,0.9136,0.28098190362732156,18.394669774017203,16.87617459840179,7.450074564343159,0.0,0,12345
5.0,0.1,15,HCP,0.9392,0.2389869932791143,33.9300824788325,31.75319472781841,10.009759825684815,0.0,0,12345
5.0,0.1,15,Pooling,0.8696,0.33677666739954054,26.8467280195452,24.41283494318779,9.014965819837276,0.0,0,12345
5.0,0.1,15,Repeated,0.9044,0.29407131037746165,29.930436017907237,27.312150438654633,9.688834930510106,0.0,0,12345
5.0,0.1,15,S-HCP-within,0.8982,0.3024153617298595,30.862534148075163,27.629315392199032,13.901275527017656,0.0,0,12345
5.0,0.1,15,Std-CP,0.8818,0.32287708175400853,9.14045111417562,7.5869024930653834,6.115818774167737,0.0,0,12345
5.0,0.1,15,Subsampling,0.8976,0.30320393553729613,29.98113485817552,27.54851269303948,10.340327969631554,0.0,0,12345
5.0,0.1,20,Donor-HCP-no-within,0.909,0.2876378749563792,26.61655116792675,24.98170978991418,8.843066083829669,0.0,0,12345
5.0,0.1,20,Donor-HCP-within,0.918,0.27439216135240163,14.090531032890658,13.428970233841945,4.309030259837209,0.0,0,12345
5.0,0.1,20,HCP,0.9392,0.2389869932791143,33.9300824788325,31.75319472781841,10.009759825684815,0.0,0,12345
5.0,0.1,20,Pooling,0.8696,0.33677666739954054,26.8467280195452,24.41283494318779,9.014965819837276,0.0,0,12345
5.0,0.1,20,Repeated,0.9044,0.29407131037746165,29.930436017907237,27.312150438654633,9.688834930510106,0.0,0,12345
5.0,0.1,20,S-HCP-within,0.8986,0.30188783886312903,26.55566255172162,24.46478834957278,8.202625238702865,0.0,0,12345
5.0,0.1,20,Std-CP,0.9092,0.2873532223151063,6.929652209849631,6.371948114509964,2.9351621055477124,0.0,0,12345
5.0,0.1,20,Subsampling,0.8976,0.30320393553729613,29.98113485817552,27.54851269303948,10.340327969631554,0.0,0,12345
5.0,0.1,25,Donor-HCP-no-within,0.921,0.26976574043221696,20.03215945474539,19.492498957247292,7.941776297199184,0.04,200,12345
5.0,0.1,25,Donor-HCP-within,0.941,0.23564826759644156,7.600662939197533,7.1000405411133105,2.4222274090813154,0.1492,746,12345
5.0,0.1,25,HCP,0.9392,0.2389869932791143,33.9300824788325,31.75319472781841,10.009759825684815,0.0,0,12345
5.0,0.1,25,Pooling,0.8696,0.33677666739954054,26.8467280195452,24.41283494318779,9.014965819837276,0.0,0,12345
5.0,0.1,25,Repeated,0.9044,0.29407131037746165,29.930436017907237,27.312150438654633,9.688834930510106,0.0,0,12345
5.0,0.1,25,S-HCP-within,0.9172,0.27560724204994025,21.58496447785966,21.970704688401085,7.692393739424733,0.0,0,12345
5.0,0.1,25,Std-CP,0.9278,0.2588446640593982,6.76883995029289,6.41449126640712,2.4129189722995497,0.0,0,12345
5.0,0.1,25,Subsampling,0.8976,0.30320393553729613,29.98113485817552,27.54851269303948,10.340327969631554,0.0,0,12345
5.0,0.1,30,Donor-HCP-no-within,0.9128,0.282156131275723,14.757797978805371,13.23182603266606,7.5700552635011045,0.02,100,12345
5.0,0.1,30,Donor-HCP-within,0.9462,0.22564517089587746,6.021891388466244,5.831942001072532,1.67482994040357,0.14,700,12345
5.0,0.1,30,HCP,0.9392,0.2389869932791143,33.9300824788325,31.75319472781841,10.009759825684815,0.0,0,12345
5.0,0.1,30,Pooling,0.8696,0.33677666739954054,26.8467280195452,24.41283494318779,9.014965819837276,0.0,0,12345
5.0,0.1,30,Repeated,0.9044,0.29407131037746165,29.930436017907237,27.312150438654633,9.688834930510106,0.0,0,12345
5.0,0.1,30,S-HCP-within,0.9244,0.26438347097340426,15.950235971262076,14.324754911279499,7.512673236537435,0.0,0,12345
5.0,0.1,30,Std-CP,0.9382,0.240816026193637,6.476085390712842,6.137907828678034,2.133165961903475,0.0,0,12345
5.0,0.1,30,Subsampling,0.8976,0.30320393553729613,29.98113485817552,27.54851269303948,10.340327969631554,0.0,0,12345
5.0,0.1,35,Donor-HCP-no-within,0.9206,0.2703890938118816,14.739523384242275,13.266196831788825,7.522571886582479,0.0,0,12345
5.0,0.1,35,Donor-HCP-within,0.948,0.22204923141554556,6.206847203669387,5.992053999434253,1.6714460213756483,0.0,0,12345
5.0,0.1,35,HCP,0.9392,0.2389869932791143,33.9300824788325,31.75319472781841,10.009759825684815,0.0,0,12345
5.0,0.1,35,Pooling,0.8696,0.33677666739954054,26.8467280195452,24.41283494318779,9.014965819837276,0.0,0,12345
5.0,0.1,35,Repeated,0.9044,0.29407131037746165,29.930436017907237,27.312150438654633,9.688834930510106,0.0,0,12345
5.0,0.1,35,S-HCP-within,0.945,0.22800306375006416,15.921606011240526,14.52707576711078,7.720799574623923,0.0,0,12345
5.0,0.1,35,Std-CP,0.9464,0.22524916745126394,6.494990210190774,6.204116374456399,1.9929640167673546,0.0,0,12345
5.0,0.1,35,Subsampling,0.8976,0.30320393553729613,29.98113485817552,27.54851269303948,10.340327969631554,0.0,0,12345
