summary,spearman_rho,p_value,subsample
resid_mean,0.3135744445227266,0.045886841052265565,0
resid_median,0.2137967862209841,0.1795275574510091,0
resid_q25,0.2551232594055061,0.10743429741182445,0
resid_q75,0.3371646089198111,0.031106601457448226,0
resid_sd,0.3503576267863286,0.02472213261211072,0
resid_mean,0.3333202858328787,0.03320399514010468,1
resid_median,0.24822095204487774,0.11762035106995367,1
resid_q25,0.26814153531352686,0.09006690252214233,1
resid_q75,0.3322718340818972,0.03379576461064182,1
resid_sd,0.2724227132967014,0.08485740339556269,1
resid_mean,0.3260684945552565,0.037476867226627616,2
resid_median,0.2757428105081429,0.08098106128551603,2
resid_q25,0.2186895610588979,0.16953932983482267,2
resid_q75,0.2830819727650137,0.07290289367463494,2
resid_sd,0.3688802743870024,0.017629163671210847,2
resid_mean,0.23258154675940318,0.14337272205863735,3
resid_median,0.24140601566349779,0.12837568049992515,3
resid_q25,0.21066060628136865,0.18614684822528949,3
resid_q75,0.1942256868693288,0.22367303577008632,3
resid_sd,0.31252599277174503,0.046656957675123054,3
resid_mean,0.23476582124061474,0.1395457160704918,4
resid_median,0.14957911647336525,0.35060313794085873,4
resid_q25,0.14197784127874913,0.37589508895534457,4
resid_q75,0.273296423089186,0.08382360830677255,4
resid_sd,0.2569580499697238,0.10484305888381784,4
resid_mean,0.2430660642692185,0.12569054526835283,5
resid_median,0.26988895489849607,0.08791149107025346,5
resid_q25,0.12442169363113603,0.438299076633358,5
resid_q75,0.25870546955469303,0.10241979755166915,5
resid_sd,0.2211359484778548,0.1646981824647733,5
resid_mean,0.22873722367247093,0.1502952463131533,6
resid_median,0.10152507788671168,0.527642341053114,6
resid_q25,0.13857037308805917,0.387575272503904,6
resid_q75,0.23022253031969472,0.14759218174244057,6
resid_sd,0.24367766112395775,0.12471195821273771,6
resid_mean,0.11707711219293775,0.46600866600979207,7
resid_median,0.06849884773079343,0.6704408641096891,7
resid_q25,-0.03896745674481361,0.8088662002949384,7
resid_q75,0.16827650603253594,0.2929389778201399,7
resid_sd,0.24804621008638084,0.11788735548754263,7
resid_mean,0.31016697633203655,0.04842795635869958,8
resid_median,0.27661652030062756,0.0799842910035737,8
resid_q25,0.27434487484016756,0.0825960165169217,8
resid_q75,0.22803825583848322,0.1515797525204734,8
resid_sd,0.27993661751206905,0.07628367306255147,8
resid_mean,0.24367766112395775,0.12471195821273771,9
resid_median,0.18671178265396118,0.24245200787505117,9
resid_q25,0.16959445740030551,0.2891199231999227,9
resid_q75,0.292430667544599,0.06354603851806973,9
resid_sd,0.35437669183175785,0.023009370506532748,9
resid_mean,0.3401352222142587,0.029561776213805197,10
resid_median,0.22000012574762481,0.16693326612061252,10
resid_q25,0.1397935667975376,0.3833581509573893,10
resid_q75,0.33087389841392184,0.034598241342976344,10
resid_sd,0.37840371112508464,0.014707083645489333,10
resid_mean,0.2810724402422991,0.07504894577959695,11
resid_median,0.21143776978127563,0.18449062818953454,11
resid_q25,0.19745841310152187,0.21590982499884467,11
resid_q75,0.20724396277734952,0.19355333651258363,11
resid_sd,0.2842177954952437,0.07171142735597719,11
resid_mean,0.3219620585305788,0.04008930345900421,12
resid_median,0.2797618755535722,0.07647503578861849,12
resid_q25,0.29077061893887823,0.06513397335819493,12
resid_q75,0.28648944095570367,0.06937451229295256,12
resid_sd,0.2934791192955805,0.06255907027525885,12
resid_mean,0.17491670045541893,0.27402682616734364,13
resid_median,0.039054827724062074,0.8084456487462515,13
resid_q25,0.18697389559170655,0.241779527309675,13
resid_q75,0.2573949048659661,0.1042331833853286,13
resid_sd,0.24149338664274625,0.128233298229587,13
resid_mean,0.24874517792036846,0.11682207364744192,14
resid_median,0.20803030159058566,0.19183059824945914,14
resid_q25,0.2837933012036024,0.07215491055011596,14
resid_q75,0.24891991987886541,0.11655689172477998,14
resid_sd,0.28579047312171596,0.07008707126444709,14
resid_mean,0.3404847061312526,0.02938427476017658,15
resid_median,0.26412247026809765,0.09517932202243831,15
resid_q25,0.188197089301185,0.23865796864418257,15
resid_q75,0.30501208855637735,0.05248686028480006,15
resid_sd,0.2941780871295682,0.06190788607476729,15
resid_mean,0.29758555532025815,0.05881015801117979,16
resid_median,0.2536379527582823,0.10956742995059628,16
resid_q25,0.31122898364754675,0.04762407143603112,16
resid_q75,0.30125513644869356,0.055613749015298516,16
resid_sd,0.29382860321257437,0.06223280118981047,16
resid_mean,0.2530263559035431,0.11045506925244401,17
resid_median,0.08483722085025565,0.5979323093211683,17
resid_q25,0.04272440885249743,0.7908318837433801,17
resid_q75,0.2580938726999538,0.10326301932062429,17
resid_sd,0.34301846452945794,0.028123558192875726,17
resid_mean,0.15088968116209217,0.3463498118204376,18
resid_median,0.20042902639596955,0.20894225457203494,18
resid_q25,0.14660850317891758,0.36036118287656843,18
resid_q75,0.18688652461245808,0.24200354720800926,18
resid_sd,0.22463078764779323,0.15795692296129163,18
resid_mean,0.1739556196836859,0.2767132844627024,19
resid_median,0.0876330921862064,0.5858755507055265,19
resid_q25,0.03503576267863286,0.827844221513007,19
resid_q75,0.2172042544116741,0.17252815845550998,19
resid_sd,0.20453546242064724,0.1995706976249505,19
resid_mean,0.2635108734133584,0.09597649117737107,20
resid_median,0.2379111764935593,0.1341682917090834,20
resid_q25,0.26412247026809765,0.09517932202243831,20
resid_q75,0.2449008548334362,0.122771926642536,20
resid_sd,0.3481733523051171,0.025696635552232124,20
resid_mean,0.1362113566483507,0.395784618353632,21
resid_median,0.0690230736062842,0.66806331490952,21
resid_q25,0.07872125230286338,0.6246759844511286,21
resid_q75,0.21484523797196559,0.1773526403595377,21
resid_sd,0.23878488628604394,0.13270226006609465,21
resid_mean,0.271199519587223,0.08632132946557079,22
resid_median,0.23948385412003162,0.13153804249548134,22
resid_q25,0.2606276310981592,0.0998039188349649,22
resid_q75,0.24367766112395775,0.12471195821273771,22
resid_sd,0.2894600542501513,0.0664096838067622,22
resid_mean,0.29461494202581057,0.06150364054187964,23
resid_median,0.1743924745799282,0.2754900364310457,23
resid_q25,0.27478172973640985,0.08208867146847261,23
resid_q75,0.2828198598272683,0.07318004530015285,23
resid_sd,0.1606752308379198,0.3155974016358052,23
resid_mean,0.11463072477398085,0.4754414995580544,24
resid_median,0.14040516365227684,0.38125975758535663,24
resid_q25,0.1555203430622606,0.33157580582129115,24
resid_q75,0.10668461230591088,0.5067620305875984,24
resid_sd,0.23100886913293092,0.1461756848158792,24
resid_mean,0.321612574613585,0.04031832415134771,25
resid_median,0.21388415720023254,0.1793455901244331,25
resid_q25,0.3071223687594404,0.050793413025408185,25
resid_q75,0.274432245819416,0.08249435263871317,25
resid_sd,0.3569978212092117,0.02194660130247636,25
resid_mean,0.1555203430622606,0.33157580582129115,26
resid_median,0.06998415437801726,0.6637127903409278,26
resid_q25,0.18828446028043347,0.2384360508683664,26
resid_q75,0.2707626646909807,0.08684888356526214,26
resid_sd,0.17779994277061814,0.2660705005795166,26
resid_mean,0.26884050314751456,0.08919988650311714,27
resid_median,0.18522647600673733,0.2462865988515979,27
resid_q25,0.2815092951385414,0.07457824734226524,27
resid_q75,0.23974596705777704,0.1311034278671596,27
resid_sd,0.23467845026136627,0.13969733068765977,27
resid_mean,0.191604557491875,0.23010673606771848,28
resid_median,0.13498816293887225,0.40008074207388006,28
resid_q25,0.05373315223780352,0.7386353369996332,28
resid_q75,0.3241463330117903,0.038681829647280064,28
resid_sd,0.3884513737386576,0.012079525465622664,28
resid_mean,0.28465465039148596,0.07125727377739854,29
resid_median,0.3111280571037697,0.04770000111069715,29
resid_q25,0.2672678255210422,0.09115982003672901,29
resid_q75,0.26403509928884916,0.09529289030438662,29
resid_sd,0.2827324888480198,0.07327261298812536,29
resid_mean,0.20217644598093876,0.2049176037036072,30
resid_median,0.19824475191475802,0.21405002238283594,30
resid_q25,0.1884592022389304,0.23799263528470144,30
resid_q75,0.16146156965115593,0.31320348486158844,30
resid_sd,0.09243849604487175,0.5654105734560064,30
resid_mean,0.2974981843410097,0.058888011789543636,31
resid_median,0.2052344302546349,0.19800541105961947,31
resid_q25,0.3334950277913757,0.03310620019242613,31
resid_q75,0.3442416582389364,0.02753116037447125,31
resid_sd,0.1988563487694973,0.21261120669174702,31
resid_mean,0.2518031621940646,0.11224670623756108,32
resid_median,0.1189992737364039,0.4586678205071901,32
resid_q25,0.17421773262143125,0.2759789094632294,32
resid_q75,0.2597539213056746,0.10098653411684547,32
resid_sd,0.30081828155245127,0.05598681767819322,32
resid_mean,0.23004778836119782,0.14790832310907492,33
resid_median,0.04176332808076436,0.7954354818289484,33
resid_q25,0.040365392412788983,0.802143819347199,33
resid_q75,0.25957917934717767,0.10122433906819596,33
resid_sd,0.26464669614358843,0.09450009841687158,33
resid_mean,0.2776649720516091,0.07880084058899588,34
resid_median,0.21187462467751791,0.18356425763329975,34
resid_q25,0.06535349247784883,0.6847721380687637,34
resid_q75,0.2887610864161636,0.0670981028700976,34
resid_sd,0.25774438878295997,0.10374723547474264,34
resid_mean,0.2548611464677607,0.10780841782319824,35
resid_median,0.16888810288727513,0.29116271383266756,35
resid_q25,0.2379111764935593,0.1341682917090834,35
resid_q75,0.23109624011217936,0.1460189154851781,35
resid_sd,0.2891105703331575,0.06675319124844353,35
resid_mean,0.23450370830286937,0.1400009252954758,36
resid_median,0.19274038022210502,0.22730344783923365,36
resid_q25,0.19824475191475802,0.21405002238283594,36
resid_q75,0.2677046804172845,0.09061208772684566,36
resid_sd,0.22803825583848322,0.1515797525204734,36
resid_mean,0.26176345382838917,0.09828242037373822,37
resid_median,0.11506757967022317,0.4737497201876915,37
resid_q25,0.024377564974077913,0.8797487581824737,37
resid_q75,0.2622876797038799,0.09758622252156268,37
resid_sd,0.2995950878429728,0.05704207188553557,37
resid_mean,0.19597310645429805,0.21945322545560353,38
resid_median,0.16696594134380902,0.29676874447108786,38
resid_q25,0.20550549397502244,0.19740071242368376,38
resid_q75,0.19003187986540268,0.2340270692106693,38
resid_sd,0.1750040714346674,0.27378345483619454,38
resid_mean,0.3350677054178479,0.03223665879308137,39
resid_median,0.2467356453976539,0.11990447357416822,39
resid_q25,0.35297875616378244,0.023593519226517205,39
resid_q75,0.3219760821845058,0.04008013577339238,39
resid_sd,0.23695009572182624,0.13579478905722794,39
resid_mean,0.22611609429501708,0.15515354360547104,40
resid_median,0.24717250029389623,0.11922923589319828,40
resid_q25,0.2437650321032062,0.12457262740413025,40
resid_q75,0.22987304640270093,0.1482249613580763,40
resid_sd,0.16827650603253594,0.2929389778201399,40
resid_mean,0.20698184983960413,0.1941300009814894,41
resid_median,0.1432010349882276,0.37175370188997114,41
resid_q25,0.14355051890522144,0.370575462171524,41
resid_q75,0.2888484573954121,0.06701174311930663,41
resid_sd,0.2555601143017484,0.10681295999369529,41
resid_mean,0.21799059322491018,0.17094115591212766,42
resid_median,0.133240743353903,0.40626455913002013,42
resid_q25,0.19256563826360806,0.22773319321452773,42
resid_q75,0.2702384388154899,0.08748524567179984,42
resid_sd,0.2360763859293416,0.13728607770630644,42
resid_mean,0.3128754766887389,0.046399099487430005,43
resid_median,0.3306991564554249,0.034699641311637795,43
resid_q25,0.2785386818440937,0.07782512582851121,43
resid_q75,0.34310583550870644,0.028080896973942008,43
resid_sd,0.3191661871946281,0.04195148023007527,43
resid_mean,0.1988563487694973,0.21261120669174702,44
resid_median,0.14045496665172133,0.38108918198248637,44
resid_q25,0.08842328227156576,0.5824877418567587,44
resid_q75,0.2082050435490826,0.19144924375132297,44
resid_sd,0.17753782983287278,0.2667874207271587,44
resid_mean,0.21589368972294717,0.17519664430658746,45
resid_median,0.20698184983960413,0.1941300009814894,45
resid_q25,0.2093408662793126,0.18898349854016966,45
resid_q75,0.3237968490947965,0.038904274854680926,45
resid_sd,0.20339963969041724,0.20213277649257147,45
resid_mean,0.32003989698711266,0.041362144802014396,46
resid_median,0.28736315074818825,0.06849186558122886,46
resid_q25,0.23188257892541553,0.14461355147649066,46
resid_q75,0.2893726832709029,0.06649542922881371,46
resid_sd,0.20925349530006412,0.18917236854836894,46
resid_mean,0.1976331550600188,0.21549557249702603,47
resid_median,0.15202550389232214,0.3426892573597178,47
resid_q25,0.10056399711497863,0.5315777953586295,47
resid_q75,0.2606276310981592,0.0998039188349649,47
resid_sd,0.2675299384587876,0.09083087460207374,47
resid_mean,0.3129628476679874,0.04633481537015771,48
resid_median,0.27277219721369533,0.08444270284114923,48
resid_q25,0.23808591845205623,0.13387412688524616,48
resid_q75,0.300206684697712,0.05651247508376102,48
resid_sd,0.34887232013910474,0.025381381162146697,48
resid_mean,0.21851481910040096,0.16988900727113446,49
resid_median,0.24795883910713234,0.11802102892027953,49
resid_q25,0.14503582555244526,0.36559284992139,49
resid_q75,0.22436867471004784,0.15845543907003537,49
resid_sd,0.2819461500347837,0.0741098692820473,49
resid_mean,0.24341554818621236,0.12513065124742526,50
resid_median,0.24367766112395775,0.12471195821273771,50
resid_q25,0.19081821867863882,0.2320612558612308,50
resid_q75,0.28587784410096445,0.06999768710672465,50
resid_sd,0.3388246575255318,0.030235315597581466,50
resid_mean,0.32965070470444335,0.03531317410886261,51
resid_median,0.20724396277734952,0.19355333651258363,51
resid_q25,0.24814438898344546,0.1177372826772834,51
resid_q75,0.37123929082671087,0.01686328820906037,51
resid_sd,0.2503178555468408,0.11445176594095494,51
resid_mean,0.12083406430062159,0.451719178495525,52
resid_median,0.1337649692293938,0.4044036825481427,52
resid_q25,0.055655313781269665,0.7296319555488652,52
resid_q75,0.2371248376803232,0.1354979793105762,52
resid_sd,0.2618508248076376,0.09816612347570301,52
resid_mean,0.3088564116433096,0.04943504164716333,53
resid_median,0.25311372688279155,0.1103279305954571,53
resid_q25,0.29190644166910823,0.06404413619619184,53
resid_q75,0.2871884087896914,0.06866768167028514,53
resid_sd,0.20654499494336181,0.1950937991820507,53
resid_mean,0.25853072759619616,0.10266017907392662,54
resid_median,0.22419393275155095,0.15878841838702298,54
resid_q25,0.2781018269478514,0.0783117948074311,54
resid_q75,0.200516397375218,0.2087397246338427,54
resid_sd,0.1714218612854805,0.2838781911557154,54
resid_mean,0.2852662472462252,0.0706252676240562,55
resid_median,0.1728197969534559,0.27991035442755585,55
resid_q25,0.24367766112395775,0.12471195821273771,55
resid_q75,0.34380480334269403,0.027741532560415887,55
resid_sd,0.1923035253258627,0.2283788538450861,55
resid_mean,0.22908670758946473,0.14965599204608057,56
resid_median,0.21266096349075408,0.1819051431411954,56
resid_q25,0.00786338813236149,0.9610835812310516,56
resid_q75,0.2593170664094323,0.10158184974773844,56
resid_sd,0.26289927655861917,0.09677878496049923,56
resid_mean,0.24944414575435617,0.11576407175332544,57
resid_median,0.3404847061312526,0.02938427476017658,57
resid_q25,0.11288330518901163,0.482240345103537,57
resid_q75,0.3352424473763449,0.03214121465199566,57
resid_sd,0.31907881621537965,0.04201078737183847,57
resid_mean,0.2980224102165005,0.05842211991179675,58
resid_median,0.22777614290073783,0.15206350770482197,58
resid_q25,0.22945617984918126,0.14898234616349057,58
resid_q75,0.3064973952036012,0.0512902906388073,58
resid_sd,0.2941780871295682,0.06190788607476729,58
resid_mean,0.2528516139450462,0.11070968009074322,59
resid_median,0.14660850317891758,0.36036118287656843,59
resid_q25,0.22996041738194933,0.148066580100739,59
resid_q75,0.28456727941223753,0.07134792280916957,59
resid_sd,0.3018667333034328,0.05509479882840478,59
resid_mean,0.23319314361414245,0.1422934491666177,60
resid_median,0.11795082198542235,0.46266417158507356,60
resid_q25,0.2054965431923803,0.19742065939121575,60
resid_q75,0.2986340070712397,0.05788230225961996,60
resid_sd,0.16722805428155435,0.2960002288351191,60
resid_mean,0.22489290058553862,0.15745954927503097,61
resid_median,0.19684681624678266,0.21736404670636914,61
resid_q25,0.1389259079167881,0.38634672729410285,61
resid_q75,0.23843540236905011,0.13328723575851315,61
resid_sd,0.24455137091644238,0.12332389481005859,61
resid_mean,0.23965859607852855,0.13124818036374059,62
resid_median,0.12166938790825625,0.4485747332481777,62
resid_q25,0.09785549675827633,0.5427449620722328,62
resid_q75,0.24970625869210156,0.11536919243355023,62
resid_sd,0.32615586553450493,0.03742283391782526,62
resid_mean,0.26857839020976915,0.08952425734440062,63
resid_median,0.17779994277061814,0.2660705005795166,63
resid_q25,0.3203020099248581,0.04118666372184747,63
resid_q75,0.3174187676096588,0.04315063446647208,63
resid_sd,0.2202622386853702,0.16641554396949845,63
resid_mean,0.20016691345822415,0.20955066508138823,64
resid_median,0.1954488805788073,0.22071335972660464,64
resid_q25,0.19640996135054034,0.21840691142353583,64
resid_q75,0.2622876797038799,0.09758622252156268,64
resid_sd,0.22192228729109095,0.16316355334962276,64
resid_mean,0.27268482623444684,0.08454622996445882,65
resid_median,0.23424159536512398,0.1404572313472805,65
resid_q25,0.2616760828491407,0.09839882297052518,65
resid_q75,0.3435426904049487,0.02786839385375366,65
resid_sd,0.303614152888402,0.05363342778015709,65
resid_mean,0.24961888771285307,0.11550070563076367,66
resid_median,0.21606843168144407,0.1748391466569665,66
resid_q25,0.245425080708927,0.12194745405105287,66
resid_q75,0.2534632107997854,0.1098204864661942,66
resid_sd,0.191604557491875,0.23010673606771848,66
resid_mean,0.19169192847112343,0.2298902636774104,67
resid_median,0.2235823358968117,0.1599578533580496,67
resid_q25,0.08125501070106873,0.61353611201894,67
resid_q75,0.2776649720516091,0.07880084058899588,67
resid_sd,0.2218349163118425,0.16333355422875348,67
resid_mean,0.1281732265574923,0.4245046912432228,68
resid_median,0.007164420298373803,0.964540522226494,68
resid_q25,0.10589823924223095,0.5099172409676023,68
resid_q75,0.2247181586270417,0.15779100485332914,68
resid_sd,0.2264655782120109,0.1544992334852253,68
resid_mean,0.19841949387325497,0.2136382453921507,69
resid_median,0.19684681624678266,0.21736404670636914,69
resid_q25,0.09733127088278556,0.5449192470210871,69
resid_q75,0.31025434731128504,0.04836141040242716,69
resid_sd,0.33707723794056255,0.031153026079290484,69
resid_mean,0.27478172973640985,0.08208867146847261,70
resid_median,0.19527413862031034,0.22113451015989288,70
resid_q25,0.18042107214807196,0.25897140105871186,70
resid_q75,0.30195410428268127,0.055020980749715974,70
resid_sd,0.30169199134493585,0.05524267294448624,70
resid_mean,0.35140607853731015,0.02426541142868553,71
resid_median,0.17622726514414586,0.27039116198771895,71
resid_q25,0.3776173723118485,0.01493170896836851,71
resid_q75,0.29461494202581057,0.06150364054187964,71
resid_sd,0.21668002853618332,0.1735920253849644,71
resid_mean,0.11253382127201778,0.48360618158673063,72
resid_median,0.11131062756253933,0.4884024506498983,72
resid_q25,0.05172361971508892,0.7480849098231119,72
resid_q75,0.17893576550084817,0.2629785813903781,72
resid_sd,0.21414627013797793,0.17880047880660002,72
resid_mean,0.3254568977005172,0.03785688896652712,73
resid_median,0.2613265989321469,0.09886549145580381,73
resid_q25,0.32344736517780265,0.03912776296034028,73
resid_q75,0.30571105639036505,0.05192100550663382,73
resid_sd,0.2265529491912594,0.15433597114992803,73
resid_mean,0.27722811715536677,0.079292270391262,74
resid_median,0.2930422643993382,0.062968816314202,74
resid_q25,0.2536379527582823,0.10956742995059628,74
resid_q75,0.28587784410096445,0.06999768710672465,74
resid_sd,0.2718111164419622,0.0855869357687013,74
resid_mean,0.2717237454627137,0.08569155106471267,75
resid_median,0.22586381884584736,0.15562711304132654,75
resid_q25,0.14810026032638732,0.35544067234306626,75
resid_q75,0.21772848028716485,0.17146898510104452,75
resid_sd,0.271199519587223,0.08632132946557079,75
resid_mean,0.24708512931464774,0.11936405385058808,76
resid_median,0.17413036164218282,0.27622355906279095,76
resid_q25,0.13822088917106531,0.388785136313569,76
resid_q75,0.2304846432574401,0.14711890055693616,76
resid_sd,0.26683097062479993,0.09171010652171943,76
resid_mean,0.25756964682446304,0.10398999274176153,77
resid_median,0.29225592558610203,0.06371172824804372,77
resid_q25,0.22690243310825323,0.1536841812858571,77
resid_q75,0.2667552181572039,0.09180578887528877,77
resid_sd,0.24725987127314467,0.11909453262170762,77
resid_mean,0.22262125512507866,0.16180815915117355,78
resid_median,0.15386029445653984,0.33682647390724824,78
resid_q25,0.10432549311487108,0.5162571595365097,78
resid_q75,0.19728367114302497,0.21632462818177808,78
resid_sd,0.26779205139653295,0.09050284714387535,78
resid_mean,0.26586988985306687,0.09292976227107723,79
resid_median,0.25853072759619616,0.10266017907392662,79
resid_q25,0.19247826728435963,0.22794827439379448,79
resid_q75,0.24297869328997004,0.12583081136753085,79
resid_sd,0.15752987558497522,0.3252881741314392,79
resid_mean,0.3003814266562089,0.05636188614011433,80
resid_median,0.23109624011217936,0.1460189154851781,80
resid_q25,0.2517157912148162,0.11237551785494587,80
resid_q75,0.3128754766887389,0.046399099487430005,80
resid_sd,0.24018282195401933,0.13038144910927368,80
resid_mean,0.205059688296138,0.1983959211941554,81
resid_median,0.23266891773865167,0.14321817189886663,81
resid_q25,0.27268482623444684,0.08454622996445882,81
resid_q75,0.2746943587571614,0.08218994572455225,81
resid_sd,0.24682301637690235,0.11976919635573657,81
resid_mean,0.21126302782277873,0.18486210578410747,82
resid_median,0.12764900068200152,0.4264174765313444,82
resid_q25,0.19405094491083189,0.2240980623013613,82
resid_q75,0.25896758249243845,0.10206003237107104,82
resid_sd,0.2469103873561508,0.11963403403012651,82
resid_mean,0.212835705449251,0.18153790732505043,83
resid_median,0.18085792704431428,0.2578005972773883,83
resid_q25,0.12193151226281623,0.44759047456501516,83
resid_q75,0.330524414496928,0.03480128499960349,83
resid_sd,0.2538126947167792,0.10931481656223135,83
resid_mean,0.23537741809535398,0.1384878194963077,84
resid_median,0.21589368972294717,0.17519664430658746,84
resid_q25,0.25940443738868074,0.10146257234744184,84
resid_q75,0.25127893631857384,0.11302125635731945,84
resid_sd,0.2781891979270999,0.07821427109848524,84
resid_mean,0.12878482341223152,0.42227921189895495,85
resid_median,0.06849884773079343,0.6704408641096891,85
resid_q25,0.07644960684240337,0.6347341098133742,85
resid_q75,0.25110419436007697,0.11328033694296345,85
resid_sd,0.2225338841458302,0.16197713534055022,85
resid_mean,0.27923764967808135,0.07705138118398236,86
resid_median,0.10711682055861321,0.5050320657068416,86
resid_q25,0.14591589070505417,0.36265963721507893,86
resid_q75,0.327291688264735,0.036726179367360154,86
resid_sd,0.31226387983399967,0.04685111069899723,86
resid_mean,0.21877693203814635,0.16936468571115382,87
resid_median,0.25538537234325154,0.10706116579532002,87
resid_q25,0.2538237499989116,0.10929884953506222,87
resid_q75,0.17046078051374744,0.2866271997098873,87
resid_sd,0.2165052865776864,0.1739476921428243,87
resid_mean,0.36005580548290783,0.020758869882116095,88
resid_median,0.26499618006058223,0.09404936055574284,88
resid_q25,0.23127098207067626,0.1457057478079898,88
resid_q75,0.3711519198474623,0.016891145129843105,88
resid_sd,0.2751312136534037,0.08168454648805697,88
resid_mean,0.2462987905014116,0.12058258486578446,89
resid_median,0.13079435593494612,0.4150133562278427,89
resid_q25,0.19640996135054034,0.21840691142353583,89
resid_q75,0.25145367827707077,0.11276262466086315,89
resid_sd,0.2650835510398307,0.09393693531066795,89
resid_mean,0.19728367114302497,0.21632462818177808,90
resid_median,0.2007785103129634,0.2081329551256157,90
resid_q25,0.132722298192202,0.40810973737734185,90
resid_q75,0.20453546242064724,0.1995706976249505,90
resid_sd,0.2842177954952437,0.07171142735597719,90
resid_mean,0.21991275476837638,0.16710609836140056,91
resid_median,0.16827650603253594,0.2929389778201399,91
resid_q25,0.10135033592821477,0.5283568148830862,91
resid_q75,0.21047668900954256,0.18654033616140792,91
resid_sd,0.27548069757039756,0.08128197401792372,91
resid_mean,0.23965859607852855,0.13124818036374059,92
resid_median,0.2372995796388201,0.13520165132797116,92
resid_q25,0.24857043596187153,0.11708771056726129,92
resid_q75,0.20855452746607642,0.19068814321421393,92
resid_sd,0.23013515934044634,0.14775019033801265,92
resid_mean,0.19081821867863882,0.2320612558612308,93
resid_median,0.15036545528660142,0.34804733794763026,93
resid_q25,0.20279687564456936,0.20350174945653351,93
resid_q75,0.1988563487694973,0.21261120669174702,93
resid_sd,0.2119619956567664,0.1833793815433378,93
resid_mean,0.3456395939069118,0.026866834225868604,94
resid_median,0.2469103873561508,0.11963403403012651,94
resid_q25,0.2275140299629925,0.15254839130087222,94
resid_q75,0.3959652779540253,0.010386026658008656,94
resid_sd,0.24996837162984695,0.11497533166745844,94
resid_mean,0.2707626646909807,0.08684888356526214,95
resid_median,0.2503178555468408,0.11445176594095494,95
resid_q25,0.2314457240291732,0.14539307447226818,95
resid_q75,0.2675299384587876,0.09083087460207374,95
resid_sd,0.27801445596860297,0.07840941358849561,95
resid_mean,0.32126309069659115,0.04054840962925138,96
resid_median,0.3099922343735396,0.04856126993201395,96
resid_q25,0.27434487484016756,0.0825960165169217,96
resid_q75,0.3174187676096588,0.04315063446647208,96
resid_sd,0.3266800914099957,0.03709997020099473,96
resid_mean,0.20637025298486492,0.19548026097325102,97
resid_median,0.13332811433315148,0.4059540723843864,97
resid_q25,0.06736302500056345,0.6756030886294782,97
resid_q75,0.31436078333596273,0.045316031266599215,97
resid_sd,0.40146964964667836,0.009278151584308088,97
resid_mean,0.24830832302412614,0.11748701998092409,98
resid_median,0.26971421293999914,0.08812521633429776,98
resid_q25,0.29829751548925454,0.058178806944243606,98
resid_q75,0.3057984273696135,0.05185061974358047,98
resid_sd,0.3018667333034328,0.05509479882840478,98
resid_mean,0.20147747814695108,0.20652091375992407,99
resid_median,0.140055679735283,0.3824580086280022,99
resid_q25,0.13857037308805917,0.387575272503904,99
resid_q75,0.2348531922198632,0.13939422318160788,99
resid_sd,0.34668804565789324,0.02637736286107501,99
resid_mean,0.2538126947167792,0.10931481656223135,100
resid_median,0.1794599913763389,0.2615596131825063,100
resid_q25,0.09139004429389022,0.5698473895307891,100
resid_q75,0.2953139098597982,0.060861217911506366,100
resid_sd,0.27521858463265214,0.08158375796646422,100
resid_mean,0.15115179409983753,0.34550295216935234,101
resid_median,0.10204930376220246,0.5255017639023335,101
resid_q25,0.06150916939091655,0.7024369085509812,101
resid_q75,0.11419386987773855,0.4771364582596519,101
resid_sd,0.26289927655861917,0.09677878496049923,101
resid_mean,0.24752198421089006,0.1186911104044859,102
resid_median,0.22594135233652016,0.15548145573893601,102
resid_q25,0.25320109786204004,0.11020090304189345,102
resid_q75,0.212835705449251,0.18153790732505043,102
resid_sd,0.3132249606057327,0.04614239514800683,102
resid_mean,0.27486910071565834,0.08198749447426769,103
resid_median,0.18531384698598583,0.2460599106349684,103
resid_q25,0.20951560823780951,0.18860615937106506,103
resid_q75,0.25826861465845075,0.10302155955785701,103
resid_sd,0.25966655032642605,0.1011053830790859,103
resid_mean,0.37045295201347467,0.01711540047824294,104
resid_median,0.4032170692316476,0.008948342172305734,104
resid_q25,0.2724227132967014,0.08485740339556269,104
resid_q75,0.36494858032082167,0.018970664260984416,104
resid_sd,0.35158082049580713,0.024189978703371154,104
resid_mean,0.3249326718250265,0.03818512297511479,105
resid_median,0.35848312785643555,0.021362797044607418,105
resid_q25,0.17753782983287278,0.2667874207271587,105
resid_q75,0.368618161449257,0.017716040702799217,105
resid_sd,0.30509945953562584,0.0524158587264692,105
resid_mean,0.3254568977005172,0.03785688896652712,106
resid_median,0.2709374066494776,0.0866375626373129,106
resid_q25,0.3358540442310841,0.03180899060354306,106
resid_q75,0.3016046203656874,0.05531672909707195,106
resid_sd,0.22288336806282405,0.16130199781988655,106
resid_mean,0.24979362967135002,0.11523779240898568,107
resid_median,0.26412247026809765,0.09517932202243831,107
resid_q25,0.0033200972114415185,0.9835634747942983,107
resid_q75,0.2985466360919913,0.05795917429723131,107
resid_sd,0.20759344669434335,0.19278633227516012,107
resid_mean,0.2864020699764552,0.06946326828496592,108
resid_median,0.06561560541559422,0.6835736063394579,108
resid_q25,0.1805958141065689,0.25850265548271606,108
resid_q75,0.30990486339429124,0.04862803766250349,108
resid_sd,0.2654330349568246,0.09348826952638056,108
resid_mean,0.3107785731867758,0.04796368271834917,109
resid_median,0.29077061893887823,0.06513397335819493,109
resid_q25,0.3741225331419101,0.015965498355801622,109
resid_q75,0.2894600542501513,0.0664096838067622,109
resid_sd,0.16032574692092594,0.3166650611202265,109
resid_mean,0.2225338841458302,0.16197713534055022,110
resid_median,0.05417000713404583,0.7365860382871168,110
resid_q25,0.18618755677847043,0.24380075808701937,110
resid_q75,0.2371248376803232,0.1354979793105762,110
resid_sd,0.24656090343915696,0.12017537289611048,110
resid_mean,0.22786351387998632,0.15190213065633054,111
resid_median,0.1907308476993904,0.23227912158592115,111
resid_q25,0.25328846884128847,0.1100739865382101,111
resid_q75,0.25495962220200485,0.10766774486904887,111
resid_sd,0.31768088054740423,0.04296900751631813,111
resid_mean,0.3004687976354574,0.05628671211773375,112
resid_median,0.2539000656960277,0.10918867590653948,112
resid_q25,0.219650641830631,0.16762537021476898,112
resid_q75,0.2930422643993382,0.062968816314202,112
resid_sd,0.31147754102076347,0.04743749142110973,112
resid_mean,0.23957122509928008,0.131393051890135,113
resid_median,0.18653704069546423,0.24290102981860132,113
resid_q25,0.16277213433988286,0.3092392229479976,113
resid_q75,0.31060383122827884,0.048095964123537775,113
resid_sd,0.2594918083679292,0.1013434021392847,113
resid_mean,0.3396983673180164,0.029784897989162926,114
resid_median,0.3369024959820657,0.03124604669753609,114
resid_q25,0.24280395133147314,0.1261116950314752,114
resid_q75,0.3397857382972648,0.0297401626997695,114
resid_sd,0.2803734724083114,0.07580690774588088,114
resid_mean,0.29461494202581057,0.06150364054187964,115
resid_median,0.14084201854851916,0.3797650619082022,115
resid_q25,0.1577046175434721,0.3247449696457513,115
resid_q75,0.2976729262995067,0.05873238636282029,115
resid_sd,0.2535505817790338,0.10969390279065845,115
resid_mean,0.15630668187549673,0.32910649518070684,116
resid_median,0.12240674192709386,0.4458090321415792,116
resid_q25,0.16451955392485207,0.3040033375701823,116
resid_q75,0.1911677025956327,0.2311911870265491,116
resid_sd,0.27705337519686984,0.07948951145401448,116
resid_mean,0.20226381696018722,0.20471780313781354,117
resid_median,0.05993649176444426,0.7097087955950732,117
resid_q25,0.10720419153786165,0.5046827166888957,117
resid_q75,0.1750040714346674,0.27378345483619454,117
resid_sd,0.22803825583848322,0.1515797525204734,117
resid_mean,0.21877693203814635,0.16936468571115382,118
resid_median,0.1826053466292835,0.2531526963347701,118
resid_q25,0.1686259899495297,0.29192311581934877,118
resid_q75,0.3117396539585089,0.047241376047335144,118
resid_sd,0.24411451602020007,0.12401647050061562,118
resid_mean,0.1931772351183473,0.22623151577327846,119
resid_median,0.14739484199215372,0.3577623723504707,119
resid_q25,0.14547268044868755,0.3641350603159861,119
resid_q75,0.236338498867087,0.13683742261569087,119
resid_sd,0.35219241735054635,0.02392750042720053,119
resid_mean,0.272335342317453,0.08496132541711857,120
resid_median,0.11069903070780009,0.4908097925702963,120
resid_q25,0.2124954767632885,0.18225341618380225,120
resid_q75,0.29077061893887823,0.06513397335819493,120
resid_sd,0.2722479713382045,0.08506534630630821,120
resid_mean,0.20698184983960413,0.1941300009814894,121
resid_median,-0.04054013437128591,0.801304499754817,121
resid_q25,0.038006375973080535,0.8134957445679918,121
resid_q75,0.297935039237252,0.058499563618940806,121
resid_sd,0.22664032017050786,0.1541728348058053,121
resid_mean,0.16303424727762825,0.3084502115321865,122
resid_median,0.1532486976018006,0.338773808732696,122
resid_q25,0.09715652892428864,0.5456449311780982,122
resid_q75,0.21668002853618332,0.1735920253849644,122
resid_sd,0.23895962824454084,0.1324104895330933,122
resid_mean,0.27591755246663985,0.08078093603883717,123
resid_median,0.14512319653169375,0.36530101230735884,123
resid_q25,0.1956236225373042,0.2202927622605552,123
resid_q75,0.27801445596860297,0.07840941358849561,123
resid_sd,0.2923432965653505,0.06362884057780092,123
resid_mean,0.1761398941648974,0.2706325461230769,124
resid_median,0.11401912791924161,0.4778153304994898,124
resid_q25,0.21895167399664328,0.16901578645626558,124
resid_q75,0.23424159536512398,0.1404572313472805,124
resid_sd,0.3341066246461149,0.032765781218412775,124
resid_mean,0.26071500207740766,0.0996862435257715,125
resid_median,0.22611609429501708,0.15515354360547104,125
resid_q25,0.23983333803702547,0.13095879435122038,125
resid_q75,0.22891196563096786,0.14997536957294108,125
resid_sd,0.23424159536512398,0.1404572313472805,125
resid_mean,0.28220826297252904,0.07382995321204885,126
resid_median,0.2321446918631609,0.14414731722384852,126
resid_q25,0.23834803138980162,0.13343377884654672,126
resid_q75,0.24315343524846697,0.12555039625719164,126
resid_sd,0.26115185697364995,0.09909946133426044,126
resid_mean,0.31156491200001196,0.04737204668661698,127
resid_median,0.053034184403815826,0.7419179239563103,127
resid_q25,0.11401912791924161,0.4778153304994898,127
resid_q75,0.2974981843410097,0.058888011789543636,127
resid_sd,0.41833224864163127,0.00649138957284811,127
resid_mean,0.2121367376152633,0.18301002710258743,128
resid_median,0.1631216182568767,0.30818749229096115,128
resid_q25,0.1923035253258627,0.2283788538450861,128
resid_q75,0.23948385412003162,0.13153804249548134,128
resid_sd,0.3105164602490304,0.04816221517469907,128
resid_mean,0.24891991987886541,0.11655689172477998,129
resid_median,0.2552106303847546,0.10730981041230765,129
resid_q25,0.16269184939689277,0.3094811525655508,129
resid_q75,0.32301051028156036,0.03940859498662086,129
resid_sd,0.20034165541672108,0.20914492127424464,129
resid_mean,0.2928675224408413,0.06313331034368458,130
resid_median,0.3251947847627719,0.03802071657075018,130
resid_q25,0.2816840370970383,0.07439061807872993,130
resid_q75,0.26787942237578144,0.09039370838853915,130
resid_sd,0.193876202952335,0.22452364330942373,130
resid_mean,0.3332329148536303,0.033252981606782014,131
resid_median,0.28369356961975295,0.0722594158241159,131
resid_q25,0.2444639999371939,0.12346217729126355,131
resid_q75,0.35822101491869013,0.021464866690589536,131
resid_sd,0.2859652150802129,0.0699083928613264,131
resid_mean,0.20890401138307027,0.18992918552367458,132
resid_median,0.23764906355581392,0.13461043911208528,132
resid_q25,0.12834796851598923,0.4238681687830895,132
resid_q75,0.2670930835625453,0.09137962773407941,132
resid_sd,0.23153309500842165,0.14523692306825173,132
resid_mean,0.23668798278408087,0.13624090782682444,133
resid_median,0.19571099351655266,0.22008267082985328,133
resid_q25,0.17911830894931802,0.2624838967371294,133
resid_q75,0.24760935519013852,0.11855686535830934,133
resid_sd,0.15831621439821134,0.32284822500349003,133
resid_mean,0.29042113502188444,0.06547224826561154,134
resid_median,0.18409065327650734,0.24924634641498308,134
resid_q25,0.28054821436680827,0.0756168570027776,134
resid_q75,0.27923764967808135,0.07705138118398236,134
resid_sd,0.2175537383286679,0.17182152189074018,134
resid_mean,0.20532180123388336,0.19781035873007569,135
resid_median,0.1644321829456036,0.30426377986426617,135
resid_q25,0.08212872049355334,0.609714404468851,135
resid_q75,0.2739080199439252,0.08310580029358174,135
resid_sd,0.28613995703870976,0.06973007387502336,135
resid_mean,0.31759350956815574,0.04302948072262881,136
resid_median,0.27652914932137906,0.08008353484210949,136
resid_q25,0.30834561574738695,0.049832098301637304,136
resid_q75,0.27198585840045914,0.08537800275171328,136
resid_sd,0.30413837876389277,0.053201133095105844,136
resid_mean,0.31855459033988887,0.04236806327770019,137
resid_median,0.17413036164218282,0.27622355906279095,137
resid_q25,0.2994203458844759,0.05719411159117358,137
resid_q75,0.29828452315424586,0.05819027960270361,137
resid_sd,0.3777921142703454,0.014881542911631572,137
resid_mean,0.2339794824273786,0.1409146354953778,138
resid_median,0.16880073190802666,0.29141603883053296,138
resid_q25,0.24621141952216313,0.12071855252503076,138
resid_q75,0.3071963630375889,0.05073484213381058,138
resid_sd,0.1895950249691604,0.23512407313150405,138
resid_mean,0.22008749672687328,0.16676056300172742,139
resid_median,0.23022253031969472,0.14759218174244057,139
resid_q25,0.22009708304552786,0.16674162192441994,139
resid_q75,0.2970613294447674,0.059278514657756916,139
resid_sd,0.303614152888402,0.05363342778015709,139
resid_mean,0.3756952107683823,0.01549304748437616,140
resid_median,0.3197777840493673,0.04153823374435258,140
resid_q25,0.37674366251936386,0.015184691422032192,140
resid_q75,0.34887232013910474,0.025381381162146697,140
resid_sd,0.23974596705777704,0.1311034278671596,140
resid_mean,0.22620346527426557,0.15498977687192772,141
resid_median,0.18138215291980506,0.25640029620099986,141
resid_q25,0.09392380269209558,0.5591525341643596,141
resid_q75,0.29208118362760516,0.0638777606524722,141
resid_sd,0.2881494895614244,0.06770508820886845,141
resid_mean,0.22602872331576862,0.1553174365467466,142
resid_median,0.23231943382165784,0.14383711009980624,142
resid_q25,0.10536940097364397,0.5120446702189864,142
resid_q75,0.30501208855637735,0.05248686028480006,142
resid_sd,0.276878633238373,0.07968713557583912,142
resid_mean,0.349658658952341,0.02503056998433029,143
resid_median,0.3098174924150427,0.04869487943119831,143
resid_q25,0.31872933229838574,0.042248697976799275,143
resid_q75,0.29181907068985974,0.0641274527905558,143
resid_sd,0.3223989134268211,0.03980451959691603,143
resid_mean,0.18312957250477427,0.2517693333719961,144
resid_median,0.14573479338643294,0.36326206528656607,144
resid_q25,0.06465734079146113,0.6879590436448412,144
resid_q75,0.27714074617611834,0.07939084306909489,144
resid_sd,0.15027808430735293,0.3483307522678243,144
resid_mean,0.2469103873561508,0.11963403403012651,145
resid_median,0.1722955710779651,0.2813940273409446,145
resid_q25,0.33864991556703483,0.030326070440240768,145
resid_q75,0.2562590821357361,0.10582451627271978,145
resid_sd,0.22952356248570704,0.14885972994416893,145
resid_mean,0.28919794131240595,0.0666671828915109,146
resid_median,0.24822095204487774,0.11762035106995367,146
resid_q25,0.19047703098025037,0.23291282259563456,146
resid_q75,0.25468640450926383,0.10805838148163292,146
resid_sd,0.21458312503422025,0.17789459328551352,146
resid_mean,0.2887610864161636,0.0670981028700976,147
resid_median,0.1920414123881173,0.22902576608047137,147
resid_q25,0.22436867471004784,0.15845543907003537,147
resid_q75,0.2745196167986645,0.08239278625221384,147
resid_sd,0.21231147957376023,0.18264120274474654,147
resid_mean,0.27347116504768293,0.0836180299746899,148
resid_median,0.1743924745799282,0.2754900364310457,148
resid_q25,0.21475786699271715,0.1775331598887727,148
resid_q75,0.3168945417341681,0.0435157583548769,148
resid_sd,0.3169819127134165,0.043454730855235456,148
resid_mean,0.2169421414739287,0.17305950470492212,149
resid_median,0.24918203281661078,0.11615997104502743,149
resid_q25,0.17841153962535736,0.2644026464405185,149
resid_q75,0.26744256747953915,0.09094042100749083,149
resid_sd,0.1606752308379198,0.3155974016358052,149
resid_mean,0.33830043165004103,0.0305082547213634,150
resid_median,0.2605402601189107,0.09992170056360224,150
resid_q25,0.28012356023976276,0.07607936473236766,150
resid_q75,0.2592296954301838,0.10170123439522641,150
resid_sd,0.25756964682446304,0.10398999274176153,150
resid_mean,0.30003194273921513,0.05666338561067628,151
resid_median,0.30011931371846357,0.05658789012045025,151
resid_q25,0.2359890149500932,0.1374358713722715,151
resid_q75,0.3396983673180164,0.029784897989162926,151
resid_sd,0.28561573116321903,0.07026610954933328,151
resid_mean,0.2388722572652924,0.13255631506416815,152
resid_median,0.16871336092877823,0.2916695061587884,152
resid_q25,0.22602872331576862,0.1553174365467466,152
resid_q75,0.24944414575435617,0.11576407175332544,152
resid_sd,0.138919857005053,0.38636761700054234,152
resid_mean,0.297935039237252,0.058499563618940806,153
resid_median,0.27705337519686984,0.07948951145401448,153
resid_q25,0.28054821436680827,0.0756168570027776,153
resid_q75,0.26525829299832765,0.09371239549169565,153
resid_sd,0.21668002853618332,0.1735920253849644,153
resid_mean,0.32973807568369184,0.03526170901985581,154
resid_median,0.31907881621537965,0.04201078737183847,154
resid_q25,0.26586988985306687,0.09292976227107723,154
resid_q75,0.265520405936073,0.09337636159832137,154
resid_sd,0.21790322224566175,0.1711169688940515,154
resid_mean,0.23948385412003162,0.13153804249548134,155
resid_median,0.1369103244823384,0.3933417629410601,155
resid_q25,0.20724396277734952,0.19355333651258363,155
resid_q75,0.24891991987886541,0.11655689172477998,155
resid_sd,0.1761398941648974,0.2706325461230769,155
resid_mean,0.24944414575435617,0.11576407175332544,156
resid_median,0.0916521572316356,0.5687366907573603,156
resid_q25,0.22594135233652016,0.15548145573893601,156
resid_q75,0.23782380551431084,0.13431555410599375,156
resid_sd,0.2676173094380361,0.09072143019404968,156
resid_mean,0.1864496697162158,0.2431257513123077,157
resid_median,0.21405889915872947,0.1789820508387784,157
resid_q25,0.16697321385470573,0.2967474041746913,157
resid_q75,0.2810724402422991,0.07504894577959695,157
resid_sd,0.2579191307414569,0.10350491114692144,157
resid_mean,0.295838135735289,0.06038291530176444,158
resid_median,0.29540128083904665,0.060781292056620535,158
resid_q25,0.29679921650702207,0.05951380564445814,158
resid_q75,0.32152520363433645,0.04037574555986288,158
resid_sd,0.17814942668761197,0.26511659100595897,158
resid_mean,0.3064973952036012,0.0512902906388073,159
resid_median,0.28177140807628676,0.07429694252466709,159
resid_q25,0.2106514309680395,0.18616646467367354,159
resid_q75,0.2859652150802129,0.0699083928613264,159
resid_sd,0.3369024959820657,0.03124604669753609,159
resid_mean,0.30946800849804895,0.04896298802322534,160
resid_median,0.26473406712283687,0.09438725830720454,160
resid_q25,0.20864189844532488,0.19049820298272346,160
resid_q75,0.30274044309591736,0.054360177058942305,160
resid_sd,0.27801445596860297,0.07840941358849561,160
resid_mean,0.2649088090813338,0.09416188943276282,161
resid_median,0.19815738093550958,0.21425611702127254,161
resid_q25,0.2184274481211525,0.1700640406622407,161
resid_q75,0.24463874189569082,0.12318572855553578,161
resid_sd,0.2580938726999538,0.10326301932062429,161
resid_mean,0.3317476082064065,0.03409488244166895,162
resid_median,0.22707717506675018,0.1533590414308634,162
resid_q25,0.13079435593494612,0.4150133562278427,162
resid_q75,0.27417013288167064,0.08279963697820523,162
resid_sd,0.2529389849242946,0.11058231906637406,162
resid_mean,0.3043131207223897,0.053057657923896,163
resid_median,0.24725987127314467,0.11909453262170762,163
resid_q25,0.25827986402643127,0.10300602988838671,163
resid_q75,0.33567930227258724,0.03190362181998238,163
resid_sd,0.2234075939383148,0.16029312398440856,163
resid_mean,0.25529800136400305,0.1071854332248356,164
resid_median,0.19440042882782574,0.2232485635305696,164
resid_q25,0.3446785131351786,0.02732211191798531,164
resid_q75,0.2624624216623769,0.09735500008520545,164
resid_sd,0.11131062756253933,0.4884024506498983,164
resid_mean,0.32702957532698956,0.03688599627513137,165
resid_median,0.19370146099383806,0.22494977897825136,165
resid_q25,0.17063552247224434,0.2861260996057663,165
resid_q75,0.3235347361570511,0.03907179297138009,165
resid_sd,0.303614152888402,0.05363342778015709,165
resid_mean,0.23231943382165784,0.14383711009980624,166
resid_median,0.20960297921705795,0.18841769014266382,166
resid_q25,0.18235117598889108,0.2538252468573131,166
resid_q75,0.27154900350421685,0.08590107951750112,166
resid_sd,0.2928675224408413,0.06313331034368458,166
resid_mean,0.1720334581402197,0.28213778327801203,167
resid_median,0.22375707785530866,0.15962309250007461,167
resid_q25,0.162422650422889,0.31029322998442066,167
resid_q75,0.19231190146217023,0.2283582016217505,167
resid_sd,0.22218440022883634,0.16265431992960608,167
resid_mean,0.354027207914764,0.02315426415194382,168
resid_median,0.2884989734784183,0.06735771031800575,168
resid_q25,0.30841955674706734,0.04977446326890327,168
resid_q75,0.30169199134493585,0.05524267294448624,168
resid_sd,0.31444815431521117,0.045252964503035654,168
resid_mean,0.3191661871946281,0.04195148023007527,169
resid_median,0.3156713480246896,0.04437747014830059,169
resid_q25,0.17937262039709045,0.26179575403722394,169
resid_q75,0.2909453608973751,0.06496535607668802,169
resid_sd,0.2537253237375308,0.10944106789234818,169
resid_mean,0.272160600358956,0.08516946612034011,170
resid_median,0.2698015839192476,0.08801830344111652,170
resid_q25,0.24778409714863545,0.11828871849387738,170
resid_q75,0.3631137897566039,0.01962544928617791,170
resid_sd,0.22428130373079938,0.15862186517586546,170
resid_mean,0.25722016290746924,0.10447680784246889,171
resid_median,0.20208907500169032,0.20511754046688976,171
resid_q25,0.19798263897701265,0.2146687187149532,171
resid_q75,0.2779270849893545,0.07850712749943653,171
resid_sd,0.27993661751206905,0.07628367306255147,171
resid_mean,0.32685483336849264,0.03699285667053306,172
resid_median,0.23223206284240935,0.14399215212141905,172
resid_q25,0.2404449348917647,0.12994968706018206,172
resid_q75,0.3169819127134165,0.043454730855235456,172
resid_sd,0.31139017004151504,0.04750300917421206,172
resid_mean,0.25110419436007697,0.11328033694296345,173
resid_median,0.21370941524173562,0.1797096566153967,173
resid_q25,0.2172042544116741,0.17252815845550998,173
resid_q75,0.22560169449128736,0.15612028650444149,173
resid_sd,0.23170783696691857,0.1449249905591508,173
resid_mean,0.2435029191654608,0.1249909700837938,174
resid_median,0.20960297921705795,0.18841769014266382,174
resid_q25,0.23320330077352674,0.14227557577306743,174
resid_q75,0.2725974552551983,0.08464985572646672,174
resid_sd,0.2357269020123478,0.1378859789454497,174
resid_mean,0.2338921114481301,0.14106734778512092,175
resid_median,0.19099296063713578,0.23162594267242795,175
resid_q25,0.2917316997106113,0.06421085534407033,175
resid_q75,0.21816533518340714,0.170589919997111,175
resid_sd,0.1714218612854805,0.2838781911557154,175
resid_mean,0.28115981122154754,0.07495462011416722,176
resid_median,0.25870546955469303,0.10241979755166915,176
resid_q25,0.3030025560336628,0.05414132828045678,176
resid_q75,0.2516284202355677,0.1125044414292054,176
resid_sd,0.2339794824273786,0.1409146354953778,176
resid_mean,0.21091354390578487,0.1856066557210897,177
resid_median,0.1767514910196366,0.2689458363739465,177
resid_q25,0.12118354821761544,0.45040214588014127,177
resid_q75,0.2794123916365783,0.07685888938643574,177
resid_sd,0.2503178555468408,0.11445176594095494,177
resid_mean,0.2630740185171161,0.09654903412673574,178
resid_median,0.23336788557263935,0.14198618932367757,178
resid_q25,0.2687531321682661,0.08930790889378425,178
resid_q75,0.2800239884913175,0.07618813251516732,178
resid_sd,0.29365386125407744,0.06239576625399726,178
resid_mean,0.34695015859563866,0.026256158532781477,179
resid_median,0.2292614495479617,0.14933711337576372,179
resid_q25,0.2122241085945118,0.182825548681029,179
resid_q75,0.3727245974739347,0.01639561498239,179
resid_sd,0.27705337519686984,0.07948951145401448,179
resid_mean,0.25127893631857384,0.11302125635731945,180
resid_median,0.17666412004038817,0.2691863693535561,180
resid_q25,0.19186667042962038,0.229457736528785,180
resid_q75,0.3057984273696135,0.05185061974358047,180
resid_sd,0.24778409714863545,0.11828871849387738,180
resid_mean,0.3418826417992279,0.028683054319310366,181
resid_median,0.22139806141560017,0.1641854835127714,181
resid_q25,0.2227959970835756,0.1614705904323026,181
resid_q75,0.3623432327867424,0.019906038731185124,181
resid_sd,0.3260684945552565,0.037476867226627616,181
resid_mean,0.23747432159731702,0.13490580472384928,182
resid_median,0.19981742954123033,0.21036379507781097,182
resid_q25,0.14940437451486832,0.3511726424131046,182
resid_q75,0.2818587790555352,0.07420335961176784,182
resid_sd,0.23563953103309931,0.1380362571537443,182
resid_mean,0.24201761251823697,0.1273814806575797,183
resid_median,0.25853072759619616,0.10266017907392662,183
resid_q25,0.08177923657655951,0.611241867902582,183
resid_q75,0.28290723080651675,0.0730875695572678,183
resid_sd,0.2803734724083114,0.07580690774588088,183
resid_mean,0.26814153531352686,0.09006690252214233,184
resid_median,0.12153303213460925,0.4490872061661958,184
resid_q25,0.19553625155805573,0.22050299188473735,184
resid_q75,0.31034171829053353,0.0482949382574649,184
resid_sd,0.3135744445227266,0.045886841052265565,184
resid_mean,0.24830832302412614,0.11748701998092409,185
resid_median,0.19431305784857728,0.2234607303754636,185
resid_q25,0.24341554818621236,0.12513065124742526,185
resid_q75,0.2967118455277736,0.059592401198501385,185
resid_sd,0.2725100842759499,0.08475358018442158,185
resid_mean,0.21973801280987942,0.1674521503685685,186
resid_median,0.18540121796523426,0.24583336300604267,186
resid_q25,0.10301038453393552,0.5215884916189916,186
resid_q75,0.1913424445541296,0.23075698875722955,186
resid_sd,0.26289927655861917,0.09677878496049923,186
resid_mean,0.17980947529333277,0.26061646477359485,187
resid_median,0.19999217149972726,0.20995695627599836,187
resid_q25,0.012319844664318949,0.9390620821721832,187
resid_q75,0.2211359484778548,0.1646981824647733,187
resid_sd,0.25870546955469303,0.10241979755166915,187
resid_mean,0.1720334581402197,0.28213778327801203,188
resid_median,0.1739556196836859,0.2767132844627024,188
resid_q25,-0.05862592707571734,0.7157882037100293,188
resid_q75,0.22200965827033944,0.1629936807007744,188
resid_sd,0.3068468791205951,0.05101195813973275,188
resid_mean,0.26342350243410995,0.09609079037514852,189
resid_median,0.24324080622771546,0.12541036428362434,189
resid_q25,0.1591025532114475,0.32041977633628366,189
resid_q75,0.2948770549635559,0.06126210289545847,189
resid_sd,0.2794123916365783,0.07685888938643574,189
resid_mean,0.3100796053527881,0.04849457618298905,190
resid_median,0.2503178555468408,0.11445176594095494,190
resid_q25,0.11113588560404239,0.48908963774050934,190
resid_q75,0.277839714010106,0.07860493659800487,190
resid_sd,0.21056405998879105,0.18635333384259375,190
resid_mean,0.20313752675267185,0.20272728193958353,191
resid_median,0.19343934805609267,0.22559002287028365,191
resid_q25,0.17325665184969818,0.2786778696956889,191
resid_q75,0.24341554818621236,0.12513065124742526,191
resid_sd,0.22288336806282405,0.16130199781988655,191
resid_mean,0.24778409714863545,0.11828871849387738,192
resid_median,0.200516397375218,0.2087397246338427,192
resid_q25,0.14040516365227684,0.38125975758535663,192
resid_q75,0.30527420149412277,0.052274087077093814,192
resid_sd,0.26962684196075065,0.08823222980668546,192
resid_mean,0.38687869611218534,0.012462263907975684,193
resid_median,0.2556474852809969,0.10668902151329963,193
resid_q25,0.16076260181716823,0.3153308421583358,193
resid_q75,0.359706321565914,0.02089182527067574,193
resid_sd,0.2988961200089851,0.05765217452983909,193
resid_mean,0.2283003687762286,0.15109712455767246,194
resid_median,0.18112003998205967,0.2570998109639215,194
resid_q25,0.17247031303646201,0.2808989010028997,194
resid_q75,0.1956236225373042,0.2202927622605552,194
resid_sd,0.23004778836119782,0.14790832310907492,194
resid_mean,0.3253695267212688,0.03791143394719004,195
resid_median,0.271199519587223,0.08632132946557079,195
resid_q25,0.15761724656422366,0.3250165009305658,195
resid_q75,0.30308992701291126,0.05406853586895753,195
resid_sd,0.22087383554010942,0.16521203879665405,195
resid_mean,0.3500955138485833,0.024837423892330002,196
resid_median,0.2613265989321469,0.09886549145580381,196
resid_q25,0.3689676453662508,0.01760028449712015,196
resid_q75,0.3068468791205951,0.05101195813973275,196
resid_sd,0.14355051890522144,0.370575462171524,196
resid_mean,0.15412240739428523,0.3359940236659617,197
resid_median,0.08116763972182028,0.6139188406831405,197
resid_q25,0.11908664471565235,0.45833563284679474,197
resid_q75,0.17806205570836353,0.2653548558625764,197
resid_sd,0.24367766112395775,0.12471195821273771,197
resid_mean,0.3135744445227266,0.045886841052265565,198
resid_median,0.2349405631991117,0.13924285197380476,198
resid_q25,0.2917316997106113,0.06421085534407033,198
resid_q75,0.31339970256422967,0.04601447454483751,198
resid_sd,0.24131864468424927,0.12851818081038252,198
resid_mean,0.21545683482670486,0.17609268068201403,199
resid_median,0.20855452746607642,0.19068814321421393,199
resid_q25,0.19955531660348494,0.21097508052226893,199
resid_q75,0.20436072046215029,0.1999633725968688,199
resid_sd,0.37036558103422623,0.01714360802512484,199
