source_file,config,format,method,o_observed,coverage_mean,coverage_std,coverage_n,width_mean,width_std,width_n,infinite_rate_mean,infinite_rate_std,infinite_n
DGP/results/files/fixedN51_K20_d5_u01_rho05_joint_xy_marginal/results_effect_of_o_joint_xy_marginal.csv,fixedN51_K20_d5_u01_rho05_joint_xy_marginal,wide,donor_hcp_derandomized,0,0.9890000000000001,0.009848857801796113,50,3.280824268183387,0.3076067877410894,50,0.0,0.0,50
DGP/results/files/fixedN51_K20_d5_u01_rho05_joint_xy_marginal/results_effect_of_o_joint_xy_marginal.csv,fixedN51_K20_d5_u01_rho05_joint_xy_marginal,wide,donor_hcp_derandomized,5,0.9803999999999999,0.013705473359209465,50,2.880398750184187,0.30520305293133937,50,0.0,0.0,50
DGP/results/files/fixedN51_K20_d5_u01_rho05_joint_xy_marginal/results_effect_of_o_joint_xy_marginal.csv,fixedN51_K20_d5_u01_rho05_joint_xy_marginal,wide,donor_hcp_derandomized,10,0.9703999999999998,0.018969449122207004,50,2.69053331757736,0.2817417979142862,50,0.0,0.0,50
DGP/results/files/fixedN51_K20_d5_u01_rho05_joint_xy_marginal/results_effect_of_o_joint_xy_marginal.csv,fixedN51_K20_d5_u01_rho05_joint_xy_marginal,wide,donor_hcp_derandomized,15,0.9617999999999999,0.02169700440152971,50,2.5131126080457644,0.27159004091206695,50,0.0,0.0,50
DGP/results/files/fixedN51_K20_d5_u01_rho05_joint_xy_marginal/results_effect_of_o_joint_xy_marginal.csv,fixedN51_K20_d5_u01_rho05_joint_xy_marginal,wide,donor_hcp_derandomized,20,0.9526,0.02330750951946603,50,2.403051425396977,0.2683875457056259,50,0.0,0.0,50
DGP/results/files/fixedN51_K20_d5_u01_rho05_joint_xy_marginal/results_effect_of_o_joint_xy_marginal.csv,fixedN51_K20_d5_u01_rho05_joint_xy_marginal,wide,donor_hcp_derandomized,25,0.9449999999999998,0.024919871588754205,50,2.2967759217644232,0.2578588170014764,50,0.0,0.0,50
DGP/results/files/fixedN51_K20_d5_u01_rho05_joint_xy_marginal/results_effect_of_o_joint_xy_marginal.csv,fixedN51_K20_d5_u01_rho05_joint_xy_marginal,wide,donor_hcp_derandomized,30,0.9381999999999999,0.027906271696520102,50,2.2172068470465924,0.25252289021066016,50,0.0,0.0,50
DGP/results/files/fixedN51_K20_d5_u01_rho05_joint_xy_marginal/results_effect_of_o_joint_xy_marginal.csv,fixedN51_K20_d5_u01_rho05_joint_xy_marginal,wide,donor_hcp_derandomized,35,0.9303999999999999,0.03130239607442215,50,2.145283136805422,0.24229515249159578,50,0.0,0.0,50
DGP/results/files/fixedN51_K20_d5_u01_rho05_joint_xy_marginal/results_effect_of_o_joint_xy_marginal.csv,fixedN51_K20_d5_u01_rho05_joint_xy_marginal,wide,donor_hcp_derandomized,40,0.9228000000000002,0.03464332547547939,50,2.0703221619647763,0.2376235986056799,50,0.0,0.0,50
DGP/results/files/fixedN51_K20_d5_u01_rho05_joint_xy_marginal/results_effect_of_o_joint_xy_marginal.csv,fixedN51_K20_d5_u01_rho05_joint_xy_marginal,wide,donor_hcp_randomized,0,0.8845999999999999,0.03774705286509134,50,1.7916363185546222,0.1396046132317014,50,0.0,0.0,50
DGP/results/files/fixedN51_K20_d5_u01_rho05_joint_xy_marginal/results_effect_of_o_joint_xy_marginal.csv,fixedN51_K20_d5_u01_rho05_joint_xy_marginal,wide,donor_hcp_randomized,5,0.8808000000000001,0.038514412886606494,50,1.7678574237450744,0.13862004295250913,50,0.0,0.0,50
DGP/results/files/fixedN51_K20_d5_u01_rho05_joint_xy_marginal/results_effect_of_o_joint_xy_marginal.csv,fixedN51_K20_d5_u01_rho05_joint_xy_marginal,wide,donor_hcp_randomized,10,0.8744,0.03935276356242342,50,1.7399312766828015,0.1382321185191965,50,0.0,0.0,50
DGP/results/files/fixedN51_K20_d5_u01_rho05_joint_xy_marginal/results_effect_of_o_joint_xy_marginal.csv,fixedN51_K20_d5_u01_rho05_joint_xy_marginal,wide,donor_hcp_randomized,15,0.8694,0.04105654637204645,50,1.7165016453956843,0.13706068318912226,50,0.0,0.0,50
DGP/results/files/fixedN51_K20_d5_u01_rho05_joint_xy_marginal/results_effect_of_o_joint_xy_marginal.csv,fixedN51_K20_d5_u01_rho05_joint_xy_marginal,wide,donor_hcp_randomized,20,0.8612000000000001,0.042644577615448376,50,1.6845229430622188,0.14114518382994817,50,0.0,0.0,50
DGP/results/files/fixedN51_K20_d5_u01_rho05_joint_xy_marginal/results_effect_of_o_joint_xy_marginal.csv,fixedN51_K20_d5_u01_rho05_joint_xy_marginal,wide,donor_hcp_randomized,25,0.8566000000000001,0.043433167050078214,50,1.6582445739109586,0.1391271157264534,50,0.0,0.0,50
DGP/results/files/fixedN51_K20_d5_u01_rho05_joint_xy_marginal/results_effect_of_o_joint_xy_marginal.csv,fixedN51_K20_d5_u01_rho05_joint_xy_marginal,wide,donor_hcp_randomized,30,0.8515999999999999,0.046232456132029164,50,1.6301296481404812,0.13514140406648972,50,0.0,0.0,50
DGP/results/files/fixedN51_K20_d5_u01_rho05_joint_xy_marginal/results_effect_of_o_joint_xy_marginal.csv,fixedN51_K20_d5_u01_rho05_joint_xy_marginal,wide,donor_hcp_randomized,35,0.8407999999999999,0.048284158892953705,50,1.590319745125631,0.14233380872089374,50,0.0,0.0,50
DGP/results/files/fixedN51_K20_d5_u01_rho05_joint_xy_marginal/results_effect_of_o_joint_xy_marginal.csv,fixedN51_K20_d5_u01_rho05_joint_xy_marginal,wide,donor_hcp_randomized,40,0.8301999999999998,0.05251628318912145,50,1.5489744129773977,0.14230673535346822,50,0.0,0.0,50
DGP/results/files/fixedN51_K20_d5_u01_rho05_joint_xy_marginal/results_effect_of_o_joint_xy_marginal.csv,fixedN51_K20_d5_u01_rho05_joint_xy_marginal,wide,hcp,0,0.8845999999999999,0.03774705286509134,50,1.7916363185546222,0.1396046132317014,50,0.0,0.0,50
DGP/results/files/fixedN51_K20_d5_u01_rho05_joint_xy_marginal/results_effect_of_o_joint_xy_marginal.csv,fixedN51_K20_d5_u01_rho05_joint_xy_marginal,wide,hcp,5,0.8845999999999999,0.03774705286509134,50,1.7916363185546222,0.1396046132317014,50,0.0,0.0,50
DGP/results/files/fixedN51_K20_d5_u01_rho05_joint_xy_marginal/results_effect_of_o_joint_xy_marginal.csv,fixedN51_K20_d5_u01_rho05_joint_xy_marginal,wide,hcp,10,0.8845999999999999,0.03774705286509134,50,1.7916363185546222,0.1396046132317014,50,0.0,0.0,50
DGP/results/files/fixedN51_K20_d5_u01_rho05_joint_xy_marginal/results_effect_of_o_joint_xy_marginal.csv,fixedN51_K20_d5_u01_rho05_joint_xy_marginal,wide,hcp,15,0.8845999999999999,0.03774705286509134,50,1.7916363185546222,0.1396046132317014,50,0.0,0.0,50
DGP/results/files/fixedN51_K20_d5_u01_rho05_joint_xy_marginal/results_effect_of_o_joint_xy_marginal.csv,fixedN51_K20_d5_u01_rho05_joint_xy_marginal,wide,hcp,20,0.8845999999999999,0.03774705286509134,50,1.7916363185546222,0.1396046132317014,50,0.0,0.0,50
DGP/results/files/fixedN51_K20_d5_u01_rho05_joint_xy_marginal/results_effect_of_o_joint_xy_marginal.csv,fixedN51_K20_d5_u01_rho05_joint_xy_marginal,wide,hcp,25,0.8845999999999999,0.03774705286509134,50,1.7916363185546222,0.1396046132317014,50,0.0,0.0,50
DGP/results/files/fixedN51_K20_d5_u01_rho05_joint_xy_marginal/results_effect_of_o_joint_xy_marginal.csv,fixedN51_K20_d5_u01_rho05_joint_xy_marginal,wide,hcp,30,0.8845999999999999,0.03774705286509134,50,1.7916363185546222,0.1396046132317014,50,0.0,0.0,50
DGP/results/files/fixedN51_K20_d5_u01_rho05_joint_xy_marginal/results_effect_of_o_joint_xy_marginal.csv,fixedN51_K20_d5_u01_rho05_joint_xy_marginal,wide,hcp,35,0.8845999999999999,0.03774705286509134,50,1.7916363185546222,0.1396046132317014,50,0.0,0.0,50
DGP/results/files/fixedN51_K20_d5_u01_rho05_joint_xy_marginal/results_effect_of_o_joint_xy_marginal.csv,fixedN51_K20_d5_u01_rho05_joint_xy_marginal,wide,hcp,40,0.8845999999999999,0.03774705286509134,50,1.7916363185546222,0.1396046132317014,50,0.0,0.0,50
DGP/results/files/fixedN51_K20_d5_u01_rho05_joint_xy_marginal/results_effect_of_o_joint_xy_marginal.csv,fixedN51_K20_d5_u01_rho05_joint_xy_marginal,wide,pool,0,0.8026000000000001,0.056491061239810327,50,1.4569794737859447,0.1284220080578112,50,0.0,0.0,50
DGP/results/files/fixedN51_K20_d5_u01_rho05_joint_xy_marginal/results_effect_of_o_joint_xy_marginal.csv,fixedN51_K20_d5_u01_rho05_joint_xy_marginal,wide,pool,5,0.8026000000000001,0.056491061239810327,50,1.4569794737859447,0.1284220080578112,50,0.0,0.0,50
DGP/results/files/fixedN51_K20_d5_u01_rho05_joint_xy_marginal/results_effect_of_o_joint_xy_marginal.csv,fixedN51_K20_d5_u01_rho05_joint_xy_marginal,wide,pool,10,0.8026000000000001,0.056491061239810327,50,1.4569794737859447,0.1284220080578112,50,0.0,0.0,50
DGP/results/files/fixedN51_K20_d5_u01_rho05_joint_xy_marginal/results_effect_of_o_joint_xy_marginal.csv,fixedN51_K20_d5_u01_rho05_joint_xy_marginal,wide,pool,15,0.8026000000000001,0.056491061239810327,50,1.4569794737859447,0.1284220080578112,50,0.0,0.0,50
DGP/results/files/fixedN51_K20_d5_u01_rho05_joint_xy_marginal/results_effect_of_o_joint_xy_marginal.csv,fixedN51_K20_d5_u01_rho05_joint_xy_marginal,wide,pool,20,0.8026000000000001,0.056491061239810327,50,1.4569794737859447,0.1284220080578112,50,0.0,0.0,50
DGP/results/files/fixedN51_K20_d5_u01_rho05_joint_xy_marginal/results_effect_of_o_joint_xy_marginal.csv,fixedN51_K20_d5_u01_rho05_joint_xy_marginal,wide,pool,25,0.8026000000000001,0.056491061239810327,50,1.4569794737859447,0.1284220080578112,50,0.0,0.0,50
DGP/results/files/fixedN51_K20_d5_u01_rho05_joint_xy_marginal/results_effect_of_o_joint_xy_marginal.csv,fixedN51_K20_d5_u01_rho05_joint_xy_marginal,wide,pool,30,0.8026000000000001,0.056491061239810327,50,1.4569794737859447,0.1284220080578112,50,0.0,0.0,50
DGP/results/files/fixedN51_K20_d5_u01_rho05_joint_xy_marginal/results_effect_of_o_joint_xy_marginal.csv,fixedN51_K20_d5_u01_rho05_joint_xy_marginal,wide,pool,35,0.8026000000000001,0.056491061239810327,50,1.4569794737859447,0.1284220080578112,50,0.0,0.0,50
DGP/results/files/fixedN51_K20_d5_u01_rho05_joint_xy_marginal/results_effect_of_o_joint_xy_marginal.csv,fixedN51_K20_d5_u01_rho05_joint_xy_marginal,wide,pool,40,0.8026000000000001,0.056491061239810327,50,1.4569794737859447,0.1284220080578112,50,0.0,0.0,50
DGP/results/files/fixedN51_K20_d5_u01_rho05_joint_xy_marginal/results_effect_of_o_joint_xy_marginal.csv,fixedN51_K20_d5_u01_rho05_joint_xy_marginal,wide,rep,0,0.8466000000000001,0.04606994682002574,50,1.6279249970577085,0.13630658559728662,50,0.0,0.0,50
DGP/results/files/fixedN51_K20_d5_u01_rho05_joint_xy_marginal/results_effect_of_o_joint_xy_marginal.csv,fixedN51_K20_d5_u01_rho05_joint_xy_marginal,wide,rep,5,0.8466000000000001,0.04606994682002574,50,1.6279249970577085,0.13630658559728662,50,0.0,0.0,50
DGP/results/files/fixedN51_K20_d5_u01_rho05_joint_xy_marginal/results_effect_of_o_joint_xy_marginal.csv,fixedN51_K20_d5_u01_rho05_joint_xy_marginal,wide,rep,10,0.8466000000000001,0.04606994682002574,50,1.6279249970577085,0.13630658559728662,50,0.0,0.0,50
DGP/results/files/fixedN51_K20_d5_u01_rho05_joint_xy_marginal/results_effect_of_o_joint_xy_marginal.csv,fixedN51_K20_d5_u01_rho05_joint_xy_marginal,wide,rep,15,0.8466000000000001,0.04606994682002574,50,1.6279249970577085,0.13630658559728662,50,0.0,0.0,50
DGP/results/files/fixedN51_K20_d5_u01_rho05_joint_xy_marginal/results_effect_of_o_joint_xy_marginal.csv,fixedN51_K20_d5_u01_rho05_joint_xy_marginal,wide,rep,20,0.8466000000000001,0.04606994682002574,50,1.6279249970577085,0.13630658559728662,50,0.0,0.0,50
DGP/results/files/fixedN51_K20_d5_u01_rho05_joint_xy_marginal/results_effect_of_o_joint_xy_marginal.csv,fixedN51_K20_d5_u01_rho05_joint_xy_marginal,wide,rep,25,0.8466000000000001,0.04606994682002574,50,1.6279249970577085,0.13630658559728662,50,0.0,0.0,50
DGP/results/files/fixedN51_K20_d5_u01_rho05_joint_xy_marginal/results_effect_of_o_joint_xy_marginal.csv,fixedN51_K20_d5_u01_rho05_joint_xy_marginal,wide,rep,30,0.8466000000000001,0.04606994682002574,50,1.6279249970577085,0.13630658559728662,50,0.0,0.0,50
DGP/results/files/fixedN51_K20_d5_u01_rho05_joint_xy_marginal/results_effect_of_o_joint_xy_marginal.csv,fixedN51_K20_d5_u01_rho05_joint_xy_marginal,wide,rep,35,0.8466000000000001,0.04606994682002574,50,1.6279249970577085,0.13630658559728662,50,0.0,0.0,50
DGP/results/files/fixedN51_K20_d5_u01_rho05_joint_xy_marginal/results_effect_of_o_joint_xy_marginal.csv,fixedN51_K20_d5_u01_rho05_joint_xy_marginal,wide,rep,40,0.8466000000000001,0.04606994682002574,50,1.6279249970577085,0.13630658559728662,50,0.0,0.0,50
DGP/results/files/fixedN51_K20_d5_u01_rho05_joint_xy_marginal/results_effect_of_o_joint_xy_marginal.csv,fixedN51_K20_d5_u01_rho05_joint_xy_marginal,wide,sample_hcp_derandomized,0,0.987,0.01252996408614168,50,3.165387100705219,0.33224033623148064,50,0.0,0.0,50
DGP/results/files/fixedN51_K20_d5_u01_rho05_joint_xy_marginal/results_effect_of_o_joint_xy_marginal.csv,fixedN51_K20_d5_u01_rho05_joint_xy_marginal,wide,sample_hcp_derandomized,5,0.9118,0.03636976766491642,50,1.9355150212295833,0.14617606650104994,50,0.0,0.0,50
DGP/results/files/fixedN51_K20_d5_u01_rho05_joint_xy_marginal/results_effect_of_o_joint_xy_marginal.csv,fixedN51_K20_d5_u01_rho05_joint_xy_marginal,wide,sample_hcp_derandomized,10,0.9052000000000001,0.03534062817777861,50,1.9247808568307119,0.1393116774272478,50,0.0,0.0,50
DGP/results/files/fixedN51_K20_d5_u01_rho05_joint_xy_marginal/results_effect_of_o_joint_xy_marginal.csv,fixedN51_K20_d5_u01_rho05_joint_xy_marginal,wide,sample_hcp_derandomized,15,0.903,0.03780211634287159,50,1.9080436950339539,0.14258928530752832,50,0.0,0.0,50
DGP/results/files/fixedN51_K20_d5_u01_rho05_joint_xy_marginal/results_effect_of_o_joint_xy_marginal.csv,fixedN51_K20_d5_u01_rho05_joint_xy_marginal,wide,sample_hcp_derandomized,20,0.9017999999999999,0.03686136188477034,50,1.9015645326670454,0.13590667640694606,50,0.0,0.0,50
DGP/results/files/fixedN51_K20_d5_u01_rho05_joint_xy_marginal/results_effect_of_o_joint_xy_marginal.csv,fixedN51_K20_d5_u01_rho05_joint_xy_marginal,wide,sample_hcp_derandomized,25,0.9007999999999999,0.037031878159229245,50,1.893292528209853,0.1367318827275484,50,0.0,0.0,50
DGP/results/files/fixedN51_K20_d5_u01_rho05_joint_xy_marginal/results_effect_of_o_joint_xy_marginal.csv,fixedN51_K20_d5_u01_rho05_joint_xy_marginal,wide,sample_hcp_derandomized,30,0.9012,0.037128964434791335,50,1.8959752446663876,0.13727140749476993,50,0.0,0.0,50
DGP/results/files/fixedN51_K20_d5_u01_rho05_joint_xy_marginal/results_effect_of_o_joint_xy_marginal.csv,fixedN51_K20_d5_u01_rho05_joint_xy_marginal,wide,sample_hcp_derandomized,35,0.8996,0.037680764323458196,50,1.8939509627578923,0.1377426804991428,50,0.0,0.0,50
DGP/results/files/fixedN51_K20_d5_u01_rho05_joint_xy_marginal/results_effect_of_o_joint_xy_marginal.csv,fixedN51_K20_d5_u01_rho05_joint_xy_marginal,wide,sample_hcp_derandomized,40,0.9002,0.036468616645000396,50,1.8933545718516884,0.1365708982230817,50,0.0,0.0,50
DGP/results/files/fixedN51_K20_d5_u01_rho05_joint_xy_marginal/results_effect_of_o_joint_xy_marginal.csv,fixedN51_K20_d5_u01_rho05_joint_xy_marginal,wide,sample_hcp_randomized,0,0.8138000000000001,0.05019521889582712,50,1.5721592045322443,0.15047499036359185,50,0.0,0.0,50
DGP/results/files/fixedN51_K20_d5_u01_rho05_joint_xy_marginal/results_effect_of_o_joint_xy_marginal.csv,fixedN51_K20_d5_u01_rho05_joint_xy_marginal,wide,sample_hcp_randomized,5,0.8092000000000001,0.050629635590235096,50,1.5122705193523749,0.13307991111908613,50,0.0,0.0,50
DGP/results/files/fixedN51_K20_d5_u01_rho05_joint_xy_marginal/results_effect_of_o_joint_xy_marginal.csv,fixedN51_K20_d5_u01_rho05_joint_xy_marginal,wide,sample_hcp_randomized,10,0.7928000000000001,0.05344305380496141,50,1.4526380740982063,0.11971933801805486,50,0.0,0.0,50
DGP/results/files/fixedN51_K20_d5_u01_rho05_joint_xy_marginal/results_effect_of_o_joint_xy_marginal.csv,fixedN51_K20_d5_u01_rho05_joint_xy_marginal,wide,sample_hcp_randomized,15,0.8016,0.04822281617657766,50,1.4635599760701918,0.11711427437589494,50,0.0,0.0,50
DGP/results/files/fixedN51_K20_d5_u01_rho05_joint_xy_marginal/results_effect_of_o_joint_xy_marginal.csv,fixedN51_K20_d5_u01_rho05_joint_xy_marginal,wide,sample_hcp_randomized,20,0.791,0.05139066063011838,50,1.4389386570454668,0.11653082102341975,50,0.0,0.0,50
DGP/results/files/fixedN51_K20_d5_u01_rho05_joint_xy_marginal/results_effect_of_o_joint_xy_marginal.csv,fixedN51_K20_d5_u01_rho05_joint_xy_marginal,wide,sample_hcp_randomized,25,0.7984,0.054492568300640774,50,1.4485319409182993,0.11677252616189793,50,0.0,0.0,50
DGP/results/files/fixedN51_K20_d5_u01_rho05_joint_xy_marginal/results_effect_of_o_joint_xy_marginal.csv,fixedN51_K20_d5_u01_rho05_joint_xy_marginal,wide,sample_hcp_randomized,30,0.7911999999999999,0.056129849456416685,50,1.4339379324400034,0.11854289532516604,50,0.0,0.0,50
DGP/results/files/fixedN51_K20_d5_u01_rho05_joint_xy_marginal/results_effect_of_o_joint_xy_marginal.csv,fixedN51_K20_d5_u01_rho05_joint_xy_marginal,wide,sample_hcp_randomized,35,0.7947999999999997,0.05478101861046398,50,1.4446453535831734,0.11921770520948538,50,0.0,0.0,50
DGP/results/files/fixedN51_K20_d5_u01_rho05_joint_xy_marginal/results_effect_of_o_joint_xy_marginal.csv,fixedN51_K20_d5_u01_rho05_joint_xy_marginal,wide,sample_hcp_randomized,40,0.7918000000000001,0.05501599767340405,50,1.433465337283113,0.11456763390481073,50,0.0,0.0,50
DGP/results/files/fixedN51_K20_d5_u01_rho05_joint_xy_marginal/results_effect_of_o_joint_xy_marginal.csv,fixedN51_K20_d5_u01_rho05_joint_xy_marginal,wide,stdcp,0,1.0,0.0,50,,,0,1.0,0.0,50
DGP/results/files/fixedN51_K20_d5_u01_rho05_joint_xy_marginal/results_effect_of_o_joint_xy_marginal.csv,fixedN51_K20_d5_u01_rho05_joint_xy_marginal,wide,stdcp,5,0.7454000000000001,0.03639835161102766,50,1.9364005227844776,0.14429239371119273,50,0.0,0.0,50
DGP/results/files/fixedN51_K20_d5_u01_rho05_joint_xy_marginal/results_effect_of_o_joint_xy_marginal.csv,fixedN51_K20_d5_u01_rho05_joint_xy_marginal,wide,stdcp,10,0.8224000000000001,0.045013775669232634,50,5.001636875087256,0.527894647975121,50,0.0,0.0,50
DGP/results/files/fixedN51_K20_d5_u01_rho05_joint_xy_marginal/results_effect_of_o_joint_xy_marginal.csv,fixedN51_K20_d5_u01_rho05_joint_xy_marginal,wide,stdcp,15,0.885,0.030935416596516056,50,3.0206426466204057,0.22076069588099229,50,0.0,0.0,50
DGP/results/files/fixedN51_K20_d5_u01_rho05_joint_xy_marginal/results_effect_of_o_joint_xy_marginal.csv,fixedN51_K20_d5_u01_rho05_joint_xy_marginal,wide,stdcp,20,0.8102000000000001,0.04273125319950257,50,1.930124045276569,0.0972782764937552,50,0.0,0.0,50
DGP/results/files/fixedN51_K20_d5_u01_rho05_joint_xy_marginal/results_effect_of_o_joint_xy_marginal.csv,fixedN51_K20_d5_u01_rho05_joint_xy_marginal,wide,stdcp,25,0.853,0.03811823710509184,50,1.9951928392224239,0.10964465691182328,50,0.0,0.0,50
DGP/results/files/fixedN51_K20_d5_u01_rho05_joint_xy_marginal/results_effect_of_o_joint_xy_marginal.csv,fixedN51_K20_d5_u01_rho05_joint_xy_marginal,wide,stdcp,30,0.799,0.0366742416417845,50,1.664205388471227,0.0909160143387489,50,0.0,0.0,50
DGP/results/files/fixedN51_K20_d5_u01_rho05_joint_xy_marginal/results_effect_of_o_joint_xy_marginal.csv,fixedN51_K20_d5_u01_rho05_joint_xy_marginal,wide,stdcp,35,0.8351999999999999,0.04060738849027353,50,1.752394762141474,0.08088082725466036,50,0.0,0.0,50
DGP/results/files/fixedN51_K20_d5_u01_rho05_joint_xy_marginal/results_effect_of_o_joint_xy_marginal.csv,fixedN51_K20_d5_u01_rho05_joint_xy_marginal,wide,stdcp,40,0.8046,0.038792267270681656,50,1.5776083417544975,0.07222494042942848,50,0.0,0.0,50
DGP/results/files/fixedN51_K20_d5_u01_rho05_joint_xy_marginal/results_effect_of_o_joint_xy_marginal.csv,fixedN51_K20_d5_u01_rho05_joint_xy_marginal,wide,sub,0,0.8382000000000001,0.10880606600736926,50,1.703288751987942,0.4703555495265656,50,0.0,0.0,50
DGP/results/files/fixedN51_K20_d5_u01_rho05_joint_xy_marginal/results_effect_of_o_joint_xy_marginal.csv,fixedN51_K20_d5_u01_rho05_joint_xy_marginal,wide,sub,5,0.8382000000000001,0.10880606600736926,50,1.703288751987942,0.4703555495265656,50,0.0,0.0,50
DGP/results/files/fixedN51_K20_d5_u01_rho05_joint_xy_marginal/results_effect_of_o_joint_xy_marginal.csv,fixedN51_K20_d5_u01_rho05_joint_xy_marginal,wide,sub,10,0.8382000000000001,0.10880606600736926,50,1.703288751987942,0.4703555495265656,50,0.0,0.0,50
DGP/results/files/fixedN51_K20_d5_u01_rho05_joint_xy_marginal/results_effect_of_o_joint_xy_marginal.csv,fixedN51_K20_d5_u01_rho05_joint_xy_marginal,wide,sub,15,0.8382000000000001,0.10880606600736926,50,1.703288751987942,0.4703555495265656,50,0.0,0.0,50
DGP/results/files/fixedN51_K20_d5_u01_rho05_joint_xy_marginal/results_effect_of_o_joint_xy_marginal.csv,fixedN51_K20_d5_u01_rho05_joint_xy_marginal,wide,sub,20,0.8382000000000001,0.10880606600736926,50,1.703288751987942,0.4703555495265656,50,0.0,0.0,50
DGP/results/files/fixedN51_K20_d5_u01_rho05_joint_xy_marginal/results_effect_of_o_joint_xy_marginal.csv,fixedN51_K20_d5_u01_rho05_joint_xy_marginal,wide,sub,25,0.8382000000000001,0.10880606600736926,50,1.703288751987942,0.4703555495265656,50,0.0,0.0,50
DGP/results/files/fixedN51_K20_d5_u01_rho05_joint_xy_marginal/results_effect_of_o_joint_xy_marginal.csv,fixedN51_K20_d5_u01_rho05_joint_xy_marginal,wide,sub,30,0.8382000000000001,0.10880606600736926,50,1.703288751987942,0.4703555495265656,50,0.0,0.0,50
DGP/results/files/fixedN51_K20_d5_u01_rho05_joint_xy_marginal/results_effect_of_o_joint_xy_marginal.csv,fixedN51_K20_d5_u01_rho05_joint_xy_marginal,wide,sub,35,0.8382000000000001,0.10880606600736926,50,1.703288751987942,0.4703555495265656,50,0.0,0.0,50
DGP/results/files/fixedN51_K20_d5_u01_rho05_joint_xy_marginal/results_effect_of_o_joint_xy_marginal.csv,fixedN51_K20_d5_u01_rho05_joint_xy_marginal,wide,sub,40,0.8382000000000001,0.10880606600736926,50,1.703288751987942,0.4703555495265656,50,0.0,0.0,50
DGP/results/files/poissonNmean21_K20_d5_u01_rho05_joint_xy_marginal/results_effect_of_o_joint_xy_marginal.csv,poissonNmean21_K20_d5_u01_rho05_joint_xy_marginal,wide,donor_hcp_derandomized,0,0.9924,0.011235657524150521,50,3.476201754811773,0.47655954737624756,32,0.36,0.48,50
DGP/results/files/poissonNmean21_K20_d5_u01_rho05_joint_xy_marginal/results_effect_of_o_joint_xy_marginal.csv,poissonNmean21_K20_d5_u01_rho05_joint_xy_marginal,wide,donor_hcp_derandomized,5,0.9615999999999998,0.026484712571594952,50,2.613049823688354,0.2809217374005585,50,0.0,0.0,50
DGP/results/files/poissonNmean21_K20_d5_u01_rho05_joint_xy_marginal/results_effect_of_o_joint_xy_marginal.csv,poissonNmean21_K20_d5_u01_rho05_joint_xy_marginal,wide,donor_hcp_derandomized,10,0.9356,0.03383252872606478,50,2.2583471770765704,0.2723639203249768,50,0.0,0.0,50
DGP/results/files/poissonNmean21_K20_d5_u01_rho05_joint_xy_marginal/results_effect_of_o_joint_xy_marginal.csv,poissonNmean21_K20_d5_u01_rho05_joint_xy_marginal,wide,donor_hcp_derandomized,15,0.9186,0.03616683563708608,50,2.1725719669540196,0.3568846603037587,50,0.0,0.0,50
DGP/results/files/poissonNmean21_K20_d5_u01_rho05_joint_xy_marginal/results_effect_of_o_joint_xy_marginal.csv,poissonNmean21_K20_d5_u01_rho05_joint_xy_marginal,wide,donor_hcp_derandomized,20,0.9179999999999999,0.03162277660168378,50,2.0842220815252723,0.22441288556004582,50,0.0,0.0,50
DGP/results/files/poissonNmean21_K20_d5_u01_rho05_joint_xy_marginal/results_effect_of_o_joint_xy_marginal.csv,poissonNmean21_K20_d5_u01_rho05_joint_xy_marginal,wide,donor_hcp_derandomized,25,0.9425999999999999,0.03724567088937987,50,2.050514808804781,0.29497067765533724,44,0.12,0.32496153618543844,50
DGP/results/files/poissonNmean21_K20_d5_u01_rho05_joint_xy_marginal/results_effect_of_o_joint_xy_marginal.csv,poissonNmean21_K20_d5_u01_rho05_joint_xy_marginal,wide,donor_hcp_derandomized,30,0.9869999999999999,0.03144837038703277,50,2.1765087221833768,0.2287676890535473,12,0.76,0.4270831300812525,50
DGP/results/files/poissonNmean21_K20_d5_u01_rho05_joint_xy_marginal/results_effect_of_o_joint_xy_marginal.csv,poissonNmean21_K20_d5_u01_rho05_joint_xy_marginal,wide,donor_hcp_derandomized,35,0.9952,0.01734819875376115,50,2.211817498873647,0.2682342849663537,4,0.92,0.2712931993250107,50
DGP/results/files/poissonNmean21_K20_d5_u01_rho05_joint_xy_marginal/results_effect_of_o_joint_xy_marginal.csv,poissonNmean21_K20_d5_u01_rho05_joint_xy_marginal,wide,donor_hcp_derandomized,40,1.0,0.0,50,,,0,1.0,0.0,50
DGP/results/files/poissonNmean21_K20_d5_u01_rho05_joint_xy_marginal/results_effect_of_o_joint_xy_marginal.csv,poissonNmean21_K20_d5_u01_rho05_joint_xy_marginal,wide,donor_hcp_randomized,0,0.8822,0.04746746254014428,50,1.8395407590904531,0.2409744023004751,50,0.0,0.0,50
DGP/results/files/poissonNmean21_K20_d5_u01_rho05_joint_xy_marginal/results_effect_of_o_joint_xy_marginal.csv,poissonNmean21_K20_d5_u01_rho05_joint_xy_marginal,wide,donor_hcp_randomized,5,0.862,0.054405882034941774,50,1.7184505041154738,0.2374182488294251,50,0.0,0.0,50
DGP/results/files/poissonNmean21_K20_d5_u01_rho05_joint_xy_marginal/results_effect_of_o_joint_xy_marginal.csv,poissonNmean21_K20_d5_u01_rho05_joint_xy_marginal,wide,donor_hcp_randomized,10,0.8417999999999999,0.057573952443791813,50,1.6346557501743504,0.23217457128158556,50,0.0,0.0,50
DGP/results/files/poissonNmean21_K20_d5_u01_rho05_joint_xy_marginal/results_effect_of_o_joint_xy_marginal.csv,poissonNmean21_K20_d5_u01_rho05_joint_xy_marginal,wide,donor_hcp_randomized,15,0.8325999999999999,0.051567819422581755,50,1.5846075705460594,0.21226440607996988,50,0.0,0.0,50
DGP/results/files/poissonNmean21_K20_d5_u01_rho05_joint_xy_marginal/results_effect_of_o_joint_xy_marginal.csv,poissonNmean21_K20_d5_u01_rho05_joint_xy_marginal,wide,donor_hcp_randomized,20,0.8222,0.048838099881137874,50,1.5253257585368964,0.1729127838017573,50,0.0,0.0,50
DGP/results/files/poissonNmean21_K20_d5_u01_rho05_joint_xy_marginal/results_effect_of_o_joint_xy_marginal.csv,poissonNmean21_K20_d5_u01_rho05_joint_xy_marginal,wide,donor_hcp_randomized,25,0.8595999999999999,0.06446580488910379,50,1.6201922503666812,0.2906571309379286,48,0.04,0.19595917942265428,50
DGP/results/files/poissonNmean21_K20_d5_u01_rho05_joint_xy_marginal/results_effect_of_o_joint_xy_marginal.csv,poissonNmean21_K20_d5_u01_rho05_joint_xy_marginal,wide,donor_hcp_randomized,30,0.8447999999999999,0.07988091136185166,50,1.5109545291523785,0.222626023294363,45,0.1,0.3,50
DGP/results/files/poissonNmean21_K20_d5_u01_rho05_joint_xy_marginal/results_effect_of_o_joint_xy_marginal.csv,poissonNmean21_K20_d5_u01_rho05_joint_xy_marginal,wide,donor_hcp_randomized,35,0.8506,0.03133113467463315,50,1.5937579482065471,0.0704333234633084,50,0.0,0.0,50
DGP/results/files/poissonNmean21_K20_d5_u01_rho05_joint_xy_marginal/results_effect_of_o_joint_xy_marginal.csv,poissonNmean21_K20_d5_u01_rho05_joint_xy_marginal,wide,donor_hcp_randomized,40,0.8176000000000001,0.038343708740809085,50,1.4694782176069152,0.05917537165081611,50,0.0,0.0,50
DGP/results/files/poissonNmean21_K20_d5_u01_rho05_joint_xy_marginal/results_effect_of_o_joint_xy_marginal.csv,poissonNmean21_K20_d5_u01_rho05_joint_xy_marginal,wide,hcp,0,0.8822,0.04746746254014428,50,1.8395407590904531,0.2409744023004751,50,0.0,0.0,50
DGP/results/files/poissonNmean21_K20_d5_u01_rho05_joint_xy_marginal/results_effect_of_o_joint_xy_marginal.csv,poissonNmean21_K20_d5_u01_rho05_joint_xy_marginal,wide,hcp,5,0.8822,0.04746746254014428,50,1.8395407590904531,0.2409744023004751,50,0.0,0.0,50
DGP/results/files/poissonNmean21_K20_d5_u01_rho05_joint_xy_marginal/results_effect_of_o_joint_xy_marginal.csv,poissonNmean21_K20_d5_u01_rho05_joint_xy_marginal,wide,hcp,10,0.8822,0.04746746254014428,50,1.8395407590904531,0.2409744023004751,50,0.0,0.0,50
DGP/results/files/poissonNmean21_K20_d5_u01_rho05_joint_xy_marginal/results_effect_of_o_joint_xy_marginal.csv,poissonNmean21_K20_d5_u01_rho05_joint_xy_marginal,wide,hcp,15,0.8822,0.04746746254014428,50,1.8395407590904531,0.2409744023004751,50,0.0,0.0,50
DGP/results/files/poissonNmean21_K20_d5_u01_rho05_joint_xy_marginal/results_effect_of_o_joint_xy_marginal.csv,poissonNmean21_K20_d5_u01_rho05_joint_xy_marginal,wide,hcp,20,0.8822,0.04746746254014428,50,1.8395407590904531,0.2409744023004751,50,0.0,0.0,50
DGP/results/files/poissonNmean21_K20_d5_u01_rho05_joint_xy_marginal/results_effect_of_o_joint_xy_marginal.csv,poissonNmean21_K20_d5_u01_rho05_joint_xy_marginal,wide,hcp,25,0.8822,0.04746746254014428,50,1.8395407590904531,0.2409744023004751,50,0.0,0.0,50
DGP/results/files/poissonNmean21_K20_d5_u01_rho05_joint_xy_marginal/results_effect_of_o_joint_xy_marginal.csv,poissonNmean21_K20_d5_u01_rho05_joint_xy_marginal,wide,hcp,30,0.8822,0.04746746254014428,50,1.8395407590904531,0.2409744023004751,50,0.0,0.0,50
DGP/results/files/poissonNmean21_K20_d5_u01_rho05_joint_xy_marginal/results_effect_of_o_joint_xy_marginal.csv,poissonNmean21_K20_d5_u01_rho05_joint_xy_marginal,wide,hcp,35,0.8822,0.04746746254014428,50,1.8395407590904531,0.2409744023004751,50,0.0,0.0,50
DGP/results/files/poissonNmean21_K20_d5_u01_rho05_joint_xy_marginal/results_effect_of_o_joint_xy_marginal.csv,poissonNmean21_K20_d5_u01_rho05_joint_xy_marginal,wide,hcp,40,0.8822,0.04746746254014428,50,1.8395407590904531,0.2409744023004751,50,0.0,0.0,50
DGP/results/files/poissonNmean21_K20_d5_u01_rho05_joint_xy_marginal/results_effect_of_o_joint_xy_marginal.csv,poissonNmean21_K20_d5_u01_rho05_joint_xy_marginal,wide,pool,0,0.7943999999999999,0.058588736118813836,50,1.45637783054414,0.19948712994300188,50,0.0,0.0,50
DGP/results/files/poissonNmean21_K20_d5_u01_rho05_joint_xy_marginal/results_effect_of_o_joint_xy_marginal.csv,poissonNmean21_K20_d5_u01_rho05_joint_xy_marginal,wide,pool,5,0.7943999999999999,0.058588736118813836,50,1.45637783054414,0.19948712994300188,50,0.0,0.0,50
DGP/results/files/poissonNmean21_K20_d5_u01_rho05_joint_xy_marginal/results_effect_of_o_joint_xy_marginal.csv,poissonNmean21_K20_d5_u01_rho05_joint_xy_marginal,wide,pool,10,0.7943999999999999,0.058588736118813836,50,1.45637783054414,0.19948712994300188,50,0.0,0.0,50
DGP/results/files/poissonNmean21_K20_d5_u01_rho05_joint_xy_marginal/results_effect_of_o_joint_xy_marginal.csv,poissonNmean21_K20_d5_u01_rho05_joint_xy_marginal,wide,pool,15,0.7943999999999999,0.058588736118813836,50,1.45637783054414,0.19948712994300188,50,0.0,0.0,50
DGP/results/files/poissonNmean21_K20_d5_u01_rho05_joint_xy_marginal/results_effect_of_o_joint_xy_marginal.csv,poissonNmean21_K20_d5_u01_rho05_joint_xy_marginal,wide,pool,20,0.7943999999999999,0.058588736118813836,50,1.45637783054414,0.19948712994300188,50,0.0,0.0,50
DGP/results/files/poissonNmean21_K20_d5_u01_rho05_joint_xy_marginal/results_effect_of_o_joint_xy_marginal.csv,poissonNmean21_K20_d5_u01_rho05_joint_xy_marginal,wide,pool,25,0.7943999999999999,0.058588736118813836,50,1.45637783054414,0.19948712994300188,50,0.0,0.0,50
DGP/results/files/poissonNmean21_K20_d5_u01_rho05_joint_xy_marginal/results_effect_of_o_joint_xy_marginal.csv,poissonNmean21_K20_d5_u01_rho05_joint_xy_marginal,wide,pool,30,0.7943999999999999,0.058588736118813836,50,1.45637783054414,0.19948712994300188,50,0.0,0.0,50
DGP/results/files/poissonNmean21_K20_d5_u01_rho05_joint_xy_marginal/results_effect_of_o_joint_xy_marginal.csv,poissonNmean21_K20_d5_u01_rho05_joint_xy_marginal,wide,pool,35,0.7943999999999999,0.058588736118813836,50,1.45637783054414,0.19948712994300188,50,0.0,0.0,50
DGP/results/files/poissonNmean21_K20_d5_u01_rho05_joint_xy_marginal/results_effect_of_o_joint_xy_marginal.csv,poissonNmean21_K20_d5_u01_rho05_joint_xy_marginal,wide,pool,40,0.7943999999999999,0.058588736118813836,50,1.45637783054414,0.19948712994300188,50,0.0,0.0,50
DGP/results/files/poissonNmean21_K20_d5_u01_rho05_joint_xy_marginal/results_effect_of_o_joint_xy_marginal.csv,poissonNmean21_K20_d5_u01_rho05_joint_xy_marginal,wide,rep,0,0.8876,0.06243588711630515,50,1.916091503770286,0.3391262346884113,50,0.0,0.0,50
DGP/results/files/poissonNmean21_K20_d5_u01_rho05_joint_xy_marginal/results_effect_of_o_joint_xy_marginal.csv,poissonNmean21_K20_d5_u01_rho05_joint_xy_marginal,wide,rep,5,0.8876,0.06243588711630515,50,1.916091503770286,0.3391262346884113,50,0.0,0.0,50
DGP/results/files/poissonNmean21_K20_d5_u01_rho05_joint_xy_marginal/results_effect_of_o_joint_xy_marginal.csv,poissonNmean21_K20_d5_u01_rho05_joint_xy_marginal,wide,rep,10,0.8876,0.06243588711630515,50,1.916091503770286,0.3391262346884113,50,0.0,0.0,50
DGP/results/files/poissonNmean21_K20_d5_u01_rho05_joint_xy_marginal/results_effect_of_o_joint_xy_marginal.csv,poissonNmean21_K20_d5_u01_rho05_joint_xy_marginal,wide,rep,15,0.8876,0.06243588711630515,50,1.916091503770286,0.3391262346884113,50,0.0,0.0,50
DGP/results/files/poissonNmean21_K20_d5_u01_rho05_joint_xy_marginal/results_effect_of_o_joint_xy_marginal.csv,poissonNmean21_K20_d5_u01_rho05_joint_xy_marginal,wide,rep,20,0.8876,0.06243588711630515,50,1.916091503770286,0.3391262346884113,50,0.0,0.0,50
DGP/results/files/poissonNmean21_K20_d5_u01_rho05_joint_xy_marginal/results_effect_of_o_joint_xy_marginal.csv,poissonNmean21_K20_d5_u01_rho05_joint_xy_marginal,wide,rep,25,0.8876,0.06243588711630515,50,1.916091503770286,0.3391262346884113,50,0.0,0.0,50
DGP/results/files/poissonNmean21_K20_d5_u01_rho05_joint_xy_marginal/results_effect_of_o_joint_xy_marginal.csv,poissonNmean21_K20_d5_u01_rho05_joint_xy_marginal,wide,rep,30,0.8876,0.06243588711630515,50,1.916091503770286,0.3391262346884113,50,0.0,0.0,50
DGP/results/files/poissonNmean21_K20_d5_u01_rho05_joint_xy_marginal/results_effect_of_o_joint_xy_marginal.csv,poissonNmean21_K20_d5_u01_rho05_joint_xy_marginal,wide,rep,35,0.8876,0.06243588711630515,50,1.916091503770286,0.3391262346884113,50,0.0,0.0,50
DGP/results/files/poissonNmean21_K20_d5_u01_rho05_joint_xy_marginal/results_effect_of_o_joint_xy_marginal.csv,poissonNmean21_K20_d5_u01_rho05_joint_xy_marginal,wide,rep,40,0.8876,0.06243588711630515,50,1.916091503770286,0.3391262346884113,50,0.0,0.0,50
DGP/results/files/poissonNmean21_K20_d5_u01_rho05_joint_xy_marginal/results_effect_of_o_joint_xy_marginal.csv,poissonNmean21_K20_d5_u01_rho05_joint_xy_marginal,wide,sample_hcp_derandomized,0,0.9884,0.012224565431948912,50,3.3534116110950363,0.427558856930203,50,0.0,0.0,50
DGP/results/files/poissonNmean21_K20_d5_u01_rho05_joint_xy_marginal/results_effect_of_o_joint_xy_marginal.csv,poissonNmean21_K20_d5_u01_rho05_joint_xy_marginal,wide,sample_hcp_derandomized,5,0.9131999999999999,0.038389581920099086,50,2.0097572682258216,0.27150573536691724,50,0.0,0.0,50
DGP/results/files/poissonNmean21_K20_d5_u01_rho05_joint_xy_marginal/results_effect_of_o_joint_xy_marginal.csv,poissonNmean21_K20_d5_u01_rho05_joint_xy_marginal,wide,sample_hcp_derandomized,10,0.9066,0.039980495244556435,50,1.984036481124947,0.2436182620154796,50,0.0,0.0,50
DGP/results/files/poissonNmean21_K20_d5_u01_rho05_joint_xy_marginal/results_effect_of_o_joint_xy_marginal.csv,poissonNmean21_K20_d5_u01_rho05_joint_xy_marginal,wide,sample_hcp_derandomized,15,0.9072,0.04331466264442099,50,2.0432907443538215,0.3207299644319998,50,0.0,0.0,50
DGP/results/files/poissonNmean21_K20_d5_u01_rho05_joint_xy_marginal/results_effect_of_o_joint_xy_marginal.csv,poissonNmean21_K20_d5_u01_rho05_joint_xy_marginal,wide,sample_hcp_derandomized,20,0.907,0.030999999999999996,50,1.9876600119786878,0.21324075578393215,50,0.0,0.0,50
DGP/results/files/poissonNmean21_K20_d5_u01_rho05_joint_xy_marginal/results_effect_of_o_joint_xy_marginal.csv,poissonNmean21_K20_d5_u01_rho05_joint_xy_marginal,wide,sample_hcp_derandomized,25,0.9142,0.043270775357046695,50,1.8771649343325132,0.22955720448456585,47,0.06,0.23748684174075835,50
DGP/results/files/poissonNmean21_K20_d5_u01_rho05_joint_xy_marginal/results_effect_of_o_joint_xy_marginal.csv,poissonNmean21_K20_d5_u01_rho05_joint_xy_marginal,wide,sample_hcp_derandomized,30,0.9705999999999999,0.04473969155012135,50,1.8204209267379992,0.22124901042178155,17,0.66,0.4737087712930805,50
DGP/results/files/poissonNmean21_K20_d5_u01_rho05_joint_xy_marginal/results_effect_of_o_joint_xy_marginal.csv,poissonNmean21_K20_d5_u01_rho05_joint_xy_marginal,wide,sample_hcp_derandomized,35,0.99,0.034985711369071804,50,1.6081965615153009,0.20476007035024346,4,0.92,0.2712931993250107,50
DGP/results/files/poissonNmean21_K20_d5_u01_rho05_joint_xy_marginal/results_effect_of_o_joint_xy_marginal.csv,poissonNmean21_K20_d5_u01_rho05_joint_xy_marginal,wide,sample_hcp_derandomized,40,1.0,0.0,50,,,0,1.0,0.0,50
DGP/results/files/poissonNmean21_K20_d5_u01_rho05_joint_xy_marginal/results_effect_of_o_joint_xy_marginal.csv,poissonNmean21_K20_d5_u01_rho05_joint_xy_marginal,wide,sample_hcp_randomized,0,0.8156000000000002,0.051153103522660275,50,1.6158927812105852,0.24863786797097603,50,0.0,0.0,50
DGP/results/files/poissonNmean21_K20_d5_u01_rho05_joint_xy_marginal/results_effect_of_o_joint_xy_marginal.csv,poissonNmean21_K20_d5_u01_rho05_joint_xy_marginal,wide,sample_hcp_randomized,5,0.8175999999999999,0.06005197748617442,50,1.5583041273624167,0.21575304842378767,50,0.0,0.0,50
DGP/results/files/poissonNmean21_K20_d5_u01_rho05_joint_xy_marginal/results_effect_of_o_joint_xy_marginal.csv,poissonNmean21_K20_d5_u01_rho05_joint_xy_marginal,wide,sample_hcp_randomized,10,0.7981999999999999,0.05609598916143649,50,1.4914361255512518,0.2083201539097879,50,0.0,0.0,50
DGP/results/files/poissonNmean21_K20_d5_u01_rho05_joint_xy_marginal/results_effect_of_o_joint_xy_marginal.csv,poissonNmean21_K20_d5_u01_rho05_joint_xy_marginal,wide,sample_hcp_randomized,15,0.7994,0.055151065266230356,50,1.5376820532419564,0.23211641201331096,50,0.0,0.0,50
DGP/results/files/poissonNmean21_K20_d5_u01_rho05_joint_xy_marginal/results_effect_of_o_joint_xy_marginal.csv,poissonNmean21_K20_d5_u01_rho05_joint_xy_marginal,wide,sample_hcp_randomized,20,0.8044,0.05103567379784458,50,1.503501367194306,0.17593927668389844,50,0.0,0.0,50
DGP/results/files/poissonNmean21_K20_d5_u01_rho05_joint_xy_marginal/results_effect_of_o_joint_xy_marginal.csv,poissonNmean21_K20_d5_u01_rho05_joint_xy_marginal,wide,sample_hcp_randomized,25,0.82,0.05720139858430036,50,1.4463747411231471,0.18389858473727547,50,0.0,0.0,50
DGP/results/files/poissonNmean21_K20_d5_u01_rho05_joint_xy_marginal/results_effect_of_o_joint_xy_marginal.csv,poissonNmean21_K20_d5_u01_rho05_joint_xy_marginal,wide,sample_hcp_randomized,30,0.8185999999999999,0.03847128799507497,50,1.4638828036557388,0.11413342366508233,50,0.0,0.0,50
DGP/results/files/poissonNmean21_K20_d5_u01_rho05_joint_xy_marginal/results_effect_of_o_joint_xy_marginal.csv,poissonNmean21_K20_d5_u01_rho05_joint_xy_marginal,wide,sample_hcp_randomized,35,0.8426000000000002,0.042699414515892375,50,1.5691146024150908,0.12712782574046605,50,0.0,0.0,50
DGP/results/files/poissonNmean21_K20_d5_u01_rho05_joint_xy_marginal/results_effect_of_o_joint_xy_marginal.csv,poissonNmean21_K20_d5_u01_rho05_joint_xy_marginal,wide,sample_hcp_randomized,40,0.8176000000000001,0.038343708740809085,50,1.4694782176069152,0.05917537165081611,50,0.0,0.0,50
DGP/results/files/poissonNmean21_K20_d5_u01_rho05_joint_xy_marginal/results_effect_of_o_joint_xy_marginal.csv,poissonNmean21_K20_d5_u01_rho05_joint_xy_marginal,wide,stdcp,0,1.0,0.0,50,,,0,1.0,0.0,50
DGP/results/files/poissonNmean21_K20_d5_u01_rho05_joint_xy_marginal/results_effect_of_o_joint_xy_marginal.csv,poissonNmean21_K20_d5_u01_rho05_joint_xy_marginal,wide,stdcp,5,0.7432,0.039316154440636755,50,1.9157124398098424,0.12691813103099137,50,0.0,0.0,50
DGP/results/files/poissonNmean21_K20_d5_u01_rho05_joint_xy_marginal/results_effect_of_o_joint_xy_marginal.csv,poissonNmean21_K20_d5_u01_rho05_joint_xy_marginal,wide,stdcp,10,0.8367999999999999,0.032768277342576306,50,4.921384873847376,0.5165317157126914,50,0.0,0.0,50
DGP/results/files/poissonNmean21_K20_d5_u01_rho05_joint_xy_marginal/results_effect_of_o_joint_xy_marginal.csv,poissonNmean21_K20_d5_u01_rho05_joint_xy_marginal,wide,stdcp,15,0.8894,0.03239814809522298,50,2.995172964783956,0.17911916878844822,50,0.0,0.0,50
DGP/results/files/poissonNmean21_K20_d5_u01_rho05_joint_xy_marginal/results_effect_of_o_joint_xy_marginal.csv,poissonNmean21_K20_d5_u01_rho05_joint_xy_marginal,wide,stdcp,20,0.8166,0.043571091333589516,50,1.9495095706859207,0.095171234955784,50,0.0,0.0,50
DGP/results/files/poissonNmean21_K20_d5_u01_rho05_joint_xy_marginal/results_effect_of_o_joint_xy_marginal.csv,poissonNmean21_K20_d5_u01_rho05_joint_xy_marginal,wide,stdcp,25,0.8578,0.038225122628972694,50,2.028411151100682,0.11521261786480973,50,0.0,0.0,50
DGP/results/files/poissonNmean21_K20_d5_u01_rho05_joint_xy_marginal/results_effect_of_o_joint_xy_marginal.csv,poissonNmean21_K20_d5_u01_rho05_joint_xy_marginal,wide,stdcp,30,0.8116,0.04016764867402621,50,1.6917355072366673,0.0817043700695923,50,0.0,0.0,50
DGP/results/files/poissonNmean21_K20_d5_u01_rho05_joint_xy_marginal/results_effect_of_o_joint_xy_marginal.csv,poissonNmean21_K20_d5_u01_rho05_joint_xy_marginal,wide,stdcp,35,0.8468000000000001,0.03596887543418614,50,1.7670679877609945,0.08628577825824614,50,0.0,0.0,50
DGP/results/files/poissonNmean21_K20_d5_u01_rho05_joint_xy_marginal/results_effect_of_o_joint_xy_marginal.csv,poissonNmean21_K20_d5_u01_rho05_joint_xy_marginal,wide,stdcp,40,0.8228,0.03498799794215152,50,1.5894160947402074,0.07057541193848693,50,0.0,0.0,50
DGP/results/files/poissonNmean21_K20_d5_u01_rho05_joint_xy_marginal/results_effect_of_o_joint_xy_marginal.csv,poissonNmean21_K20_d5_u01_rho05_joint_xy_marginal,wide,sub,0,0.8604,0.11392910076007796,50,2.0087984312648883,0.7640226530744062,50,0.0,0.0,50
DGP/results/files/poissonNmean21_K20_d5_u01_rho05_joint_xy_marginal/results_effect_of_o_joint_xy_marginal.csv,poissonNmean21_K20_d5_u01_rho05_joint_xy_marginal,wide,sub,5,0.8604,0.11392910076007796,50,2.0087984312648883,0.7640226530744062,50,0.0,0.0,50
DGP/results/files/poissonNmean21_K20_d5_u01_rho05_joint_xy_marginal/results_effect_of_o_joint_xy_marginal.csv,poissonNmean21_K20_d5_u01_rho05_joint_xy_marginal,wide,sub,10,0.8604,0.11392910076007796,50,2.0087984312648883,0.7640226530744062,50,0.0,0.0,50
DGP/results/files/poissonNmean21_K20_d5_u01_rho05_joint_xy_marginal/results_effect_of_o_joint_xy_marginal.csv,poissonNmean21_K20_d5_u01_rho05_joint_xy_marginal,wide,sub,15,0.8604,0.11392910076007796,50,2.0087984312648883,0.7640226530744062,50,0.0,0.0,50
DGP/results/files/poissonNmean21_K20_d5_u01_rho05_joint_xy_marginal/results_effect_of_o_joint_xy_marginal.csv,poissonNmean21_K20_d5_u01_rho05_joint_xy_marginal,wide,sub,20,0.8604,0.11392910076007796,50,2.0087984312648883,0.7640226530744062,50,0.0,0.0,50
DGP/results/files/poissonNmean21_K20_d5_u01_rho05_joint_xy_marginal/results_effect_of_o_joint_xy_marginal.csv,poissonNmean21_K20_d5_u01_rho05_joint_xy_marginal,wide,sub,25,0.8604,0.11392910076007796,50,2.0087984312648883,0.7640226530744062,50,0.0,0.0,50
DGP/results/files/poissonNmean21_K20_d5_u01_rho05_joint_xy_marginal/results_effect_of_o_joint_xy_marginal.csv,poissonNmean21_K20_d5_u01_rho05_joint_xy_marginal,wide,sub,30,0.8604,0.11392910076007796,50,2.0087984312648883,0.7640226530744062,50,0.0,0.0,50
DGP/results/files/poissonNmean21_K20_d5_u01_rho05_joint_xy_marginal/results_effect_of_o_joint_xy_marginal.csv,poissonNmean21_K20_d5_u01_rho05_joint_xy_marginal,wide,sub,35,0.8604,0.11392910076007796,50,2.0087984312648883,0.7640226530744062,50,0.0,0.0,50
DGP/results/files/poissonNmean21_K20_d5_u01_rho05_joint_xy_marginal/results_effect_of_o_joint_xy_marginal.csv,poissonNmean21_K20_d5_u01_rho05_joint_xy_marginal,wide,sub,40,0.8604,0.11392910076007796,50,2.0087984312648883,0.7640226530744062,50,0.0,0.0,50
