experiment,o_observed,coverage_donor_within,coverage_donor_no_within,coverage_stdcp,coverage_hcp,width_donor_within,width_donor_no_within,width_stdcp,width_hcp,infinite_donor_within,infinite_donor_no_within,infinite_stdcp,infinite_hcp
1,0,0.88,0.88,,0.88,1.962867617687111,1.962867617687111,,1.962867617687111,0,0,0,0
1,10,0.88,0.89,0.83,0.91,1.92454744254662,1.763626918082998,5.596749878509375,1.962867617687111,0,0,0,0
1,20,0.72,0.77,0.81,0.82,1.7175938513645113,1.60903060360587,2.0248251974512956,1.962867617687111,0,0,0,0
2,0,0.9,0.9,,0.9,1.8326755063970201,1.8326755063970201,,1.8326755063970201,0,0,0,0
2,10,0.85,0.82,0.87,0.93,1.6381444079795546,1.5253939004841754,5.378399317312461,1.8326755063970201,0,0,0,0
2,20,0.79,0.78,0.79,0.9,1.6463849025900263,1.365063113959653,2.0271487142717692,1.8326755063970201,0,0,0,0
3,0,0.83,0.83,,0.83,1.5156598426894108,1.5156598426894108,,1.5156598426894108,0,0,0,0
3,10,0.8,0.79,0.77,0.83,1.543771703649134,1.3398812976623797,5.195643151655872,1.5156598426894108,0,0,0,0
3,20,0.8,0.76,0.82,0.87,1.5319765125623888,1.195094098253453,1.9500857423040552,1.5156598426894108,0,0,0,0
4,0,0.88,0.88,,0.88,1.7152021408174432,1.7152021408174432,,1.7152021408174432,0,0,0,0
4,10,0.77,0.77,0.86,0.85,1.6117915459342556,1.3572492489254886,4.419382749611573,1.7152021408174432,0,0,0,0
4,20,0.73,0.76,0.8,0.84,1.4968317386551528,1.2575395530901163,2.0819967479033914,1.7152021408174432,0,0,0,0
5,0,0.86,0.86,,0.86,2.0497795355519166,2.0497795355519166,,2.0497795355519166,0,0,0,0
5,10,0.85,0.84,0.76,0.86,1.8684301273571569,1.8538750940160447,5.172110647403796,2.0497795355519166,0,0,0,0
5,20,0.89,0.86,0.82,0.93,1.8936547303364533,1.74408997698837,1.851142636854734,2.0497795355519166,0,0,0,0
6,0,0.88,0.88,,0.88,2.046192523233601,2.046192523233601,,2.046192523233601,0,0,0,0
6,10,0.88,0.91,0.82,0.95,1.7301974751188358,1.7856773592531714,5.566287703233115,2.046192523233601,0,0,0,0
6,20,0.78,0.82,0.8,0.89,1.5979770766075823,1.5275598879205519,2.0009482554376743,2.046192523233601,0,0,0,0
7,0,0.95,0.95,,0.95,1.6632483640124955,1.6632483640124955,,1.6632483640124955,0,0,0,0
7,10,0.79,0.81,0.79,0.84,1.653948192418354,1.5385383641802495,5.325158960291235,1.6632483640124955,0,0,0,0
7,20,0.73,0.73,0.8,0.8,1.5791523174556916,1.3372907022105167,1.8982556626825664,1.6632483640124955,0,0,0,0
8,0,0.85,0.85,,0.85,1.643651834940575,1.643651834940575,,1.643651834940575,0,0,0,0
8,10,0.87,0.87,0.85,0.9,1.7061680122468892,1.495047691369193,5.102034594267481,1.643651834940575,0,0,0,0
8,20,0.76,0.77,0.77,0.87,1.5817983821669817,1.3289735864350831,1.9230533631276805,1.643651834940575,0,0,0,0
9,0,0.87,0.87,,0.87,1.5783293612243718,1.5783293612243718,,1.5783293612243718,0,0,0,0
9,10,0.8,0.82,0.82,0.84,1.6839294867324561,1.4553733816963517,4.827103503968101,1.5783293612243718,0,0,0,0
9,20,0.74,0.78,0.81,0.82,1.5339544859990992,1.3127307778154909,2.079898054885847,1.5783293612243718,0,0,0,0
10,0,0.91,0.91,,0.91,2.2763818740138415,2.2763818740138415,,2.2763818740138415,0,0,0,0
10,10,0.86,0.87,0.84,0.89,2.016003512773624,2.0027493333294375,5.028887906699854,2.2763818740138415,0,0,0,0
10,20,0.78,0.74,0.83,0.88,1.9938450667172487,1.768457243841123,2.0335194420077656,2.2763818740138415,0,0,0,0
11,0,0.89,0.89,,0.89,1.9044089379710676,1.9044089379710676,,1.9044089379710676,0,0,0,0
11,10,0.88,0.86,0.87,0.88,1.9515872375532162,1.6869238093263927,5.744098023316562,1.9044089379710676,0,0,0,0
11,20,0.9,0.9,0.82,0.96,1.8505783496711024,1.5519301738766549,1.90452889788919,1.9044089379710676,0,0,0,0
12,0,0.9,0.9,,0.9,2.0958072497621956,2.0958072497621956,,2.0958072497621956,0,0,0,0
12,10,0.92,0.92,0.77,0.94,2.066136280396174,1.9800389470176067,4.883087028441338,2.0958072497621956,0,0,0,0
12,20,0.93,0.9,0.79,0.9,2.162764067529592,1.8968450786306108,1.8962350037426923,2.0958072497621956,0,0,0,0
13,0,0.91,0.91,,0.91,1.9717811114446313,1.9717811114446313,,1.9717811114446313,0,0,0,0
13,10,0.82,0.87,0.88,0.9,1.747626230407731,1.8410033667997219,6.398079636963278,1.9717811114446313,0,0,0,0
13,20,0.82,0.85,0.86,0.91,1.619476173606308,1.6979571560004123,1.9101328980051429,1.9717811114446313,0,0,0,0
14,0,0.78,0.78,,0.78,1.583567281402867,1.583567281402867,,1.583567281402867,0,0,0,0
14,10,0.83,0.79,0.81,0.82,1.6322955517758206,1.4831545284022112,5.352358249671193,1.583567281402867,0,0,0,0
14,20,0.71,0.84,0.89,0.86,1.5849571502151623,1.3590873819682905,2.1166511558182437,1.583567281402867,0,0,0,0
15,0,0.87,0.87,,0.87,1.6759859051651749,1.6759859051651749,,1.6759859051651749,0,0,0,0
15,10,0.77,0.82,0.87,0.93,1.3244325301234423,1.3991715472717938,6.217237318675973,1.6759859051651749,0,0,0,0
15,20,0.72,0.73,0.83,0.83,1.4553400283117015,1.2562982445491393,1.9632995158187625,1.6759859051651749,0,0,0,0
16,0,0.87,0.87,,0.87,1.6745746355209699,1.6745746355209699,,1.6745746355209699,0,0,0,0
16,10,0.88,0.87,0.9,0.9,1.6635619496958554,1.4600396328498233,4.8226297203507045,1.6745746355209699,0,0,0,0
16,20,0.77,0.76,0.79,0.86,1.59158003826703,1.3706019748748424,2.0196356154993653,1.6745746355209699,0,0,0,0
17,0,0.79,0.79,,0.79,1.4703133482619049,1.4703133482619049,,1.4703133482619049,0,0,0,0
17,10,0.68,0.73,0.8,0.78,1.3287125732671934,1.280334394734525,4.892714282721087,1.4703133482619049,0,0,0,0
17,20,0.67,0.69,0.82,0.8,1.3213859750879517,1.1883637465108807,2.1271857795284346,1.4703133482619049,0,0,0,0
18,0,0.88,0.88,,0.88,1.879798252150242,1.879798252150242,,1.879798252150242,0,0,0,0
18,10,0.88,0.87,0.89,0.9,1.7945729781152036,1.6932026073675988,4.578193277421422,1.879798252150242,0,0,0,0
18,20,0.82,0.86,0.83,0.95,1.7173346168618315,1.5830575777164957,1.9533809879824604,1.879798252150242,0,0,0,0
19,0,0.88,0.88,,0.88,2.0646967362248634,2.0646967362248634,,2.0646967362248634,0,0,0,0
19,10,0.85,0.87,0.83,0.91,1.6804254062597366,1.779667220956033,4.7137837098773945,2.0646967362248634,0,0,0,0
19,20,0.82,0.86,0.79,0.95,1.8204088536282437,1.6294505418001934,1.8333211386277048,2.0646967362248634,0,0,0,0
20,0,0.92,0.92,,0.92,1.5192513791561733,1.5192513791561733,,1.5192513791561733,0,0,0,0
20,10,0.86,0.83,0.87,0.87,1.5126986697198792,1.3656595507731764,6.219828446687212,1.5192513791561733,0,0,0,0
20,20,0.78,0.75,0.77,0.81,1.5090933947460965,1.234679112813708,1.8238574344521832,1.5192513791561733,0,0,0,0
21,0,0.92,0.92,,0.92,2.106974595314042,2.106974595314042,,2.106974595314042,0,0,0,0
21,10,0.87,0.87,0.82,0.92,1.9444789747826712,1.8595555765677845,4.498273253061253,2.106974595314042,0,0,0,0
21,20,0.77,0.87,0.74,0.95,1.6889333741257366,1.7228029383176064,1.8945610329569915,2.106974595314042,0,0,0,0
22,0,0.87,0.87,,0.87,1.7181765126444026,1.7181765126444026,,1.7181765126444026,0,0,0,0
22,10,0.81,0.8,0.88,0.83,1.676826386081335,1.4831214392265504,4.388519933012558,1.7181765126444026,0,0,0,0
22,20,0.82,0.75,0.84,0.84,1.5970536737258256,1.388665463497317,2.05024942269396,1.7181765126444026,0,0,0,0
23,0,0.95,0.95,,0.95,2.008661925061177,2.008661925061177,,2.008661925061177,0,0,0,0
23,10,0.89,0.84,0.82,0.89,1.9645568514373313,1.7648991985588112,5.6261676070100055,2.008661925061177,0,0,0,0
23,20,0.75,0.76,0.77,0.92,1.714266625839358,1.6091314524624551,2.067856815536884,2.008661925061177,0,0,0,0
24,0,0.83,0.83,,0.83,1.779615340185837,1.779615340185837,,1.779615340185837,0,0,0,0
24,10,0.83,0.83,0.84,0.86,1.5705167592436164,1.583186469118615,4.9754127662459595,1.779615340185837,0,0,0,0
24,20,0.81,0.83,0.81,0.88,1.6555602387618258,1.4021299043281856,1.9656188003521973,1.779615340185837,0,0,0,0
25,0,0.95,0.95,,0.95,1.9274054067251163,1.9274054067251163,,1.9274054067251163,0,0,0,0
25,10,0.85,0.86,0.82,0.89,1.9068986797262255,1.7863106541937954,5.116817109412825,1.9274054067251163,0,0,0,0
25,20,0.88,0.91,0.87,0.95,1.6598389069515114,1.5780857662709018,2.0627068203267256,1.9274054067251163,0,0,0,0
26,0,0.92,0.92,,0.92,1.888019021267164,1.888019021267164,,1.888019021267164,0,0,0,0
26,10,0.84,0.87,0.87,0.9,1.694147490102568,1.6598795119036502,4.670225289957521,1.888019021267164,0,0,0,0
26,20,0.85,0.83,0.84,0.91,1.5563577434138787,1.4780939788372898,1.7507446607682606,1.888019021267164,0,0,0,0
27,0,0.88,0.88,,0.88,2.511278950384849,2.511278950384849,,2.511278950384849,0,0,0,0
27,10,0.9,0.89,0.87,0.93,2.1625289356304647,2.2499254458907108,3.8573595663125486,2.511278950384849,0,0,0,0
27,20,0.8,0.87,0.84,0.92,1.7800037256401504,1.9903381885954707,1.9012529666988112,2.511278950384849,0,0,0,0
28,0,0.88,0.88,,0.88,1.8258466992972926,1.8258466992972926,,1.8258466992972926,0,0,0,0
28,10,0.83,0.89,0.84,0.93,1.694950302468003,1.6747632313747904,4.898109291865466,1.8258466992972926,0,0,0,0
28,20,0.77,0.81,0.85,0.91,1.6911609567371633,1.4859620219186782,2.066529937954386,1.8258466992972926,0,0,0,0
29,0,0.76,0.76,,0.76,1.5590732964135068,1.5590732964135068,,1.5590732964135068,0,0,0,0
29,10,0.82,0.77,0.88,0.83,1.4754814287091205,1.4190778534103075,5.143827900018569,1.5590732964135068,0,0,0,0
29,20,0.74,0.69,0.84,0.74,1.438568496518709,1.3351196502292884,1.946639402655592,1.5590732964135068,0,0,0,0
30,0,0.81,0.81,,0.81,1.5714127564720017,1.5714127564720017,,1.5714127564720017,0,0,0,0
30,10,0.77,0.82,0.84,0.83,1.4445558797610536,1.41522450250537,5.191078359918037,1.5714127564720017,0,0,0,0
30,20,0.77,0.79,0.85,0.84,1.4511493445815336,1.341444583739769,1.8686808201024814,1.5714127564720017,0,0,0,0
31,0,0.83,0.83,,0.83,1.6946021525567856,1.6946021525567856,,1.6946021525567856,0,0,0,0
31,10,0.84,0.86,0.78,0.89,1.6712998429639514,1.5268743993870424,4.498480572488309,1.6946021525567856,0,0,0,0
31,20,0.81,0.82,0.82,0.92,1.5597049150033089,1.4068011931448159,1.9667137070061216,1.6946021525567856,0,0,0,0
32,0,0.87,0.87,,0.87,2.018079882882579,2.018079882882579,,2.018079882882579,0,0,0,0
32,10,0.83,0.81,0.9,0.83,1.850731212158414,1.8423329116655696,4.105661093733506,2.018079882882579,0,0,0,0
32,20,0.7,0.81,0.84,0.88,1.4181099538267894,1.7326509834844028,2.013540578826376,2.018079882882579,0,0,0,0
33,0,0.89,0.89,,0.89,1.7058731700257233,1.7058731700257233,,1.7058731700257233,0,0,0,0
33,10,0.81,0.77,0.77,0.88,1.6873279835073327,1.5325459765085305,4.926096237584433,1.7058731700257233,0,0,0,0
33,20,0.78,0.79,0.83,0.86,1.6164055852541748,1.3640275262686008,1.966601813939255,1.7058731700257233,0,0,0,0
34,0,0.91,0.91,,0.91,1.9516271928264608,1.9516271928264608,,1.9516271928264608,0,0,0,0
34,10,0.87,0.88,0.8,0.89,1.6921450841672658,1.6608106506603386,4.679179362036503,1.9516271928264608,0,0,0,0
34,20,0.89,0.8,0.84,0.89,1.7513926059462672,1.5457029088648817,1.9354022735945864,1.9516271928264608,0,0,0,0
35,0,0.88,0.88,,0.88,1.8197094883514207,1.8197094883514207,,1.8197094883514207,0,0,0,0
35,10,0.72,0.79,0.82,0.87,1.7014668901899483,1.6105880652562092,5.264433195335494,1.8197094883514207,0,0,0,0
35,20,0.78,0.83,0.83,0.88,1.7014042486415333,1.539427508837274,2.0077095391850914,1.8197094883514207,0,0,0,0
36,0,0.9,0.9,,0.9,1.8878052321669134,1.8878052321669134,,1.8878052321669134,0,0,0,0
36,10,0.86,0.84,0.88,0.89,1.973349899221776,1.6800616724133894,4.816195155271092,1.8878052321669134,0,0,0,0
36,20,0.8,0.79,0.81,0.82,1.814177439062009,1.592949277417731,1.8374573695948533,1.8878052321669134,0,0,0,0
37,0,0.95,0.95,,0.95,1.9631792108340136,1.9631792108340136,,1.9631792108340136,0,0,0,0
37,10,0.87,0.86,0.81,0.9,1.9092446009020423,1.8030150279275707,4.616560231790751,1.9631792108340136,0,0,0,0
37,20,0.78,0.83,0.77,0.9,1.7574319452541647,1.7069935115821853,1.8889018025556017,1.9631792108340136,0,0,0,0
38,0,0.91,0.91,,0.91,2.059427113403979,2.059427113403979,,2.059427113403979,0,0,0,0
38,10,0.86,0.93,0.83,0.95,1.7814718565630518,1.907850727293146,4.940980781114514,2.059427113403979,0,0,0,0
38,20,0.74,0.79,0.79,0.88,1.5860746068341087,1.7922181930011358,1.9196337666643626,2.059427113403979,0,0,0,0
39,0,0.89,0.89,,0.89,1.9144075487047414,1.9144075487047414,,1.9144075487047414,0,0,0,0
39,10,0.86,0.85,0.79,0.9,1.936723773001991,1.629709318831039,5.305694915302194,1.9144075487047414,0,0,0,0
39,20,0.77,0.81,0.85,0.89,1.937934670701956,1.5356120486079878,1.9850055638049646,1.9144075487047414,0,0,0,0
40,0,0.86,0.86,,0.86,1.7423440950001239,1.7423440950001239,,1.7423440950001239,0,0,0,0
40,10,0.82,0.77,0.86,0.85,1.6582188264229587,1.4757475848218373,5.511522411253779,1.7423440950001239,0,0,0,0
40,20,0.85,0.8,0.82,0.87,1.711596059522056,1.3203287174950857,2.096178570829294,1.7423440950001239,0,0,0,0
41,0,0.92,0.92,,0.92,1.840350134558328,1.840350134558328,,1.840350134558328,0,0,0,0
41,10,0.85,0.81,0.78,0.83,1.5916428977037012,1.577037396327444,4.401657673839186,1.840350134558328,0,0,0,0
41,20,0.78,0.81,0.88,0.86,1.4233487011418313,1.4179335555428239,1.6308997773119076,1.840350134558328,0,0,0,0
42,0,0.85,0.85,,0.85,1.8147163267767092,1.8147163267767092,,1.8147163267767092,0,0,0,0
42,10,0.9,0.86,0.81,0.89,1.7712440626854482,1.6104933121770428,5.041030377913,1.8147163267767092,0,0,0,0
42,20,0.82,0.87,0.8,0.96,1.6319301170220122,1.485337557212213,1.7756472069916984,1.8147163267767095,0,0,0,0
43,0,0.87,0.87,,0.87,1.72387615116973,1.72387615116973,,1.72387615116973,0,0,0,0
43,10,0.85,0.83,0.84,0.86,1.779195048082661,1.515389184052025,5.926900293253673,1.72387615116973,0,0,0,0
43,20,0.82,0.75,0.82,0.85,1.6446011577070796,1.3874267299776097,2.1687543618532352,1.72387615116973,0,0,0,0
44,0,0.8,0.8,,0.8,1.479391367456355,1.479391367456355,,1.479391367456355,0,0,0,0
44,10,0.82,0.77,0.82,0.77,1.572288881568677,1.398960728329458,5.030590216876643,1.479391367456355,0,0,0,0
44,20,0.84,0.77,0.81,0.84,1.5784423506964878,1.2671514863708924,1.971980270943438,1.479391367456355,0,0,0,0
45,0,0.95,0.95,,0.95,1.9314257756534368,1.9314257756534368,,1.9314257756534368,0,0,0,0
45,10,0.87,0.88,0.85,0.89,1.9601613138343912,1.7181485912202685,4.0465184087005,1.9314257756534368,0,0,0,0
45,20,0.72,0.83,0.83,0.91,1.8230443019926301,1.5151022730531118,1.9873620708807596,1.9314257756534368,0,0,0,0
46,0,0.94,0.94,,0.94,1.8441158682854166,1.8441158682854166,,1.8441158682854166,0,0,0,0
46,10,0.85,0.89,0.83,0.92,1.6712419345391587,1.6682082138707162,5.065158727624384,1.8441158682854166,0,0,0,0
46,20,0.83,0.89,0.83,0.92,1.7105007972461101,1.5374507859408992,2.030583872727715,1.8441158682854166,0,0,0,0
47,0,0.89,0.89,,0.89,2.13674833234416,2.13674833234416,,2.13674833234416,0,0,0,0
47,10,0.87,0.86,0.86,0.87,2.1046274666434646,1.926689237856276,5.859235402507846,2.13674833234416,0,0,0,0
47,20,0.85,0.86,0.82,0.94,1.9174483003264404,1.788058833692438,1.9684885155978924,2.13674833234416,0,0,0,0
48,0,0.9,0.9,,0.9,1.920967191794137,1.920967191794137,,1.920967191794137,0,0,0,0
48,10,0.84,0.84,0.83,0.86,1.7485987382860397,1.674961517325304,4.842669933915591,1.920967191794137,0,0,0,0
48,20,0.82,0.83,0.82,0.89,1.6894409702994446,1.502656423889421,1.9197660243645311,1.920967191794137,0,0,0,0
49,0,0.83,0.83,,0.83,1.5943494915474088,1.5943494915474088,,1.5943494915474088,0,0,0,0
49,10,0.83,0.79,0.81,0.89,1.5159242702900562,1.3000295433996558,4.866155127742987,1.5943494915474088,0,0,0,0
49,20,0.76,0.67,0.81,0.81,1.6312849853035885,1.2182594332276777,1.9404833411014326,1.5943494915474088,0,0,0,0
50,0,0.8,0.8,,0.8,1.6323605078186096,1.6323605078186096,,1.6323605078186096,0,0,0,0
50,10,0.89,0.86,0.86,0.88,1.8031751209693123,1.5193194797926286,4.7747060424535155,1.6323605078186096,0,0,0,0
50,20,0.77,0.69,0.83,0.81,1.7856850010783973,1.3682334100705922,1.9102730646060073,1.6323605078186096,0,0,0,0
