puma,N_j,age_mean,age_sd,hours_mean,hours_sd,entry_recency_mean,entry_recency_sd,age_sq_mean,age_sq_sd,prop_female,prop_married,prop_educ_BAplus,prop_educ_SomeCollege,english_mean,prop_cow_1.0,prop_cow_2.0,prop_cow_3.0,prop_cow_4.0,resid_mean,resid_sd,resid_q25,resid_median,resid_q75,prop_educ_<HS,prop_cow_6.0,prop_educ_HS,prop_cow_5.0,prop_cow_7.0,prop_cow_8.0
101,27,32.96296296296296,8.604477731799708,47.111111111111114,12.463279397226612,2.0,2.1303665267886505,1157.851851851852,679.7306425627335,0.37037037037037035,0.6666666666666666,0.8888888888888888,0.1111111111111111,1.4074074074074074,0.5185185185185185,0.2222222222222222,0.037037037037037035,0.2222222222222222,4303.251433487055,72803.72230814368,-33168.49131013481,-17704.491158450604,13546.327428483273,,,,,,
102,25,30.36,3.289883483245772,43.8,6.658328118479393,3.88,1.96468827043885,932.12,203.982294983331,0.32,0.4,0.8,0.08,1.28,0.84,0.12,,,-4577.006492534261,52281.22982409519,-38870.839803765964,-959.5363694156695,28220.563062457484,0.12,0.04,,,,
105,25,39.12,7.518421820213779,41.0,2.5,3.08,1.5253414918196733,1584.64,609.6562474050438,0.44,0.56,0.56,0.04,1.96,0.8,,,0.08,-8914.735589089105,32256.39362420853,-19035.961052771454,264.0206737747649,12604.743548886327,0.16,0.04,0.24,0.08,,
107,23,32.43478260869565,6.781164333897252,40.65217391304348,2.2884829364008,3.782608695652174,1.8329440238224415,1096.0,514.0263523488761,0.391304347826087,0.6521739130434783,0.4782608695652174,0.21739130434782608,1.565217391304348,1.0,,,,-12392.183352076094,41497.850817975974,-35465.16022094895,-17442.41240725707,327.7954198291409,0.08695652173913043,,0.21739130434782608,,,
108,46,33.52173913043478,5.439522570695102,41.52173913043478,5.04089555727191,3.630434782608696,1.7173454405910422,1152.6521739130435,398.58244469292833,0.5,0.8478260869565217,0.8478260869565217,0.06521739130434782,1.3043478260869565,0.8913043478260869,0.043478260869565216,0.021739130434782608,0.021739130434782608,-6604.688729717952,39163.312979251285,-30017.307496623107,-6724.458509514807,14833.254165218299,0.021739130434782608,,0.06521739130434782,0.021739130434782608,,
109,85,34.694117647058825,7.096316162716575,41.78823529411765,4.758686587622228,3.4705882352941178,1.749749882085992,1253.4470588235295,537.9761568862986,0.3176470588235294,0.7764705882352941,0.9294117647058824,0.011764705882352941,1.3294117647058823,0.9764705882352941,0.011764705882352941,,,-230.85661656298737,42969.26573200859,-19868.717540714482,3381.282743570395,30678.416011386696,0.03529411764705882,0.011764705882352941,0.023529411764705882,,,
110,34,34.73529411764706,5.4289282581450236,40.88235294117647,2.6026176319860013,3.235294117647059,2.132843080923474,1235.1470588235295,396.71126301531774,0.3235294117647059,0.7941176470588235,0.8529411764705882,0.08823529411764706,1.2647058823529411,0.8529411764705882,0.029411764705882353,0.029411764705882353,,6509.676530925152,42317.87573477443,-23140.85543765175,5042.1906918299355,25551.758627759446,0.029411764705882353,,0.029411764705882353,0.058823529411764705,0.029411764705882353,
1305,23,36.56521739130435,7.310180242501931,40.0,0.0,3.608695652173913,2.0391426548425735,1388.1304347826087,563.232497153531,0.34782608695652173,0.9130434782608695,1.0,,1.0869565217391304,0.9130434782608695,0.08695652173913043,,,16243.24954216577,56154.7282048702,-19028.769150585984,-7276.811926626106,42580.323316768714,,,,,,
3714,22,36.59090909090909,7.142489168010793,40.22727272727273,1.066003581778052,3.227272727272727,2.0454785953372094,1387.590909090909,545.1507139001112,0.5454545454545454,0.7727272727272727,0.5,0.13636363636363635,2.0454545454545454,0.9090909090909091,,0.045454545454545456,,-13726.036037456868,47705.43318250028,-49328.2839854187,-9959.622507765365,14011.083250238946,0.13636363636363635,,0.22727272727272727,,0.045454545454545456,
3717,29,38.96551724137931,10.015997056925237,43.206896551724135,5.101675567503201,3.5172413793103448,1.8635735574269363,1615.1724137931035,775.3515363537423,0.3448275862068966,0.6551724137931034,0.5517241379310345,0.06896551724137931,2.3793103448275863,0.6896551724137931,0.10344827586206896,,,-736.6445290846449,61456.483192148145,-33694.15813201497,-11700.960157169495,16910.413143238868,0.10344827586206896,0.06896551724137931,0.27586206896551724,,0.13793103448275862,
3719,34,39.64705882352941,8.35530081405838,42.35294117647059,5.39855397553252,3.264705882352941,1.958800243955959,1639.6470588235295,654.1414860555521,0.3235294117647059,0.7058823529411765,0.4117647058823529,0.29411764705882354,1.7941176470588236,0.7352941176470589,0.029411764705882353,0.058823529411764705,,-9703.272136623025,50133.00922066345,-42881.40673059068,-12545.562562357023,12845.597336604216,0.058823529411764705,0.17647058823529413,0.23529411764705882,,,
3725,21,35.095238095238095,9.544133076947125,41.142857142857146,4.4077853201547175,3.380952380952381,1.5644868320376006,1318.4285714285713,731.374293465977,0.47619047619047616,0.5714285714285714,0.5238095238095238,0.14285714285714285,2.0,0.9047619047619048,,0.047619047619047616,,-8724.34407441304,27229.8838930565,-28196.567365262017,-11323.028157073772,556.7439667506842,0.14285714285714285,,0.19047619047619047,,0.047619047619047616,
3729,33,34.78787878787879,6.863661448880508,46.121212121212125,12.67812480159619,2.6666666666666665,2.01038968030247,1255.878787878788,539.8999767072461,0.3939393939393939,0.6060606060606061,0.9696969696969697,0.030303030303030304,1.2727272727272727,0.7272727272727273,0.06060606060606061,0.12121212121212122,0.06060606060606061,-20217.573628151134,43809.716540464804,-48102.605067689554,-22207.47879621922,7924.093559902278,,,,0.030303030303030304,,
3730,24,36.291666666666664,7.8711314399473435,41.875,4.121127958723669,2.625,1.8132963018384143,1376.4583333333333,609.3813669306921,0.4583333333333333,0.6666666666666666,0.7083333333333334,0.20833333333333334,1.5,0.75,0.041666666666666664,0.041666666666666664,0.041666666666666664,-18954.0224714158,29219.100622619335,-39985.111357534544,-21091.781930047553,-370.237496370406,0.041666666666666664,,0.041666666666666664,0.041666666666666664,0.08333333333333333,
3733,25,34.6,8.972179222463181,40.24,0.8793937305515279,3.12,1.8101565309847287,1274.44,673.6099316369971,0.28,0.32,0.52,0.04,1.96,0.96,,,,-31043.651148906538,34014.92140414556,-54012.7944317956,-21673.112472526613,-7046.604006448091,0.24,,0.2,,0.04,
3734,27,33.77777777777778,8.186918896974674,44.074074074074076,11.578912948598632,2.8518518518518516,1.6101529717988265,1205.4814814814815,639.9798296322958,0.2222222222222222,0.4444444444444444,0.2962962962962963,0.18518518518518517,2.888888888888889,0.6666666666666666,,,,-9875.118220805409,34715.39194004241,-29706.79979634733,-7170.649345334445,8769.961805572326,0.25925925925925924,0.3333333333333333,0.25925925925925924,,,
3736,32,36.1875,7.760268951109129,40.96875,2.6818911839559494,3.5625,1.605183136974036,1367.875,598.2845234232137,0.46875,0.625,0.53125,0.09375,2.34375,0.75,0.09375,,,-14817.806196638187,28869.95604727042,-29692.14341337743,-11072.93885982233,2238.3468588266114,0.21875,,0.15625,0.0625,0.09375,
3737,21,38.23809523809524,6.587144767687756,42.285714285714285,6.141195788629907,2.8095238095238093,1.3645163106041502,1503.4761904761904,510.9702162599714,0.6190476190476191,0.6666666666666666,0.23809523809523808,0.23809523809523808,2.7142857142857144,0.9047619047619048,,,,-8104.971364648727,24476.53863790114,-25967.38542958675,-2050.568733803171,13575.152898569533,0.14285714285714285,,0.38095238095238093,,0.09523809523809523,
3742,22,42.63636363636363,8.709849129661881,41.13636363636363,4.3457198926393525,2.272727272727273,1.804275825757042,1890.2727272727273,726.708180235216,0.22727272727272727,0.6818181818181818,0.22727272727272727,,2.5,0.8181818181818182,0.045454545454545456,,,-13731.536910541561,30327.505021125915,-24406.78523853347,-6844.596367419901,4944.788623347609,0.5909090909090909,,0.18181818181818182,,0.13636363636363635,
3744,21,32.57142857142857,4.738896797477537,43.42857142857143,8.298020417975776,3.8095238095238093,1.9395630337539334,1082.2857142857142,330.3460523234904,0.23809523809523808,0.5238095238095238,0.3333333333333333,0.23809523809523808,1.7142857142857142,0.7619047619047619,0.09523809523809523,0.047619047619047616,,-10332.174488398947,28207.40342320861,-20050.011174018466,-9060.698924546014,11504.605176708137,0.2857142857142857,0.047619047619047616,0.14285714285714285,,,0.047619047619047616
3745,22,36.36363636363637,8.375391701119783,44.27272727272727,8.664002254439634,3.727272727272727,1.5486343655842065,1389.2727272727273,651.4618127768454,0.2727272727272727,0.5909090909090909,0.045454545454545456,0.09090909090909091,2.772727272727273,0.9545454545454546,,,,-8542.038664578118,33290.41426866903,-24822.925546774844,-7496.391431060358,6423.912046886457,0.5,0.045454545454545456,0.36363636363636365,,,
3758,31,37.193548387096776,8.627163901842096,42.58064516129032,6.152366447410769,3.4193548387096775,1.857851690320249,1455.3870967741937,664.8344494393249,0.1935483870967742,0.7419354838709677,0.0967741935483871,0.3548387096774194,2.129032258064516,0.7741935483870968,0.06451612903225806,0.03225806451612903,,-11467.436293000586,33099.83240181358,-30421.3932923712,-16988.3638229699,1414.5402855071588,0.12903225806451613,0.06451612903225806,0.41935483870967744,,0.06451612903225806,
3761,26,38.61538461538461,6.400480751174387,41.46153846153846,4.536348921595597,3.076923076923077,1.3834182859302364,1530.5384615384614,506.00389174544745,0.3076923076923077,0.8076923076923077,0.7307692307692307,0.11538461538461539,1.8076923076923077,1.0,,,,-19454.054741415523,42054.68291410683,-42366.15253569482,-14389.061125118984,688.7121096296469,0.038461538461538464,,0.11538461538461539,,,
5903,22,38.40909090909091,8.48336799081193,42.04545454545455,3.9937722081030667,2.8181818181818183,1.6223546566748692,1543.9545454545455,661.7140424881236,0.18181818181818182,0.9090909090909091,0.9090909090909091,0.045454545454545456,1.5454545454545454,0.9545454545454546,,,,-22831.96865401033,43322.875631584386,-55779.82533458613,-25736.770817984827,1873.2382577061362,,0.045454545454545456,0.045454545454545456,,,
5904,54,36.96296296296296,7.155847227671382,43.611111111111114,7.54962617259371,3.111111111111111,1.7119630866531244,1416.5185185185185,544.5286256744414,0.3333333333333333,0.7777777777777778,0.9259259259259259,0.05555555555555555,1.4814814814814814,0.8518518518518519,0.05555555555555555,0.018518518518518517,0.05555555555555555,-6839.2972772453495,43919.73590220513,-38346.36544988053,-12036.363787235969,23272.19337374842,0.018518518518518517,0.018518518518518517,,,,
5905,25,39.28,8.218475122146039,43.36,8.16945530620004,3.48,2.219609575278199,1607.76,661.7304511657296,0.48,0.8,0.52,0.2,1.8,0.8,0.08,,,-16235.146582567892,42712.138696897106,-48333.718086039764,-19211.526635298622,3862.6759464469505,0.12,0.08,0.16,,0.04,
7311,22,36.36363636363637,7.0814677960989245,42.59090909090909,6.83589330149595,2.6363636363636362,1.5597757636597747,1370.1818181818182,527.7923145260144,0.3181818181818182,0.5909090909090909,0.6818181818181818,0.13636363636363635,1.8181818181818181,0.7727272727272727,0.045454545454545456,,0.09090909090909091,-11812.720314016846,39316.69150172904,-29290.41190885906,-4450.105413111669,5314.762735715107,0.09090909090909091,,0.09090909090909091,,0.09090909090909091,
7312,34,34.3235294117647,7.518545105212094,44.73529411764706,11.037975285156328,3.176470588235294,2.0071174602171977,1232.9705882352941,563.1309920970871,0.35294117647058826,0.5882352941176471,0.8823529411764706,0.08823529411764706,1.3235294117647058,0.6764705882352942,0.14705882352941177,,0.11764705882352941,-14982.32925965795,34520.172010212256,-24866.600862561885,-16442.897005567967,-488.5984286588573,,,0.029411764705882353,0.058823529411764705,,
7503,22,33.54545454545455,6.871107713616576,43.40909090909091,7.774556125189589,2.5454545454545454,1.792239161529848,1170.3636363636363,503.6974285889293,0.2727272727272727,0.45454545454545453,0.6363636363636364,0.18181818181818182,1.5909090909090908,0.9090909090909091,,0.045454545454545456,,11599.924455653521,53091.939612022674,-18682.455321133413,4753.157738571608,40292.805052660435,0.09090909090909091,0.045454545454545456,0.09090909090909091,,,
8103,27,33.74074074074074,7.101422352613554,42.592592592592595,4.749568881320131,2.962962962962963,1.8704479406215768,1187.0,540.7838328261615,0.5925925925925926,0.4444444444444444,0.7407407407407407,0.2222222222222222,1.5555555555555556,0.8518518518518519,0.1111111111111111,0.037037037037037035,,1017.1050538489081,41477.05774585214,-23503.628613362613,-3690.668894996168,33523.95508990467,,,0.037037037037037035,,,
8104,36,33.69444444444444,6.27384340823957,43.52777777777778,7.74775953277964,2.6944444444444446,1.5272654263551186,1173.5833333333333,451.1578358591845,0.4166666666666667,0.6944444444444444,0.8333333333333334,0.08333333333333333,1.3611111111111112,0.9166666666666666,,,,15706.079923032634,49199.8355562496,-19977.582413962184,11337.634784481284,47107.78989352195,,0.05555555555555555,0.08333333333333333,,0.027777777777777776,
8105,24,32.75,5.817888456042838,43.833333333333336,6.565169401878547,2.875,1.918162617216527,1105.0,397.8632056810263,0.375,0.625,0.8333333333333334,0.125,1.3333333333333333,0.9583333333333334,0.041666666666666664,,,14332.233778460564,65075.89330101968,-32913.73352653725,11554.176541045876,57179.54268585599,0.041666666666666664,,,,,
8501,88,34.32954545454545,6.746172334763168,43.875,7.748655797405552,2.3181818181818183,1.9030855438607663,1223.5113636363637,486.24183932089295,0.3409090909090909,0.6363636363636364,0.9431818181818182,0.03409090909090909,1.3977272727272727,0.7840909090909091,0.14772727272727273,0.011363636363636364,0.022727272727272728,14873.89977475208,58181.7611934737,-25066.212691730645,10567.306724062248,51401.35207199886,0.011363636363636364,,0.011363636363636364,,0.03409090909090909,
8502,122,32.049180327868854,5.280327530250112,41.368852459016395,4.128515671215655,3.1475409836065573,1.8793006046849643,1054.8032786885246,366.63868852460956,0.27049180327868855,0.6475409836065574,0.9180327868852459,0.04918032786885246,1.3770491803278688,0.9672131147540983,0.02459016393442623,,,13265.808296944686,47416.36791158727,-16924.31522842597,12070.218308559633,42390.49716127749,0.01639344262295082,,0.01639344262295082,,0.00819672131147541,
8503,109,31.137614678899084,4.756025203785383,41.65137614678899,5.332250144845376,3.256880733944954,1.9786062702521028,991.9633027522935,333.18118546002324,0.3486238532110092,0.6972477064220184,0.9908256880733946,0.009174311926605505,1.2660550458715596,0.9357798165137615,0.03669724770642202,,,6688.240648055835,53455.2332358603,-24571.80728312413,8909.175283915014,32065.82043669137,,0.01834862385321101,,,0.009174311926605505,
8504,65,32.41538461538462,5.364502270983266,41.89230769230769,4.0969618199156015,3.3846153846153846,2.0209241983272443,1079.0923076923077,377.05104607487016,0.4461538461538462,0.6461538461538462,0.8615384615384616,0.03076923076923077,1.4461538461538461,0.9538461538461539,,0.015384615384615385,,13174.784681467021,43364.83637364063,-12945.464842252026,11950.756815898465,37533.41575286031,0.03076923076923077,0.03076923076923077,0.07692307692307693,,,
8507,28,37.142857142857146,4.904376622253847,42.5,5.69275042553311,3.392857142857143,1.872595459946904,1402.7857142857142,359.2595633555687,0.25,0.9285714285714286,1.0,,1.25,0.8928571428571429,,0.07142857142857142,0.03571428571428571,30526.391908991798,55877.043402544004,2787.450054126981,24761.34855080815,45582.92811566335,,,,,,
8508,33,37.96969696969697,6.729064053068823,42.84848484848485,6.245604514982977,3.6666666666666665,1.8819316317727026,1485.6060606060605,513.7573563581559,0.36363636363636365,0.8787878787878788,0.9393939393939394,0.030303030303030304,1.4848484848484849,0.9393939393939394,,,,29069.535237016073,62155.56027585107,-3243.6351239340147,21827.10884884582,62475.17653851048,,,0.030303030303030304,0.030303030303030304,0.030303030303030304,
8509,33,31.545454545454547,5.2206974455700665,43.63636363636363,7.317864194123608,2.696969696969697,1.8789100644530674,1021.5454545454545,355.9183623835924,0.21212121212121213,0.48484848484848486,0.8484848484848485,,1.303030303030303,0.9090909090909091,0.06060606060606061,,,-5616.862958242707,43623.87225861071,-38014.36396793468,-19023.72391391726,26806.95928280236,0.06060606060606061,,0.09090909090909091,0.030303030303030304,,
8510,30,34.06666666666667,7.2489396767238725,43.0,5.813183589761798,3.1333333333333333,1.8888663510036976,1211.3333333333333,555.8948879390614,0.43333333333333335,0.7333333333333333,0.6333333333333333,0.03333333333333333,2.033333333333333,0.9,0.06666666666666667,,,2555.026587861882,35200.89580810827,-22504.38852539794,751.5361353933695,25155.1212840156,0.2,0.03333333333333333,0.13333333333333333,,,
8511,21,36.23809523809524,7.582247436642793,42.80952380952381,6.021785844905544,3.9523809523809526,1.532194193834139,1367.952380952381,586.5640183467168,0.3333333333333333,0.9047619047619048,0.8095238095238095,0.19047619047619047,1.4285714285714286,1.0,,,,4059.5490882562062,74704.37971636561,-43185.659134290705,-14584.090614279092,26630.827615251706,,,,,,
