summary,spearman_rho,p_value,subsample,test
income_mean,0.03694998776224829,0.5926485555988156,0,y_summaries
income_sd,0.004192404771458663,0.95161270513549,0,y_summaries
y_mean,0.03694998776224829,0.5926485555988156,0,y_summaries
y_sd,0.004192404771458663,0.95161270513549,0,y_summaries
income_mean,0.05541964520906944,0.4221084697737219,1,y_summaries
income_sd,-0.0107978357868263,0.8758013680709984,1,y_summaries
y_mean,0.05541964520906944,0.4221084697737219,1,y_summaries
y_sd,-0.0107978357868263,0.8758013680709984,1,y_summaries
income_mean,0.04901197343715504,0.47780789123091344,2,y_summaries
income_sd,0.007680616553961379,0.9114800146183515,2,y_summaries
y_mean,0.04901197343715504,0.47780789123091344,2,y_summaries
y_sd,0.007680616553961379,0.9114800146183515,2,y_summaries
income_mean,0.034909528096772544,0.6132502899693532,3,y_summaries
income_sd,-0.008775957884725592,0.8989191475672703,3,y_summaries
y_mean,0.034909528096772544,0.6132502899693532,3,y_summaries
y_sd,-0.008775957884725592,0.8989191475672703,3,y_summaries
income_mean,0.03144996433949857,0.6488763705214804,4,y_summaries
income_sd,-0.029453911046116284,0.6698073386033916,4,y_summaries
y_mean,0.03144996433949857,0.6488763705214804,4,y_summaries
y_sd,-0.029453911046116284,0.6698073386033916,4,y_summaries
income_mean,-0.006418993980015304,0.9259747866332552,5,y_summaries
income_sd,-0.06711185937412097,0.3308103000714744,5,y_summaries
y_mean,-0.006418993980015304,0.9259747866332552,5,y_summaries
y_sd,-0.06711185937412097,0.3308103000714744,5,y_summaries
income_mean,0.030044727704113313,0.6635844332863661,6,y_summaries
income_sd,-0.0003010771455464605,0.9965229645483948,6,y_summaries
y_mean,0.030044727704113313,0.6635844332863661,6,y_summaries
y_sd,-0.0003010771455464605,0.9965229645483948,6,y_summaries
income_mean,0.05813938251573324,0.39965922059965275,7,y_summaries
income_sd,0.00018392160355557835,0.9978759490548876,7,y_summaries
y_mean,0.05813938251573324,0.39965922059965275,7,y_summaries
y_sd,0.00018392160355557835,0.9978759490548876,7,y_summaries
income_mean,0.04136346474484531,0.5492016828074795,8,y_summaries
income_sd,0.0059572963233858215,0.9312855868307923,8,y_summaries
y_mean,0.04136346474484531,0.5492016828074795,8,y_summaries
y_sd,0.0059572963233858215,0.9312855868307923,8,y_summaries
income_mean,0.047570203974499084,0.490868744474807,9,y_summaries
income_sd,-0.0006884462763227643,0.9920494785581553,9,y_summaries
y_mean,0.047570203974499084,0.490868744474807,9,y_summaries
y_sd,-0.0006884462763227643,0.9920494785581553,9,y_summaries
income_mean,0.04270823400371915,0.5362807002784696,10,y_summaries
income_sd,0.005431985989942835,0.9373317919451631,10,y_summaries
y_mean,0.04270823400371915,0.5362807002784696,10,y_summaries
y_sd,0.005431985989942835,0.9373317919451631,10,y_summaries
income_mean,0.059131425411623764,0.39165154166630123,11,y_summaries
income_sd,0.001333431625777943,0.9846015617358087,11,y_summaries
y_mean,0.059131425411623764,0.39165154166630123,11,y_summaries
y_sd,0.001333431625777943,0.9846015617358087,11,y_summaries
income_mean,0.024256236140155218,0.7254835259911548,12,y_summaries
income_sd,-0.04948624898954647,0.4735530886228325,12,y_summaries
y_mean,0.024256236140155218,0.7254835259911548,12,y_summaries
y_sd,-0.04948624898954647,0.4735530886228325,12,y_summaries
income_mean,0.06029983148900596,0.38234528391852746,13,y_summaries
income_sd,-0.009083963583830654,0.895391467633426,13,y_summaries
y_mean,0.06029983148900596,0.38234528391852746,13,y_summaries
y_sd,-0.009083963583830654,0.895391467633426,13,y_summaries
income_mean,0.048458679554763996,0.4827976973576056,14,y_summaries
income_sd,0.018831808572276308,0.7851619971301425,14,y_summaries
y_mean,0.048458679554763996,0.4827976973576056,14,y_summaries
y_sd,0.018831808572276308,0.7851619971301425,14,y_summaries
income_mean,0.06400536805885114,0.3537325556597642,15,y_summaries
income_sd,-0.006299944790283886,0.9273438778379339,15,y_summaries
y_mean,0.06400536805885114,0.3537325556597642,15,y_summaries
y_sd,-0.006299944790283886,0.9273438778379339,15,y_summaries
income_mean,0.025892634516995597,0.7077821701175382,16,y_summaries
income_sd,-0.02411640533197255,0.7270030454918037,16,y_summaries
y_mean,0.025892634516995597,0.7077821701175382,16,y_summaries
y_sd,-0.02411640533197255,0.7270030454918037,16,y_summaries
income_mean,0.040255526043974546,0.5599604252057907,17,y_summaries
income_sd,-0.01556468063514348,0.8217467186853433,17,y_summaries
y_mean,0.040255526043974546,0.5599604252057907,17,y_summaries
y_sd,-0.01556468063514348,0.8217467186853433,17,y_summaries
income_mean,0.042005300751773854,0.5430157309641678,18,y_summaries
income_sd,-0.013244874930022951,0.847964260700638,18,y_summaries
y_mean,0.042005300751773854,0.5430157309641678,18,y_summaries
y_sd,-0.013244874930022951,0.847964260700638,18,y_summaries
income_mean,0.026108687635016174,0.7054564975889605,19,y_summaries
income_sd,-0.020777472385232407,0.7635910858221081,19,y_summaries
y_mean,0.026108687635016174,0.7054564975889605,19,y_summaries
y_sd,-0.020777472385232407,0.7635910858221081,19,y_summaries
income_mean,0.035924246578353476,0.6029657516481122,20,y_summaries
income_sd,-0.029450761703589647,0.6698405705854706,20,y_summaries
y_mean,0.035924246578353476,0.6029657516481122,20,y_summaries
y_sd,-0.029450761703589647,0.6698405705854706,20,y_summaries
income_mean,0.017932367639194948,0.7951905454942735,21,y_summaries
income_sd,-0.03808247970059529,0.5813519222871195,21,y_summaries
y_mean,0.017932367639194948,0.7951905454942735,21,y_summaries
y_sd,-0.03808247970059529,0.5813519222871195,21,y_summaries
income_mean,0.026029954047059864,0.7063036988891103,22,y_summaries
income_sd,-0.04118584182634301,0.5509196713863843,22,y_summaries
y_mean,0.026029954047059864,0.7063036988891103,22,y_summaries
y_sd,-0.04118584182634301,0.5509196713863843,22,y_summaries
income_mean,0.059257399112689235,0.39064165704795395,23,y_summaries
income_sd,0.001754183787336595,0.979743637517615,23,y_summaries
y_mean,0.059257399112689235,0.39064165704795395,23,y_summaries
y_sd,0.001754183787336595,0.979743637517615,23,y_summaries
income_mean,0.04585948057538437,0.5066097565204722,24,y_summaries
income_sd,-0.02001722109930233,0.7719990780768652,24,y_summaries
y_mean,0.04585948057538437,0.5066097565204722,24,y_summaries
y_sd,-0.02001722109930233,0.7719990780768652,24,y_summaries
income_mean,0.0407729758590549,0.5549230691810471,25,y_summaries
income_sd,-0.025157577971278614,0.715714753235268,25,y_summaries
y_mean,0.0407729758590549,0.5549230691810471,25,y_summaries
y_sd,-0.025157577971278614,0.715714753235268,25,y_summaries
income_mean,0.02217515059855374,0.7482061341900752,26,y_summaries
income_sd,-0.059515015331368104,0.38858133949488266,26,y_summaries
y_mean,0.02217515059855374,0.7482061341900752,26,y_summaries
y_sd,-0.059515015331368104,0.38858133949488266,26,y_summaries
income_mean,0.06398141290264416,0.3539131015653057,27,y_summaries
income_sd,0.016546015766443455,0.8107134977421528,27,y_summaries
y_mean,0.06398141290264416,0.3539131015653057,27,y_summaries
y_sd,0.016546015766443455,0.8107134977421528,27,y_summaries
income_mean,0.08227282020212245,0.23292761710724805,28,y_summaries
income_sd,0.03172836621885324,0.6459782832567778,28,y_summaries
y_mean,0.08227282020212245,0.23292761710724805,28,y_summaries
y_sd,0.03172836621885324,0.6459782832567778,28,y_summaries
income_mean,0.04677090058956662,0.4981907924586251,29,y_summaries
income_sd,0.021106893613518595,0.7599563688025386,29,y_summaries
y_mean,0.04677090058956662,0.4981907924586251,29,y_summaries
y_sd,0.021106893613518595,0.7599563688025386,29,y_summaries
income_mean,0.06507171528536575,0.34575428500714206,30,y_summaries
income_sd,0.01349430285813257,0.8451367550857132,30,y_summaries
y_mean,0.06507171528536575,0.34575428500714206,30,y_summaries
y_sd,0.01349430285813257,0.8451367550857132,30,y_summaries
income_mean,0.025546206839065572,0.7115168879182863,31,y_summaries
income_sd,-0.05437465845939182,0.4309254092675363,31,y_summaries
y_mean,0.025546206839065572,0.7115168879182863,31,y_summaries
y_sd,-0.05437465845939182,0.4309254092675363,31,y_summaries
income_mean,0.0683268972345971,0.32211037424412065,32,y_summaries
income_sd,0.03460749515670444,0.6163262841517864,32,y_summaries
y_mean,0.0683268972345971,0.32211037424412065,32,y_summaries
y_sd,0.03460749515670444,0.6163262841517864,32,y_summaries
income_mean,0.05238901449177711,0.44796803385925105,33,y_summaries
income_sd,0.0040941452846276,0.9527454491582408,33,y_summaries
y_mean,0.05238901449177711,0.44796803385925105,33,y_summaries
y_sd,0.0040941452846276,0.9527454491582408,33,y_summaries
income_mean,0.03321360661219363,0.630608218047666,34,y_summaries
income_sd,-0.022673376586267655,0.7427455313478144,34,y_summaries
y_mean,0.03321360661219363,0.630608218047666,34,y_summaries
y_sd,-0.022673376586267655,0.7427455313478144,34,y_summaries
income_mean,0.07499970266633502,0.27699806044974135,35,y_summaries
income_sd,0.022342695620970805,0.7463684099582909,35,y_summaries
y_mean,0.07499970266633502,0.27699806044974135,35,y_summaries
y_sd,0.022342695620970805,0.7463684099582909,35,y_summaries
income_mean,0.06997652336945771,0.3105381965623215,36,y_summaries
income_sd,-0.010388421258363539,0.8804747007505841,36,y_summaries
y_mean,0.06997652336945771,0.3105381965623215,36,y_summaries
y_sd,-0.010388421258363539,0.8804747007505841,36,y_summaries
income_mean,0.027040893316418887,0.6954534387786359,37,y_summaries
income_sd,-0.01680804106465962,0.8077737366576648,37,y_summaries
y_mean,0.027040893316418887,0.6954534387786359,37,y_summaries
y_sd,-0.01680804106465962,0.8077737366576648,37,y_summaries
income_mean,0.04625380751123669,0.5029581922514591,38,y_summaries
income_sd,-0.005214051487099581,0.9398412429149129,38,y_summaries
y_mean,0.04625380751123669,0.5029581922514591,38,y_summaries
y_sd,-0.005214051487099581,0.9398412429149129,38,y_summaries
income_mean,0.043362667380754234,0.5300481078530014,39,y_summaries
income_sd,-0.0057462903741011696,0.9337137649334637,39,y_summaries
y_mean,0.043362667380754234,0.5300481078530014,39,y_summaries
y_sd,-0.0057462903741011696,0.9337137649334637,39,y_summaries
income_mean,0.06951291811642869,0.313762528554354,40,y_summaries
income_sd,0.03445380724140458,0.6178940639697889,40,y_summaries
y_mean,0.06951291811642869,0.313762528554354,40,y_summaries
y_sd,0.03445380724140458,0.6178940639697889,40,y_summaries
income_mean,0.011636194431239024,0.8662453562962482,41,y_summaries
income_sd,-0.06791305211289732,0.32505679405822846,41,y_summaries
y_mean,0.011636194431239024,0.8662453562962482,41,y_summaries
y_sd,-0.06791305211289732,0.32505679405822846,41,y_summaries
income_mean,0.06855803746235249,0.32047229891580703,42,y_summaries
income_sd,0.0022498903010291986,0.9740212750963823,42,y_summaries
y_mean,0.06855803746235249,0.32047229891580703,42,y_summaries
y_sd,0.0022498903010291986,0.9740212750963823,42,y_summaries
income_mean,0.02643873051111439,0.701909073878499,43,y_summaries
income_sd,-0.048054557876937465,0.48645989927814315,43,y_summaries
y_mean,0.02643873051111439,0.701909073878499,43,y_summaries
y_sd,-0.048054557876937465,0.48645989927814315,43,y_summaries
income_mean,0.0341902180372037,0.6205869776999748,44,y_summaries
income_sd,-0.006356632955763345,0.9266919248960607,44,y_summaries
y_mean,0.0341902180372037,0.6205869776999748,44,y_summaries
y_sd,-0.006356632955763345,0.9266919248960607,44,y_summaries
income_mean,0.0019311768373335729,0.9777003220303786,45,y_summaries
income_sd,-0.04267422110443147,0.5366056253437427,45,y_summaries
y_mean,0.0019311768373335729,0.9777003220303786,45,y_summaries
y_sd,-0.04267422110443147,0.5366056253437427,45,y_summaries
income_mean,0.056834294972695015,0.4103413863371291,46,y_summaries
income_sd,0.025629979350274106,0.7106131309728128,46,y_summaries
y_mean,0.056834294972695015,0.4103413863371291,46,y_summaries
y_sd,0.025629979350274106,0.7106131309728128,46,y_summaries
income_mean,0.06609151401521203,0.33823167655853864,47,y_summaries
income_sd,0.029719715555364415,0.6670048776860623,47,y_summaries
y_mean,0.06609151401521203,0.33823167655853864,47,y_summaries
y_sd,0.029719715555364415,0.6670048776860623,47,y_summaries
income_mean,0.051430039390469244,0.4563330786633469,48,y_summaries
income_sd,0.015761829477310935,0.8195272738442254,48,y_summaries
y_mean,0.051430039390469244,0.4563330786633469,48,y_summaries
y_sd,0.015761829477310935,0.8195272738442254,48,y_summaries
income_mean,0.05902090207251304,0.3925388606147826,49,y_summaries
income_sd,-0.0007413552307702593,0.9914384819793202,49,y_summaries
y_mean,0.05902090207251304,0.3925388606147826,49,y_summaries
y_sd,-0.0007413552307702593,0.9914384819793202,49,y_summaries
income_mean,0.025815790559345665,0.7086100000205116,50,y_summaries
income_sd,-0.01126393848076852,0.8704861966141458,50,y_summaries
y_mean,0.025815790559345665,0.7086100000205116,50,y_summaries
y_sd,-0.01126393848076852,0.8704861966141458,50,y_summaries
income_mean,0.015072123463977516,0.8272979423105529,51,y_summaries
income_sd,-0.026011679664502463,0.7065003894398055,51,y_summaries
y_mean,0.015072123463977516,0.8272979423105529,51,y_summaries
y_sd,-0.026011679664502463,0.7065003894398055,51,y_summaries
income_mean,0.04842303095255395,0.48312015035889583,52,y_summaries
income_sd,0.019181385592732973,0.7812737333532384,52,y_summaries
y_mean,0.04842303095255395,0.48312015035889583,52,y_summaries
y_sd,0.019181385592732973,0.7812737333532384,52,y_summaries
income_mean,0.025857991749202596,0.7081553297448315,53,y_summaries
income_sd,-0.026586119741360985,0.700326954692023,53,y_summaries
y_mean,0.025857991749202596,0.7081553297448315,53,y_summaries
y_sd,-0.026586119741360985,0.700326954692023,53,y_summaries
income_mean,0.032016845994293164,0.6429809061184265,54,y_summaries
income_sd,-0.03820404432212346,0.5801452795542462,54,y_summaries
y_mean,0.032016845994293164,0.6429809061184265,54,y_summaries
y_sd,-0.03820404432212346,0.5801452795542462,54,y_summaries
income_mean,0.0659743168534998,0.33909084249174104,55,y_summaries
income_sd,0.028558867900046157,0.6792774764807309,55,y_summaries
y_mean,0.0659743168534998,0.33909084249174104,55,y_summaries
y_sd,0.028558867900046157,0.6792774764807309,55,y_summaries
income_mean,0.0243803202357047,0.7241360213105178,56,y_summaries
income_sd,-0.029009223881355194,0.6745060199390136,56,y_summaries
y_mean,0.0243803202357047,0.7241360213105178,56,y_summaries
y_sd,-0.029009223881355194,0.6745060199390136,56,y_summaries
income_mean,0.03864496444377174,0.5757785439520603,57,y_summaries
income_sd,-0.060098273567301214,0.3839409966785516,57,y_summaries
y_mean,0.03864496444377174,0.5757785439520603,57,y_summaries
y_sd,-0.060098273567301214,0.3839409966785516,57,y_summaries
income_mean,0.01228495532790411,0.8588636964019611,58,y_summaries
income_sd,-0.06440153519569748,0.35075509742374605,58,y_summaries
y_mean,0.01228495532790411,0.8588636964019611,58,y_summaries
y_sd,-0.06440153519569748,0.35075509742374605,58,y_summaries
income_mean,0.025042319919735906,0.7169613891827038,59,y_summaries
income_sd,-0.036947456653995445,0.5926739150261356,59,y_summaries
y_mean,0.025042319919735906,0.7169613891827038,59,y_summaries
y_sd,-0.036947456653995445,0.5926739150261356,59,y_summaries
income_mean,0.05157363321620122,0.45507500076486046,60,y_summaries
income_sd,-0.008367173224768161,0.9036041311336269,60,y_summaries
y_mean,0.05157363321620122,0.45507500076486046,60,y_summaries
y_sd,-0.008367173224768161,0.9036041311336269,60,y_summaries
income_mean,0.051462477628707246,0.4560487057861487,61,y_summaries
income_sd,0.0038680224912150916,0.9553525689753842,61,y_summaries
y_mean,0.051462477628707246,0.4560487057861487,61,y_summaries
y_sd,0.0038680224912150916,0.9553525689753842,61,y_summaries
income_mean,0.046331237646361906,0.5022427956647091,62,y_summaries
income_sd,0.0004591741403836186,0.9946971793249157,62,y_summaries
y_mean,0.046331237646361906,0.5022427956647091,62,y_summaries
y_sd,0.0004591741403836186,0.9946971793249157,62,y_summaries
income_mean,0.05159945782491964,0.45484894786605257,63,y_summaries
income_sd,-0.007432448362862413,0.9143290604667182,63,y_summaries
y_mean,0.05159945782491964,0.45484894786605257,63,y_summaries
y_sd,-0.007432448362862413,0.9143290604667182,63,y_summaries
income_mean,0.026102380729269598,0.7055243487891499,64,y_summaries
income_sd,-0.028975210982067522,0.6748659313622505,64,y_summaries
y_mean,0.026102380729269598,0.7055243487891499,64,y_summaries
y_sd,-0.028975210982067522,0.6748659313622505,64,y_summaries
income_mean,0.05608636144180873,0.4165384255420346,65,y_summaries
income_sd,0.011156860834862874,0.8717067446646073,65,y_summaries
y_mean,0.05608636144180873,0.4165384255420346,65,y_summaries
y_sd,0.011156860834862874,0.8717067446646073,65,y_summaries
income_mean,0.0412664649950249,0.5501395499222039,66,y_summaries
income_sd,-0.033270914188399864,0.6300182807658584,66,y_summaries
y_mean,0.0412664649950249,0.5501395499222039,66,y_summaries
y_sd,-0.033270914188399864,0.6300182807658584,66,y_summaries
income_mean,0.04306599931474507,0.5328689366272585,67,y_summaries
income_sd,-0.023827925556532632,0.7301412747093251,67,y_summaries
y_mean,0.04306599931474507,0.5328689366272585,67,y_summaries
y_sd,-0.023827925556532632,0.7301412747093251,67,y_summaries
income_mean,0.028121450786426302,0.6839240953353284,68,y_summaries
income_sd,-0.04527872737395996,0.5120127645420335,68,y_summaries
y_mean,0.028121450786426302,0.6839240953353284,68,y_summaries
y_sd,-0.04527872737395996,0.5120127645420335,68,y_summaries
income_mean,0.0422553585483888,0.5406150605221757,69,y_summaries
income_sd,-0.026149620867169147,0.7050161846349213,69,y_summaries
y_mean,0.0422553585483888,0.5406150605221757,69,y_summaries
y_sd,-0.026149620867169147,0.7050161846349213,69,y_summaries
income_mean,0.014862377251703517,0.829664446977716,70,y_summaries
income_sd,-0.0387973804541418,0.574272655636889,70,y_summaries
y_mean,0.014862377251703517,0.829664446977716,70,y_summaries
y_sd,-0.0387973804541418,0.574272655636889,70,y_summaries
income_mean,0.022925331206766632,0.73998895125921,71,y_summaries
income_sd,-0.05031767541657854,0.4661444095852308,71,y_summaries
y_mean,0.022925331206766632,0.73998895125921,71,y_summaries
y_sd,-0.05031767541657854,0.4661444095852308,71,y_summaries
income_mean,0.04243582923669217,0.5388857376523228,72,y_summaries
income_sd,-0.0343183855127592,0.6192769430728629,72,y_summaries
y_mean,0.04243582923669217,0.5388857376523228,72,y_summaries
y_sd,-0.0343183855127592,0.6192769430728629,72,y_summaries
income_mean,0.04448795548086262,0.5194173704987142,73,y_summaries
income_sd,0.0003565055740152649,0.9958828460691769,73,y_summaries
y_mean,0.04448795548086262,0.5194173704987142,73,y_summaries
y_sd,0.0003565055740152649,0.9958828460691769,73,y_summaries
income_mean,0.05888892603707275,0.39359999278240226,74,y_summaries
income_sd,0.0004320897946545437,0.9950099615538338,74,y_summaries
y_mean,0.05888892603707275,0.39359999278240226,74,y_summaries
y_sd,0.0004320897946545437,0.9950099615538338,74,y_summaries
income_mean,0.025501486175187334,0.7119995095522362,75,y_summaries
income_sd,-0.0008635497208037601,0.990027390477208,75,y_summaries
y_mean,0.025501486175187334,0.7119995095522362,75,y_summaries
y_sd,-0.0008635497208037601,0.990027390477208,75,y_summaries
income_mean,0.05580573727472915,0.4188776193267954,76,y_summaries
income_sd,0.03711185233388588,0.5910278451935495,76,y_summaries
y_mean,0.05580573727472915,0.4188776193267954,76,y_summaries
y_sd,0.03711185233388588,0.5910278451935495,76,y_summaries
income_mean,0.018819211202169762,0.78530221478543,77,y_summaries
income_sd,-0.03193559295710594,0.6438245647268007,77,y_summaries
y_mean,0.018819211202169762,0.78530221478543,77,y_summaries
y_sd,-0.03193559295710594,0.6438245647268007,77,y_summaries
income_mean,0.05423360206665271,0.43212362510390157,78,y_summaries
income_sd,0.011281574798917685,0.8702851944647884,78,y_summaries
y_mean,0.05423360206665271,0.43212362510390157,78,y_summaries
y_sd,0.011281574798917685,0.8702851944647884,78,y_summaries
income_mean,0.04373839771584137,0.5264863691373597,79,y_summaries
income_sd,-0.018651036311247364,0.7871747813346704,79,y_summaries
y_mean,0.04373839771584137,0.5264863691373597,79,y_summaries
y_sd,-0.018651036311247364,0.7871747813346704,79,y_summaries
income_mean,0.0636891739696186,0.3561203092094389,80,y_summaries
income_sd,0.03183040491671628,0.644917419971156,80,y_summaries
y_mean,0.0636891739696186,0.3561203092094389,80,y_summaries
y_sd,0.03183040491671628,0.644917419971156,80,y_summaries
income_mean,-0.0021157283093944787,0.9755699024238373,81,y_summaries
income_sd,-0.06528839005119835,0.34414717883012635,81,y_summaries
y_mean,-0.0021157283093944787,0.9755699024238373,81,y_summaries
y_sd,-0.06528839005119835,0.34414717883012635,81,y_summaries
income_mean,0.014639403800817644,0.8321818737706799,82,y_summaries
income_sd,-0.07044827284683979,0.30727959003318567,82,y_summaries
y_mean,0.014639403800817644,0.8321818737706799,82,y_summaries
y_sd,-0.07044827284683979,0.30727959003318567,82,y_summaries
income_mean,0.07214390157871904,0.2957532717357033,83,y_summaries
income_sd,0.015670498544038472,0.8205552738652107,83,y_summaries
y_mean,0.07214390157871904,0.2957532717357033,83,y_summaries
y_sd,0.015670498544038472,0.8205552738652107,83,y_summaries
income_mean,0.0308040438863787,0.6556205287185061,84,y_summaries
income_sd,-0.014412651138899809,0.8347437225550486,84,y_summaries
y_mean,0.0308040438863787,0.6556205287185061,84,y_summaries
y_sd,-0.014412651138899809,0.8347437225550486,84,y_summaries
income_mean,0.0337489843839433,0.6251060716737664,85,y_summaries
income_sd,-0.01907115860430069,0.7824991815960465,85,y_summaries
y_mean,0.0337489843839433,0.6251060716737664,85,y_summaries
y_sd,-0.01907115860430069,0.7824991815960465,85,y_summaries
income_mean,0.018770402303136223,0.7858455576950447,86,y_summaries
income_sd,-0.02819354416695631,0.6831574336743117,86,y_summaries
y_mean,0.018770402303136223,0.7858455576950447,86,y_summaries
y_sd,-0.02819354416695631,0.6831574336743117,86,y_summaries
income_mean,0.015399354698620124,0.8236090037972994,87,y_summaries
income_sd,-0.05404334762558965,0.4337427890727614,87,y_summaries
y_mean,0.015399354698620124,0.8236090037972994,87,y_summaries
y_sd,-0.05404334762558965,0.4337427890727614,87,y_summaries
income_mean,0.03536840971989763,0.6085898282315599,88,y_summaries
income_sd,-0.013770815131971264,0.8420045370685981,88,y_summaries
y_mean,0.03536840971989763,0.6085898282315599,88,y_summaries
y_sd,-0.013770815131971264,0.8420045370685981,88,y_summaries
income_mean,0.03358017962451558,0.6268386814056284,89,y_summaries
income_sd,-0.03893469178830315,0.5729175905558026,89,y_summaries
y_mean,0.03358017962451558,0.6268386814056284,89,y_summaries
y_sd,-0.03893469178830315,0.5729175905558026,89,y_summaries
income_mean,0.06828249149098975,0.32242569490223505,90,y_summaries
income_sd,0.013907496597627295,0.8404571783314425,90,y_summaries
y_mean,0.06828249149098975,0.32242569490223505,90,y_summaries
y_sd,0.013907496597627295,0.8404571783314425,90,y_summaries
income_mean,0.0316005029122718,0.6473086462452637,91,y_summaries
income_sd,-0.045446272396377024,0.5104509606831769,91,y_summaries
y_mean,0.0316005029122718,0.6473086462452637,91,y_summaries
y_sd,-0.045446272396377024,0.5104509606831769,91,y_summaries
income_mean,0.03388536158463686,0.6237077977875916,92,y_summaries
income_sd,-0.046495003457747014,0.5007314841577791,92,y_summaries
y_mean,0.03388536158463686,0.6237077977875916,92,y_summaries
y_sd,-0.046495003457747014,0.5007314841577791,92,y_summaries
income_mean,0.05500326722770849,0.4256089552799667,93,y_summaries
income_sd,-0.011359678493578274,0.8693951422646737,93,y_summaries
y_mean,0.05500326722770849,0.4256089552799667,93,y_summaries
y_sd,-0.011359678493578274,0.8693951422646737,93,y_summaries
income_mean,0.03160586674612576,0.6472528153245052,94,y_summaries
income_sd,-0.024838864507582985,0.7191637979377216,94,y_summaries
y_mean,0.03160586674612576,0.6472528153245052,94,y_summaries
y_sd,-0.024838864507582985,0.7191637979377216,94,y_summaries
income_mean,0.00627789939259743,0.9275974281968073,95,y_summaries
income_sd,-0.05637197148978477,0.41416554622218243,95,y_summaries
y_mean,0.00627789939259743,0.9275974281968073,95,y_summaries
y_sd,-0.05637197148978477,0.41416554622218243,95,y_summaries
income_mean,0.017776148957347714,0.7969358262939038,96,y_summaries
income_sd,-0.030631765151078377,0.6574240671337056,96,y_summaries
y_mean,0.017776148957347714,0.7969358262939038,96,y_summaries
y_sd,-0.030631765151078377,0.6574240671337056,96,y_summaries
income_mean,0.0602444220293541,0.3827835518880752,97,y_summaries
income_sd,0.027632961197214995,0.6891273235643609,97,y_summaries
y_mean,0.0602444220293541,0.3827835518880752,97,y_summaries
y_sd,0.027632961197214995,0.6891273235643609,97,y_summaries
income_mean,0.015288798229810115,0.8248548989474772,98,y_summaries
income_sd,-0.04068194702208115,0.5558076355037673,98,y_summaries
y_mean,0.015288798229810115,0.8248548989474772,98,y_summaries
y_sd,-0.04068194702208115,0.5558076355037673,98,y_summaries
income_mean,0.06542444164834904,0.3431404891292786,99,y_summaries
income_sd,0.00015116844127855759,0.9982542040384151,99,y_summaries
y_mean,0.06542444164834904,0.3431404891292786,99,y_summaries
y_sd,0.00015116844127855759,0.9982542040384151,99,y_summaries
income_mean,0.03541342305969293,0.6081335113865117,100,y_summaries
income_sd,-0.009795714994850529,0.8872475353191758,100,y_summaries
y_mean,0.03541342305969293,0.6081335113865117,100,y_summaries
y_sd,-0.009795714994850529,0.8872475353191758,100,y_summaries
income_mean,0.03896336307346706,0.5726348364974753,101,y_summaries
income_sd,-0.004502300076079706,0.9480408511573707,101,y_summaries
y_mean,0.03896336307346706,0.5726348364974753,101,y_summaries
y_sd,-0.004502300076079706,0.9480408511573707,101,y_summaries
income_mean,0.04735447394349879,0.4928392731817661,102,y_summaries
income_sd,0.023749191993366718,0.7309985607512653,102,y_summaries
y_mean,0.04735447394349879,0.4928392731817661,102,y_summaries
y_sd,0.023749191993366718,0.7309985607512653,102,y_summaries
income_mean,0.0733349832973221,0.28783076725639206,103,y_summaries
income_sd,0.039592904376370204,0.5664429883036777,103,y_summaries
y_mean,0.0733349832973221,0.28783076725639206,103,y_summaries
y_sd,0.039592904376370204,0.5664429883036777,103,y_summaries
income_mean,0.02670674796913231,0.6990330555233276,104,y_summaries
income_sd,-0.056857600107392124,0.4101491684702093,104,y_summaries
y_mean,0.02670674796913231,0.6990330555233276,104,y_summaries
y_sd,-0.056857600107392124,0.4101491684702093,104,y_summaries
income_mean,0.013828461162478498,0.8413518572434273,105,y_summaries
income_sd,-0.06103992698276556,0.37652073400927777,105,y_summaries
y_mean,0.013828461162478498,0.8413518572434273,105,y_summaries
y_sd,-0.06103992698276556,0.37652073400927777,105,y_summaries
income_mean,0.02655903539563191,0.7006175894392002,106,y_summaries
income_sd,-0.024286469828410925,0.7251551220308204,106,y_summaries
y_mean,0.02655903539563191,0.7006175894392002,106,y_summaries
y_sd,-0.024286469828410925,0.7251551220308204,106,y_summaries
income_mean,0.05519067048561445,0.42403138032089227,107,y_summaries
income_sd,0.03605052390240934,0.6016912946765264,107,y_summaries
y_mean,0.05519067048561445,0.42403138032089227,107,y_summaries
y_sd,0.03605052390240934,0.6016912946765264,107,y_summaries
income_mean,0.03137975376188524,0.649608079815169,108,y_summaries
income_sd,-0.020323337192891408,0.768610330684029,108,y_summaries
y_mean,0.03137975376188524,0.649608079815169,108,y_summaries
y_sd,-0.020323337192891408,0.768610330684029,108,y_summaries
income_mean,0.030837741862024,0.655267986532146,109,y_summaries
income_sd,-0.005783452615915481,0.9332860705842073,109,y_summaries
y_mean,0.030837741862024,0.655267986532146,109,y_summaries
y_sd,-0.005783452615915481,0.9332860705842073,109,y_summaries
income_mean,0.02176731759510522,0.752685388454578,110,y_summaries
income_sd,-0.024688325934809758,0.7207948736914931,110,y_summaries
y_mean,0.02176731759510522,0.752685388454578,110,y_summaries
y_sd,-0.024688325934809758,0.7207948736914931,110,y_summaries
income_mean,0.05540323372859135,0.4222461229558988,111,y_summaries
income_sd,0.01922421665109523,0.7807977044332736,111,y_summaries
y_mean,0.05540323372859135,0.4222461229558988,111,y_summaries
y_sd,0.01922421665109523,0.7807977044332736,111,y_summaries
income_mean,0.07918706848975106,0.25098178123565534,112,y_summaries
income_sd,0.03631254920062551,0.5990506546600594,112,y_summaries
y_mean,0.07918706848975106,0.25098178123565534,112,y_summaries
y_sd,0.03631254920062551,0.5990506546600594,112,y_summaries
income_mean,0.055019643808846996,0.4254709604778988,113,y_summaries
income_sd,0.007966576855379983,0.9081985066566671,113,y_summaries
y_mean,0.055019643808846996,0.4254709604778988,113,y_summaries
y_sd,0.007966576855379983,0.9081985066566671,113,y_summaries
income_mean,0.04347730344872381,0.5289601272455321,114,y_summaries
income_sd,-0.016062906622857396,0.816140607857456,114,y_summaries
y_mean,0.04347730344872381,0.5289601272455321,114,y_summaries
y_sd,-0.016062906622857396,0.816140607857456,114,y_summaries
income_mean,0.03678874137411376,0.5942650849526941,115,y_summaries
income_sd,-0.009709423009620686,0.8882342850279671,115,y_summaries
y_mean,0.03678874137411376,0.5942650849526941,115,y_summaries
y_sd,-0.009709423009620686,0.8882342850279671,115,y_summaries
income_mean,0.046278328691914415,0.5027315770354183,116,y_summaries
income_sd,0.018871490288111924,0.7847203567747673,116,y_summaries
y_mean,0.046278328691914415,0.5027315770354183,116,y_summaries
y_sd,0.018871490288111924,0.7847203567747673,116,y_summaries
income_mean,0.046151095253838294,0.5039080010904565,117,y_summaries
income_sd,0.015924965420190708,0.8176918202382188,117,y_summaries
y_mean,0.046151095253838294,0.5039080010904565,117,y_summaries
y_sd,0.015924965420190708,0.8176918202382188,117,y_summaries
income_mean,0.03905436680431535,0.5717378005427862,118,y_summaries
income_sd,-0.018962191352879066,0.783711151708432,118,y_summaries
y_mean,0.03905436680431535,0.5717378005427862,118,y_summaries
y_sd,-0.018962191352879066,0.783711151708432,118,y_summaries
income_mean,0.021867144899448677,0.7515882082796843,119,y_summaries
income_sd,-0.015044409249743113,0.8276105448518027,119,y_summaries
y_mean,0.021867144899448677,0.7515882082796843,119,y_summaries
y_sd,-0.015044409249743113,0.8276105448518027,119,y_summaries
income_mean,0.018021167805920044,0.7941989196148602,120,y_summaries
income_sd,-0.022096417035387825,0.7490702179200299,120,y_summaries
y_mean,0.018021167805920044,0.7941989196148602,120,y_summaries
y_sd,-0.022096417035387825,0.7490702179200299,120,y_summaries
income_mean,0.034374443809733334,0.6187043327960131,121,y_summaries
income_sd,-0.036015251266111006,0.6020471631871612,121,y_summaries
y_mean,0.034374443809733334,0.6187043327960131,121,y_summaries
y_sd,-0.036015251266111006,0.6020471631871612,121,y_summaries
income_mean,0.03472465069869533,0.6151323387601048,122,y_summaries
income_sd,0.0020521115903564184,0.9763042603705974,122,y_summaries
y_mean,0.03472465069869533,0.6151323387601048,122,y_summaries
y_sd,0.0020521115903564184,0.9763042603705974,122,y_summaries
income_mean,0.06408534120602317,0.35313023040778135,123,y_summaries
income_sd,0.047356663573034787,0.4928192514710843,123,y_summaries
y_mean,0.06408534120602317,0.35313023040778135,123,y_summaries
y_sd,0.047356663573034787,0.4928192514710843,123,y_summaries
income_mean,0.0481178899629378,0.4858849924884137,124,y_summaries
income_sd,0.004533793501346073,0.947677914693795,124,y_summaries
y_mean,0.0481178899629378,0.4858849924884137,124,y_summaries
y_sd,0.004533793501346073,0.947677914693795,124,y_summaries
income_mean,0.04405301713331478,0.5235132967242493,125,y_summaries
income_sd,-0.010706504853553837,0.8768435141061552,125,y_summaries
y_mean,0.04405301713331478,0.5235132967242493,125,y_summaries
y_sd,-0.010706504853553837,0.8768435141061552,125,y_summaries
income_mean,0.03939671274157859,0.568369206010414,126,y_summaries
income_sd,-0.009397638099483659,0.8918009710774477,126,y_summaries
y_mean,0.03939671274157859,0.568369206010414,126,y_summaries
y_sd,-0.009397638099483659,0.8918009710774477,126,y_summaries
income_mean,0.012045609088611839,0.8615856091780263,127,y_summaries
income_sd,-0.02769846752176904,0.6884287172400276,127,y_summaries
y_mean,0.012045609088611839,0.8615856091780263,127,y_summaries
y_sd,-0.02769846752176904,0.6884287172400276,127,y_summaries
income_mean,0.046822234888914134,0.49771881568926873,128,y_summaries
income_sd,-0.006930443164116537,0.9200955369324422,128,y_summaries
y_mean,0.046822234888914134,0.49771881568926873,128,y_summaries
y_sd,-0.006930443164116537,0.9200955369324422,128,y_summaries
income_mean,0.024975553837148955,0.7176838768014239,129,y_summaries
income_sd,-0.029079139285446528,0.6737664342321525,129,y_summaries
y_mean,0.024975553837148955,0.7176838768014239,129,y_summaries
y_sd,-0.029079139285446528,0.6737664342321525,129,y_summaries
income_mean,0.056935073933547395,0.40951055595496577,130,y_summaries
income_sd,-0.030200935093434494,0.6619429666116348,130,y_summaries
y_mean,0.056935073933547395,0.40951055595496577,130,y_summaries
y_sd,-0.030200935093434494,0.6619429666116348,130,y_summaries
income_mean,0.026748319303573243,0.6985873481230434,131,y_summaries
income_sd,-0.04516346143748504,0.5130886739519401,131,y_summaries
y_mean,0.026748319303573243,0.6985873481230434,131,y_summaries
y_sd,-0.04516346143748504,0.5130886739519401,131,y_summaries
income_mean,0.037319708940643896,0.5889496007631732,132,y_summaries
income_sd,-0.0069065081609140985,0.920370582224318,132,y_summaries
y_mean,0.037319708940643896,0.5889496007631732,132,y_summaries
y_sd,-0.0069065081609140985,0.920370582224318,132,y_summaries
income_mean,0.04771286923587592,0.4895679192258548,133,y_summaries
income_sd,-0.004591741403836186,0.9470101398187022,133,y_summaries
y_mean,0.04771286923587592,0.4895679192258548,133,y_summaries
y_sd,-0.004591741403836186,0.9470101398187022,133,y_summaries
income_mean,0.054712897846752595,0.42806001330592586,134,y_summaries
income_sd,0.0042308267502836295,0.9511697994483904,134,y_summaries
y_mean,0.054712897846752595,0.42806001330592586,134,y_summaries
y_sd,0.0042308267502836295,0.9511697994483904,134,y_summaries
income_mean,0.049638062928583616,0.4721955250397358,135,y_summaries
income_sd,0.006020913042423882,0.9305536327813044,135,y_summaries
y_mean,0.049638062928583616,0.4721955250397358,135,y_summaries
y_sd,0.006020913042423882,0.9305536327813044,135,y_summaries
income_mean,0.001169665814392839,0.9864925336828274,136,y_summaries
income_sd,-0.04750783201431334,0.49143803227091615,136,y_summaries
y_mean,0.001169665814392839,0.9864925336828274,136,y_summaries
y_sd,-0.04750783201431334,0.49143803227091615,136,y_summaries
income_mean,0.004247519603067033,0.9509773788425774,137,y_summaries
income_sd,-0.06267317601707931,0.36386074003633734,137,y_summaries
y_mean,0.004247519603067033,0.9509773788425774,137,y_summaries
y_sd,-0.06267317601707931,0.36386074003633734,137,y_summaries
income_mean,0.04179306138376758,0.545057454647463,138,y_summaries
income_sd,-0.019098872818535093,0.7821910183286568,138,y_summaries
y_mean,0.04179306138376758,0.545057454647463,138,y_summaries
y_sd,-0.019098872818535093,0.7821910183286568,138,y_summaries
income_mean,0.025611737356291454,0.7108098954110151,139,y_summaries
income_sd,-0.02847824473136426,0.6801330221732202,139,y_summaries
y_mean,0.025611737356291454,0.7108098954110151,139,y_summaries
y_sd,-0.02847824473136426,0.6801330221732202,139,y_summaries
income_mean,0.07197955117468197,0.2968577239910096,140,y_summaries
income_sd,0.06804469463051073,0.3241176669190454,140,y_summaries
y_mean,0.07197955117468197,0.2968577239910096,140,y_summaries
y_sd,0.06804469463051073,0.3241176669190454,140,y_summaries
income_mean,0.04716392381040463,0.49458329725406813,141,y_summaries
income_sd,-0.012211890581286142,0.859694434210404,141,y_summaries
y_mean,0.04716392381040463,0.49458329725406813,141,y_summaries
y_sd,-0.012211890581286142,0.859694434210404,141,y_summaries
income_mean,0.07142708850411846,0.3005903848607668,142,y_summaries
income_sd,0.029251723255906217,0.671942131265018,142,y_summaries
y_mean,0.07142708850411846,0.3005903848607668,142,y_summaries
y_sd,0.029251723255906217,0.671942131265018,142,y_summaries
income_mean,0.0399944581413429,0.5625102389326163,143,y_summaries
income_sd,-0.010679420507824763,0.8771526051471819,143,y_summaries
y_mean,0.0399944581413429,0.5625102389326163,143,y_summaries
y_sd,-0.010679420507824763,0.8771526051471819,143,y_summaries
income_mean,0.02914716508402188,0.6730471377046247,144,y_summaries
income_sd,-0.041326932371536326,0.5495548135523405,144,y_summaries
y_mean,0.02914716508402188,0.6730471377046247,144,y_summaries
y_sd,-0.041326932371536326,0.5495548135523405,144,y_summaries
income_mean,0.04394214640565537,0.5245600199278176,145,y_summaries
income_sd,0.001348548469905799,0.9844270146483014,145,y_summaries
y_mean,0.04394214640565537,0.5245600199278176,145,y_summaries
y_sd,0.001348548469905799,0.9844270146483014,145,y_summaries
income_mean,0.024813039898864568,0.7194435159332615,146,y_summaries
income_sd,-0.054523937295154395,0.4296594336648696,146,y_summaries
y_mean,0.024813039898864568,0.7194435159332615,146,y_summaries
y_sd,-0.054523937295154395,0.4296594336648696,146,y_summaries
income_mean,0.06781766974107131,0.32573834140025065,147,y_summaries
income_sd,0.028339043791686922,0.6816111374605666,147,y_summaries
y_mean,0.06781766974107131,0.32573834140025065,147,y_summaries
y_sd,0.028339043791686922,0.6816111374605666,147,y_summaries
income_mean,0.05388937871172401,0.43505568992323007,148,y_summaries
income_sd,-0.02276596725655077,0.7417321343655886,148,y_summaries
y_mean,0.05388937871172401,0.43505568992323007,148,y_summaries
y_sd,-0.02276596725655077,0.7417321343655886,148,y_summaries
income_mean,0.020517966561037552,0.7664580327532892,149,y_summaries
income_sd,-0.034946994281075866,0.6128691925745895,149,y_summaries
y_mean,0.020517966561037552,0.7664580327532892,149,y_summaries
y_sd,-0.034946994281075866,0.6128691925745895,149,y_summaries
income_mean,0.023229550476471676,0.7366649714048484,150,y_summaries
income_sd,-0.03517752615402566,0.610526565134931,150,y_summaries
y_mean,0.023229550476471676,0.7366649714048484,150,y_summaries
y_sd,-0.03517752615402566,0.610526565134931,150,y_summaries
income_mean,0.05705322817038516,0.40853774844842466,151,y_summaries
income_sd,0.034945734544065216,0.6128820046416754,151,y_summaries
y_mean,0.05705322817038516,0.40853774844842466,151,y_summaries
y_sd,0.034945734544065216,0.6128820046416754,151,y_summaries
income_mean,0.07649534951788839,0.26750371487934826,152,y_summaries
income_sd,0.04692142443585361,0.49680751905409976,152,y_summaries
y_mean,0.07649534951788839,0.26750371487934826,152,y_summaries
y_sd,0.04692142443585361,0.49680751905409976,152,y_summaries
income_mean,0.03377167028362795,0.6248733803234231,153,y_summaries
income_sd,0.0052959343927921326,0.9388983147183829,153,y_summaries
y_mean,0.03377167028362795,0.6248733803234231,153,y_summaries
y_sd,0.0052959343927921326,0.9388983147183829,153,y_summaries
income_mean,0.02943218984982795,0.6700365545398671,154,y_summaries
income_sd,-0.03912617181392266,0.5710304774850291,154,y_summaries
y_mean,0.02943218984982795,0.6700365545398671,154,y_summaries
y_sd,-0.03912617181392266,0.5710304774850291,154,y_summaries
income_mean,0.04764451347996937,0.4901909586336028,155,y_summaries
income_sd,0.0009574001280975311,0.9889436348123088,155,y_summaries
y_mean,0.04764451347996937,0.4901909586336028,155,y_summaries
y_sd,0.0009574001280975311,0.9889436348123088,155,y_summaries
income_mean,0.046835762319129094,0.49759448141938234,156,y_summaries
income_sd,-0.0162336009878011,0.8142220614309996,156,y_summaries
y_mean,0.046835762319129094,0.49759448141938234,156,y_summaries
y_sd,-0.0162336009878011,0.8142220614309996,156,y_summaries
income_mean,0.014007335166131268,0.8393273010928763,157,y_summaries
income_sd,-0.08691429531310667,0.20752662200813377,157,y_summaries
y_mean,0.014007335166131268,0.8393273010928763,157,y_summaries
y_sd,-0.08691429531310667,0.20752662200813377,157,y_summaries
income_mean,0.03301014862719435,0.6327045478905758,158,y_summaries
income_sd,-0.020822193049110645,0.7630973483084033,158,y_summaries
y_mean,0.03301014862719435,0.6327045478905758,158,y_summaries
y_sd,-0.020822193049110645,0.7630973483084033,158,y_summaries
income_mean,0.03491487098730418,0.6131959369690314,159,y_summaries
income_sd,-0.008974996332409028,0.8966392705395867,159,y_summaries
y_mean,0.03491487098730418,0.6131959369690314,159,y_summaries
y_sd,-0.008974996332409028,0.8966392705395867,159,y_summaries
income_mean,0.06276519610643182,0.3631554087055667,160,y_summaries
income_sd,0.04118899116886964,0.5508891877540374,160,y_summaries
y_mean,0.06276519610643182,0.3631554087055667,160,y_summaries
y_sd,0.04118899116886964,0.5508891877540374,160,y_summaries
income_mean,0.030206603909982435,0.6618834275156202,161,y_summaries
income_sd,-0.03022298049112095,0.6617114376065419,161,y_summaries
y_mean,0.030206603909982435,0.6618834275156202,161,y_summaries
y_sd,-0.03022298049112095,0.6617114376065419,161,y_summaries
income_mean,0.040704622288272936,0.5555872263059369,162,y_summaries
income_sd,-0.0018448848521037296,0.9786965119023533,162,y_summaries
y_mean,0.040704622288272936,0.5555872263059369,162,y_summaries
y_sd,-0.0018448848521037296,0.9786965119023533,162,y_summaries
income_mean,0.06788913848556002,0.3252275804360389,163,y_summaries
income_sd,0.024159866258840135,0.7265306478889517,163,y_summaries
y_mean,0.06788913848556002,0.3252275804360389,163,y_summaries
y_sd,0.024159866258840135,0.7265306478889517,163,y_summaries
income_mean,0.03254090683669491,0.6375505441114413,164,y_summaries
income_sd,-0.04196876837846487,0.5433668994732087,164,y_summaries
y_mean,0.03254090683669491,0.6375505441114413,164,y_summaries
y_sd,-0.04196876837846487,0.5433668994732087,164,y_summaries
income_mean,0.02982083761902859,0.665939923218522,165,y_summaries
income_sd,-0.02157047683343951,0.754850274447706,165,y_summaries
y_mean,0.02982083761902859,0.665939923218522,165,y_summaries
y_sd,-0.02157047683343951,0.754850274447706,165,y_summaries
income_mean,0.058404557156476036,0.397509238664698,166,y_summaries
income_sd,-0.004883370521802736,0.943650060663601,166,y_summaries
y_mean,0.058404557156476036,0.397509238664698,166,y_summaries
y_sd,-0.004883370521802736,0.943650060663601,166,y_summaries
income_mean,0.0022202864812788142,0.9743629828281667,167,y_summaries
income_sd,-0.06120558239966665,0.37522450958656417,167,y_summaries
y_mean,0.0022202864812788142,0.9743629828281667,167,y_summaries
y_sd,-0.06120558239966665,0.37522450958656417,167,y_summaries
income_mean,0.057488728349730116,0.4049639310172504,168,y_summaries
income_sd,0.02821495969613744,0.6829297572487611,168,y_summaries
y_mean,0.057488728349730116,0.4049639310172504,168,y_summaries
y_sd,0.02821495969613744,0.6829297572487611,168,y_summaries
income_mean,0.01891810055750615,0.7842016925014204,169,y_summaries
income_sd,-0.021736762118845922,0.7530213163315743,169,y_summaries
y_mean,0.01891810055750615,0.7842016925014204,169,y_summaries
y_sd,-0.021736762118845922,0.7530213163315743,169,y_summaries
income_mean,0.04259800701528686,0.5373340549790631,170,y_summaries
income_sd,-0.008766509857145681,0.8990273903224548,170,y_summaries
y_mean,0.04259800701528686,0.5373340549790631,170,y_summaries
y_sd,-0.008766509857145681,0.8990273903224548,170,y_summaries
income_mean,0.03030770734790212,0.660821903546135,171,y_summaries
income_sd,-0.03449978764229347,0.6174248334869437,171,y_summaries
y_mean,0.03030770734790212,0.660821903546135,171,y_summaries
y_sd,-0.03449978764229347,0.6174248334869437,171,y_summaries
income_mean,0.01884692541640416,0.784993745080156,172,y_summaries
income_sd,-0.05675871075205574,0.41096516121944454,172,y_summaries
y_mean,0.01884692541640416,0.784993745080156,172,y_summaries
y_sd,-0.05675871075205574,0.41096516121944454,172,y_summaries
income_mean,0.018505536686516753,0.7887958537563972,173,y_summaries
income_sd,-0.0389542177119683,0.5727250202203037,173,y_summaries
y_mean,0.018505536686516753,0.7887958537563972,173,y_summaries
y_sd,-0.0389542177119683,0.5727250202203037,173,y_summaries
income_mean,0.03389639495972168,0.6235947314692787,174,y_summaries
income_sd,-0.005753218927659769,0.9336340238645445,174,y_summaries
y_mean,0.03389639495972168,0.6235947314692787,174,y_summaries
y_sd,-0.005753218927659769,0.9336340238645445,174,y_summaries
income_mean,0.04585790590362525,0.5066243660559169,175,y_summaries
income_sd,-0.025050500325372965,0.7168728848374408,175,y_summaries
y_mean,0.04585790590362525,0.5066243660559169,175,y_summaries
y_sd,-0.025050500325372965,0.7168728848374408,175,y_summaries
income_mean,0.015887808180879787,0.8181097919908747,176,y_summaries
income_sd,-0.0523823843770415,0.4480255691507916,176,y_summaries
y_mean,0.015887808180879787,0.8181097919908747,176,y_summaries
y_sd,-0.0523823843770415,0.4480255691507916,176,y_summaries
income_mean,0.07869703079260641,0.25393577947490753,177,y_summaries
income_sd,0.027032696511638053,0.6955411689419347,177,y_summaries
y_mean,0.07869703079260641,0.25393577947490753,177,y_summaries
y_sd,0.027032696511638053,0.6955411689419347,177,y_summaries
income_mean,0.07881767542824772,0.25320630132863625,178,y_summaries
income_sd,-0.002121397125942424,0.9755044655755074,178,y_summaries
y_mean,0.07881767542824772,0.25320630132863625,178,y_summaries
y_sd,-0.002121397125942424,0.9755044655755074,178,y_summaries
income_mean,0.008132862140786396,0.9062910283395019,179,y_summaries
income_sd,-0.06245083243469877,0.36556850467081703,179,y_summaries
y_mean,0.008132862140786396,0.9062910283395019,179,y_summaries
y_sd,-0.06245083243469877,0.36556850467081703,179,y_summaries
income_mean,0.012710443509450674,0.854029054668053,180,y_summaries
income_sd,-0.06120558239966665,0.37522450958656417,180,y_summaries
y_mean,0.012710443509450674,0.854029054668053,180,y_summaries
y_sd,-0.06120558239966665,0.37522450958656417,180,y_summaries
income_mean,0.05712501526116358,0.4079473665677882,181,y_summaries
income_sd,0.016081802678017214,0.8159281685564154,181,y_summaries
y_mean,0.05712501526116358,0.4079473665677882,181,y_summaries
y_sd,0.016081802678017214,0.8159281685564154,181,y_summaries
income_mean,0.05847449097209625,0.3969433853746939,182,y_summaries
income_sd,-0.015077162412020135,0.8272411084020493,182,y_summaries
y_mean,0.05847449097209625,0.3969433853746939,182,y_summaries
y_sd,-0.015077162412020135,0.8272411084020493,182,y_summaries
income_mean,0.04895245084466006,0.47834334005486623,183,y_summaries
income_sd,0.01838145259096727,0.7901790447524031,183,y_summaries
y_mean,0.04895245084466006,0.47834334005486623,183,y_summaries
y_sd,0.01838145259096727,0.7901790447524031,183,y_summaries
income_mean,0.042162781153659686,0.5415032318471235,184,y_summaries
income_sd,-0.013758217761864719,0.8421471813665263,184,y_summaries
y_mean,0.042162781153659686,0.5415032318471235,184,y_summaries
y_sd,-0.013758217761864719,0.8421471813665263,184,y_summaries
income_mean,0.07182395089207587,0.29790589509551235,185,y_summaries
income_sd,0.03061727817545585,0.6575758177676367,185,y_summaries
y_mean,0.07182395089207587,0.29790589509551235,185,y_summaries
y_sd,0.03061727817545585,0.6575758177676367,185,y_summaries
income_mean,0.0393809784236588,0.5685238207980345,186,y_summaries
income_sd,-0.04961600190164389,0.4723926687526885,186,y_summaries
y_mean,0.0393809784236588,0.5685238207980345,186,y_summaries
y_sd,-0.04961600190164389,0.4723926687526885,186,y_summaries
income_mean,0.08080205133741031,0.24141539270210363,187,y_summaries
income_sd,0.04824351842853566,0.48474566147833975,187,y_summaries
y_mean,0.08080205133741031,0.24141539270210363,187,y_summaries
y_sd,0.04824351842853566,0.48474566147833975,187,y_summaries
income_mean,0.01680239341001611,0.8078370715849116,188,y_summaries
income_sd,-0.037343014075341005,0.5887167944157236,188,y_summaries
y_mean,0.01680239341001611,0.8078370715849116,188,y_summaries
y_sd,-0.037343014075341005,0.5887167944157236,188,y_summaries
income_mean,0.06562853970815843,0.34163380879564464,189,y_summaries
income_sd,0.03787588283084792,0.583405258763378,189,y_summaries
y_mean,0.06562853970815843,0.34163380879564464,189,y_summaries
y_sd,0.03787588283084792,0.583405258763378,189,y_summaries
income_mean,0.04161858769792083,0.5467387051062504,190,y_summaries
income_sd,-0.018372634431892687,0.790277367626722,190,y_summaries
y_mean,0.04161858769792083,0.5467387051062504,190,y_summaries
y_sd,-0.018372634431892687,0.790277367626722,190,y_summaries
income_mean,0.018872126098775775,0.7847132810364742,191,y_summaries
income_sd,-0.02441559287200303,0.723753128946056,191,y_summaries
y_mean,0.018872126098775775,0.7847132810364742,191,y_summaries
y_sd,-0.02441559287200303,0.723753128946056,191,y_summaries
income_mean,0.03518823391861623,0.6104178504920432,192,y_summaries
income_sd,-0.03218942996475285,0.6411904659408675,192,y_summaries
y_mean,0.03518823391861623,0.6104178504920432,192,y_summaries
y_sd,-0.03218942996475285,0.6411904659408675,192,y_summaries
income_mean,0.06048282733368581,0.3809000272109658,193,y_summaries
income_sd,0.01813265453136298,0.7929544219498688,193,y_summaries
y_mean,0.06048282733368581,0.3809000272109658,193,y_summaries
y_sd,0.01813265453136298,0.7929544219498688,193,y_summaries
income_mean,0.06563076491341818,0.3416174052178708,194,y_summaries
income_sd,0.014650111565408208,0.8320609411035881,194,y_summaries
y_mean,0.06563076491341818,0.3416174052178708,194,y_summaries
y_sd,0.014650111565408208,0.8320609411035881,194,y_summaries
income_mean,0.02788868781037789,0.6864015691191431,195,y_summaries
income_sd,0.004773773401875783,0.9449126982494918,195,y_summaries
y_mean,0.02788868781037789,0.6864015691191431,195,y_summaries
y_sd,0.004773773401875783,0.9449126982494918,195,y_summaries
income_mean,0.045553979910787995,0.509448251435108,196,y_summaries
income_sd,-0.004702598260773795,0.9457327608214566,196,y_summaries
y_mean,0.045553979910787995,0.509448251435108,196,y_summaries
y_sd,-0.004702598260773795,0.9457327608214566,196,y_summaries
income_mean,0.060343941284530876,0.3819966104986364,197,y_summaries
income_sd,1.1337633095891817e-05,0.9998690651997382,197,y_summaries
y_mean,0.060343941284530876,0.3819966104986364,197,y_summaries
y_sd,1.1337633095891817e-05,0.9998690651997382,197,y_summaries
income_mean,0.045379506334812324,0.5110730371140199,198,y_summaries
income_sd,-0.00012723343807611928,0.9985306213929019,198,y_summaries
y_mean,0.045379506334812324,0.5110730371140199,198,y_summaries
y_sd,-0.00012723343807611928,0.9985306213929019,198,y_summaries
income_mean,0.05179975600961373,0.4530977935233353,199,y_summaries
income_sd,-0.005953517112353858,0.9313290710713854,199,y_summaries
y_mean,0.05179975600961373,0.4530977935233353,199,y_summaries
y_sd,-0.005953517112353858,0.9313290710713854,199,y_summaries
