puma,N_j,age_mean,age_sd,hours_mean,hours_sd,entry_recency_mean,entry_recency_sd,age_sq_mean,age_sq_sd,prop_female,prop_married,prop_educ_BAplus,prop_educ_SomeCollege,english_mean,resid_mean,resid_sd,resid_q25,resid_median,resid_q75,prop_educ_<HS,prop_educ_HS
101,27,32.96296296296296,8.604477731799708,47.111111111111114,12.463279397226612,2.0,2.1303665267886505,1157.851851851852,679.7306425627335,0.37037037037037035,0.6666666666666666,0.8888888888888888,0.1111111111111111,1.4074074074074074,-0.24831317107378054,0.7493615307158632,-0.6250010021484487,-0.3321121508168403,0.10049206880032457,,
102,26,30.346153846153847,3.2241874349027255,43.65384615384615,6.566230624596171,3.769230769230769,2.006144407717297,930.8846153846154,199.96026143673183,0.3076923076923077,0.4230769230769231,0.8076923076923077,0.07692307692307693,1.2692307692307692,-0.03095608494976254,0.809282495967896,-0.38159678075315995,-0.053829134257477484,0.47394475806688297,0.11538461538461539,
105,25,39.12,7.518421820213779,41.0,2.5,3.08,1.5253414918196733,1584.64,609.6562474050438,0.44,0.56,0.56,0.04,1.96,-0.14209937835796915,0.6344788102048338,-0.5070216542550465,0.10114709419608481,0.2846783090387497,0.16,0.24
107,23,32.43478260869565,6.781164333897252,40.65217391304348,2.2884829364008,3.782608695652174,1.8329440238224415,1096.0,514.0263523488761,0.391304347826087,0.6521739130434783,0.4782608695652174,0.21739130434782608,1.565217391304348,-0.16470030091503557,0.6292410182656041,-0.5849368670075314,-0.012943960263925192,0.24494275229874596,0.08695652173913043,0.21739130434782608
108,48,33.708333333333336,5.414552233243744,41.666666666666664,5.0878801894988674,3.5833333333333335,1.7725247449982766,1164.9583333333333,395.7878734627197,0.4791666666666667,0.8541666666666666,0.8541666666666666,0.0625,1.3125,0.010073308631335006,0.5867008281830312,-0.23837910395322792,0.056957820727379094,0.37600635685593353,0.020833333333333332,0.0625
109,87,34.67816091954023,7.020723895747177,41.747126436781606,4.710745733697456,3.4827586206896552,1.7378285633160555,1251.2988505747126,532.2745863097557,0.3103448275862069,0.7816091954022989,0.9310344827586207,0.011494252873563218,1.3333333333333333,0.03431521379242266,0.6659305769172335,-0.07370864183631198,0.21160343500936563,0.4111915403162598,0.034482758620689655,0.022988505747126436
110,35,34.82857142857143,5.376887981885795,41.142857142857146,2.9915848361583812,3.257142857142857,2.105215612023919,1241.1142857142856,392.42487264732455,0.3142857142857143,0.8,0.8571428571428571,0.08571428571428572,1.2571428571428571,0.0949457130663016,0.5397390245795136,-0.17939990701673647,0.024374104815684916,0.38937559220489426,0.02857142857142857,0.02857142857142857
1305,23,36.56521739130435,7.310180242501931,40.0,0.0,3.608695652173913,2.0391426548425735,1388.1304347826087,563.232497153531,0.34782608695652173,0.9130434782608695,1.0,,1.0869565217391304,0.1884846836697059,0.407285974725491,-0.03783549271070097,0.061719646607315326,0.38089020174360133,,
3714,24,36.375,6.870304720790901,40.625,2.242136015732203,3.2916666666666665,1.966660525659781,1368.375,525.344840164017,0.5416666666666666,0.7916666666666666,0.5416666666666666,0.125,2.0416666666666665,0.03122944399106557,0.895208836215653,-0.4989475303541173,-0.03326589849325057,0.48024621556802316,0.125,0.20833333333333334
3717,29,38.96551724137931,10.015997056925237,43.206896551724135,5.101675567503201,3.5172413793103448,1.8635735574269363,1615.1724137931035,775.3515363537423,0.3448275862068966,0.6551724137931034,0.5517241379310345,0.06896551724137931,2.3793103448275863,0.0032206927709038085,0.8073241489924506,-0.6305974685643427,0.07000178867659024,0.4866004606750689,0.10344827586206896,0.27586206896551724
3719,35,39.94285714285714,8.415471945602746,42.57142857142857,5.473388638976527,3.257142857142857,1.9302980133046987,1664.2285714285715,660.6546256961965,0.3142857142857143,0.7142857142857143,0.42857142857142855,0.2857142857142857,1.7714285714285714,-0.1229620925743451,0.7782903376253805,-0.6176075821464142,-0.19796181325398265,0.29158256450934505,0.05714285714285714,0.22857142857142856
3725,21,35.095238095238095,9.544133076947125,41.142857142857146,4.4077853201547175,3.380952380952381,1.5644868320376006,1318.4285714285713,731.374293465977,0.47619047619047616,0.5714285714285714,0.5238095238095238,0.14285714285714285,2.0,0.016766597522108316,0.5097190105008463,-0.3254996602056224,-0.0961367374566855,0.16363190328701904,0.14285714285714285,0.19047619047619047
3729,33,34.78787878787879,6.863661448880508,46.121212121212125,12.67812480159619,2.6666666666666665,2.01038968030247,1255.878787878788,539.8999767072461,0.3939393939393939,0.6060606060606061,0.9696969696969697,0.030303030303030304,1.2727272727272727,-0.3547665936484971,0.6202370205340046,-0.6069528375945552,-0.3187565031177524,0.0679955626217481,,
3730,24,36.291666666666664,7.8711314399473435,41.875,4.121127958723669,2.625,1.8132963018384143,1376.4583333333333,609.3813669306921,0.4583333333333333,0.6666666666666666,0.7083333333333334,0.20833333333333334,1.5,-0.26705766860748853,0.4680720909238587,-0.5485450242262742,-0.24012348057101995,0.07114091379723986,0.041666666666666664,0.041666666666666664
3733,25,34.6,8.972179222463181,40.24,0.8793937305515279,3.12,1.8101565309847287,1274.44,673.6099316369971,0.28,0.32,0.52,0.04,1.96,-0.43355805826093047,0.6487741879985807,-0.7997816435901797,-0.16357967643259919,0.05260510510914784,0.24,0.2
3734,27,33.77777777777778,8.186918896974674,44.074074074074076,11.578912948598632,2.8518518518518516,1.6101529717988265,1205.4814814814815,639.9798296322958,0.2222222222222222,0.4444444444444444,0.2962962962962963,0.18518518518518517,2.888888888888889,-0.22912686322956544,0.7318896532952742,-0.6783852774606594,-0.09251393884286863,0.13371448131268604,0.25925925925925924,0.25925925925925924
3736,32,36.1875,7.760268951109129,40.96875,2.6818911839559494,3.5625,1.605183136974036,1367.875,598.2845234232137,0.46875,0.625,0.53125,0.09375,2.34375,-0.20946166658920906,0.5533872508649543,-0.40638241784975726,-0.25051055584474113,0.14386122820464342,0.21875,0.15625
3737,21,38.23809523809524,6.587144767687756,42.285714285714285,6.141195788629907,2.8095238095238093,1.3645163106041502,1503.4761904761904,510.9702162599714,0.6190476190476191,0.6666666666666666,0.23809523809523808,0.23809523809523808,2.7142857142857144,-0.10815159120326585,0.5852126406948637,-0.675910220198535,-0.024024818719778906,0.35652430304491034,0.14285714285714285,0.38095238095238093
3742,22,42.63636363636363,8.709849129661881,41.13636363636363,4.3457198926393525,2.272727272727273,1.804275825757042,1890.2727272727273,726.708180235216,0.22727272727272727,0.6818181818181818,0.22727272727272727,,2.5,-0.2341029835687724,0.560183659053149,-0.5485760738283574,-0.18176497193996077,0.24705045409247672,0.5909090909090909,0.18181818181818182
3744,21,32.57142857142857,4.738896797477537,43.42857142857143,8.298020417975776,3.8095238095238093,1.9395630337539334,1082.2857142857142,330.3460523234904,0.23809523809523808,0.5238095238095238,0.3333333333333333,0.23809523809523808,1.7142857142857142,-0.23654130776617582,0.5827789551099698,-0.7427523506246203,-0.13990155153933692,0.2749194213990638,0.2857142857142857,0.14285714285714285
3745,22,36.36363636363637,8.375391701119783,44.27272727272727,8.664002254439634,3.727272727272727,1.5486343655842065,1389.2727272727273,651.4618127768454,0.2727272727272727,0.5909090909090909,0.045454545454545456,0.09090909090909091,2.772727272727273,-0.24230996443879524,0.5885494053499826,-0.6604515887601106,-0.27764860576276273,0.14467357809429693,0.5,0.36363636363636365
3758,31,37.193548387096776,8.627163901842096,42.58064516129032,6.152366447410769,3.4193548387096775,1.857851690320249,1455.3870967741937,664.8344494393249,0.1935483870967742,0.7419354838709677,0.0967741935483871,0.3548387096774194,2.129032258064516,-0.25048108446958406,0.6353604062485133,-0.6490778518199889,-0.2535800220528124,0.013376450073241841,0.12903225806451613,0.41935483870967744
3761,26,38.61538461538461,6.400480751174387,41.46153846153846,4.536348921595597,3.076923076923077,1.3834182859302364,1530.5384615384614,506.00389174544745,0.3076923076923077,0.8076923076923077,0.7307692307692307,0.11538461538461539,1.8076923076923077,-0.15571234936956085,0.782757943000817,-0.41313538925358584,-0.0263209574065586,0.26083793640374164,0.038461538461538464,0.11538461538461539
5903,22,38.40909090909091,8.48336799081193,42.04545454545455,3.9937722081030667,2.8181818181818183,1.6223546566748692,1543.9545454545455,661.7140424881236,0.18181818181818182,0.9090909090909091,0.9090909090909091,0.045454545454545456,1.5454545454545454,-0.2662507381028506,0.6646786752050011,-0.8079818346059016,-0.1544456266154608,0.10804934852315373,,0.045454545454545456
5904,54,36.96296296296296,7.155847227671382,43.611111111111114,7.54962617259371,3.111111111111111,1.7119630866531244,1416.5185185185185,544.5286256744414,0.3333333333333333,0.7777777777777778,0.9259259259259259,0.05555555555555555,1.4814814814814814,-0.11819750740982161,0.6992341802973506,-0.3774228759891747,-0.03357046122643581,0.3386260323456063,0.018518518518518517,
5905,25,39.28,8.218475122146039,43.36,8.16945530620004,3.48,2.219609575278199,1607.76,661.7304511657296,0.48,0.8,0.52,0.2,1.8,-0.19484341097757985,0.6221220098240754,-0.5510167465779023,-0.39720106649153664,0.14313940618227683,0.12,0.16
7311,22,36.36363636363637,7.0814677960989245,42.59090909090909,6.83589330149595,2.6363636363636362,1.5597757636597747,1370.1818181818182,527.7923145260144,0.3181818181818182,0.5909090909090909,0.6818181818181818,0.13636363636363635,1.8181818181818181,-0.1847810757199273,0.5771595872442288,-0.5418180715095677,-0.15424798907898563,0.28549854675617325,0.09090909090909091,0.09090909090909091
7312,35,34.57142857142857,7.550947405636531,44.6,10.903857924930001,3.2,1.9822743918806704,1250.5714285714287,564.4751485028469,0.34285714285714286,0.6,0.8857142857142857,0.08571428571428572,1.3142857142857143,-0.2210280789098015,0.5825598551980854,-0.6673850600534479,-0.12734466418559975,0.1034091377492734,,0.02857142857142857
7503,22,33.54545454545455,6.871107713616576,43.40909090909091,7.774556125189589,2.5454545454545454,1.792239161529848,1170.3636363636363,503.6974285889293,0.2727272727272727,0.45454545454545453,0.6363636363636364,0.18181818181818182,1.5909090909090908,0.1386492585116705,0.5879147726834997,-0.1947557110216489,0.1895219094476932,0.58662752984297,0.09090909090909091,0.09090909090909091
7703,21,40.38095238095238,8.61670581182966,43.142857142857146,5.738342219541409,3.2857142857142856,1.820517979665599,1701.3333333333333,689.4488620146772,0.3333333333333333,0.6666666666666666,0.6666666666666666,0.14285714285714285,1.9047619047619047,-0.2361990816342012,0.8115272825506779,-0.8015843457304346,-0.03777532740453182,0.11116535048860321,0.09523809523809523,0.09523809523809523
8103,29,34.51724137931034,7.813087416339936,43.44827586206897,5.741989494047659,3.0689655172413794,1.8503095201065805,1250.3793103448277,612.0357373898722,0.5517241379310345,0.4827586206896552,0.7586206896551724,0.20689655172413793,1.5862068965517242,0.17394176619145868,0.7725217847380896,-0.19481361469796532,0.11461718699614742,0.6535390712308633,,0.034482758620689655
8104,37,33.62162162162162,6.201932276634755,43.432432432432435,7.661376945216618,2.7567567567567566,1.5528719880954165,1167.837837837838,446.2183392760839,0.40540540540540543,0.7027027027027027,0.8378378378378378,0.08108108108108109,1.3513513513513513,0.17833797024495013,0.6221288093181692,-0.05055119748242376,0.22261768235432022,0.4751691994167011,,0.08108108108108109
8105,28,33.285714285714285,6.011452914027203,43.464285714285715,6.18530003378466,3.0357142857142856,1.9528164438810074,1142.7857142857142,419.14855115639847,0.32142857142857145,0.6785714285714286,0.8571428571428571,0.10714285714285714,1.2857142857142858,0.28419651659182854,0.9205355501848409,-0.048199553949625606,0.39570809685091035,0.8298675244535536,0.03571428571428571,
8501,92,34.58695652173913,6.763106402968173,43.97826086956522,7.713237174586234,2.347826086956522,1.9240227010192126,1241.5,488.3988079473532,0.32608695652173914,0.6413043478260869,0.9456521739130435,0.03260869565217391,1.391304347826087,0.14159119482193,0.6937553848654214,-0.3057676300073595,0.2718657275677261,0.5506978085297667,0.010869565217391304,0.010869565217391304
8502,126,32.04761904761905,5.23657467107214,41.32539682539682,4.069062526094904,3.1746031746031744,1.906113805959613,1054.2539682539682,363.24387260369167,0.2619047619047619,0.6428571428571429,0.9206349206349206,0.047619047619047616,1.3650793650793651,0.2134474316663741,0.6449815906162221,-0.07695446941220441,0.294639083302914,0.5553858087008225,0.015873015873015872,0.015873015873015872
8503,110,31.145454545454545,4.734872315758767,41.63636363636363,5.310068802967015,3.2545454545454544,1.969661469708533,992.2545454545455,331.66337627575876,0.34545454545454546,0.7,0.990909090909091,0.00909090909090909,1.2727272727272727,0.028534939833114236,0.8153542933889371,-0.1622493470725237,0.23065630471860388,0.5005946299374382,,
8504,65,32.41538461538462,5.364502270983266,41.89230769230769,4.0969618199156015,3.3846153846153846,2.0209241983272443,1079.0923076923077,377.05104607487016,0.4461538461538462,0.6461538461538462,0.8615384615384616,0.03076923076923077,1.4461538461538461,0.17363971865127634,0.5491561864300996,-0.05991408732345782,0.2679730670625169,0.5253597866432713,0.03076923076923077,0.07692307692307693
8507,32,37.875,6.272057850292785,42.34375,5.385819942368377,3.5625,1.8128128206134921,1472.625,493.4132436733514,0.25,0.90625,1.0,,1.25,0.38399773128610054,0.7926441890928484,0.13600430369963945,0.3481391157682614,0.7577756428224087,,
8508,37,37.945945945945944,6.3506165315133245,42.810810810810814,6.063725650849381,3.72972972972973,1.8203883689514755,1479.1351351351352,485.1952735275288,0.32432432432432434,0.8918918918918919,0.9459459459459459,0.02702702702702703,1.4594594594594594,0.34553137396945116,0.7561604569963798,0.14287704784377553,0.37713541277912377,0.8152496587973843,,0.02702702702702703
8509,33,31.545454545454547,5.2206974455700665,43.63636363636363,7.317864194123608,2.696969696969697,1.8789100644530674,1021.5454545454545,355.9183623835924,0.21212121212121213,0.48484848484848486,0.8484848484848485,,1.303030303030303,-0.10118348600707404,0.6103304343876784,-0.5254544917423836,-0.07431237670731683,0.40373362676888647,0.06060606060606061,0.09090909090909091
8510,31,34.0,7.136759301905405,42.903225806451616,5.7408178204252245,3.129032258064516,1.8572728301440795,1205.2903225806451,547.5861085131352,0.41935483870967744,0.7419354838709677,0.6451612903225806,0.03225806451612903,2.0,0.12240766064063395,0.5665191827617813,-0.11163317987447297,0.2037513954266572,0.5206129483281794,0.1935483870967742,0.12903225806451613
8511,22,36.5,7.5007936088059886,43.13636363636363,6.0733253976122,3.909090909090909,1.508991808147505,1385.9545454545455,578.6219653520585,0.3181818181818182,0.9090909090909091,0.8181818181818182,0.18181818181818182,1.4090909090909092,0.019882144970036254,0.7700658208700416,-0.4198572586933378,-0.029460942096011244,0.3549040173384448,,
8512,21,37.19047619047619,6.120613103432103,40.95238095238095,2.011869540407391,3.238095238095238,1.813966976126134,1418.8095238095239,470.7197275500166,0.23809523809523808,0.8571428571428571,0.9047619047619048,,1.380952380952381,0.4342632254188941,0.432063400605354,0.19591310947886775,0.40582108138146467,0.6358600924947986,0.047619047619047616,0.047619047619047616
