alpha,method,o,nominal_coverage,coverage_mean,coverage_std,coverage_se,coverage_n,width_mean,width_std,width_se,width_median,width_q25,width_q75,width_min,width_max,width_n_total,width_n_finite,width_n_infinite,width_finite_rate,width_infinite_rate
0.1,GHCP,0,0.9,0.975,0.15651673213169873,0.011039701082909813,200.0,529798.2206230982,244280.29915577095,17273.22560433241,430821.9476176496,314057.3784430581,785075.839957804,208700.41310643224,1003673.0684166402,200.0,200.0,0.0,1.0,0.0
0.1,GHCP,5,0.9,0.965,0.1842409390393201,0.012995191418367032,200.0,319537.73519359925,135869.15791487982,9607.40029157174,280776.9033591263,234338.05328212556,361599.43689863675,141697.12530583402,881750.2557930634,200.0,200.0,0.0,1.0,0.0
0.1,GHCP,10,0.9,0.95,0.21849186132974538,0.015411035007422448,200.0,255273.904442906,93939.51053704467,6642.526492208942,236691.75561564844,197947.63741364234,283932.9099387451,134368.90166945406,805715.6457347263,200.0,200.0,0.0,1.0,0.0
0.1,GHCP,15,0.9,0.955,0.2078243363368914,0.014658615214269054,200.0,211124.60429391437,56153.040017922445,3970.619538091253,203349.88657809442,174598.0839396154,240943.1469692023,112860.8340591794,448315.71852533094,200.0,200.0,0.0,1.0,0.0
0.1,GHCP,20,0.9,0.925,0.2640523018086611,0.01862458053218917,200.0,183790.10935430505,50047.16758527585,3538.869157872812,180750.2004553402,147803.78682582607,209322.76797630818,98443.09869506671,362544.1861690751,200.0,200.0,0.0,1.0,0.0
0.1,HCP,0,0.9,0.98,0.1403513179927839,0.009899494936611668,200.0,528823.1231511406,249778.8154614776,17662.02942095541,410182.55471136747,320599.06936581526,813152.2411120688,226351.1469709833,981321.0465553212,200.0,200.0,0.0,1.0,0.0
0.1,HCP,5,0.9,,,,0.0,,,,,,,,,0.0,0.0,0.0,,
0.1,HCP,10,0.9,,,,0.0,,,,,,,,,0.0,0.0,0.0,,
0.1,HCP,15,0.9,,,,0.0,,,,,,,,,0.0,0.0,0.0,,
0.1,HCP,20,0.9,,,,0.0,,,,,,,,,0.0,0.0,0.0,,
0.1,Pooled-Income-Quantile,0,0.9,0.915,0.2795815250436421,0.019719913792915014,200.0,180000.0,0.0,0.0,180000.0,180000.0,180000.0,180000.0,180000.0,200.0,200.0,0.0,1.0,0.0
0.1,Pooled-Income-Quantile,5,0.9,0.915,0.2795815250436421,0.019719913792915014,200.0,180000.0,0.0,0.0,180000.0,180000.0,180000.0,180000.0,180000.0,200.0,200.0,0.0,1.0,0.0
0.1,Pooled-Income-Quantile,10,0.9,0.915,0.2795815250436421,0.019719913792915014,200.0,180000.0,0.0,0.0,180000.0,180000.0,180000.0,180000.0,180000.0,200.0,200.0,0.0,1.0,0.0
0.1,Pooled-Income-Quantile,15,0.9,0.915,0.2795815250436421,0.019719913792915014,200.0,180000.0,0.0,0.0,180000.0,180000.0,180000.0,180000.0,180000.0,200.0,200.0,0.0,1.0,0.0
0.1,Pooled-Income-Quantile,20,0.9,0.915,0.2795815250436421,0.019719913792915014,200.0,180000.0,0.0,0.0,180000.0,180000.0,180000.0,180000.0,180000.0,200.0,200.0,0.0,1.0,0.0
0.1,Pooling,0,0.9,0.875,0.3315488246330816,0.023385358667337135,200.0,151818.1967132262,26170.12493096557,1850.5072803184883,151219.45528064825,132827.1219931034,166461.77776102518,85383.13309647376,218759.66838478536,200.0,200.0,0.0,1.0,0.0
0.1,Pooling,5,0.9,,,,0.0,,,,,,,,,0.0,0.0,0.0,,
0.1,Pooling,10,0.9,,,,0.0,,,,,,,,,0.0,0.0,0.0,,
0.1,Pooling,15,0.9,,,,0.0,,,,,,,,,0.0,0.0,0.0,,
0.1,Pooling,20,0.9,,,,0.0,,,,,,,,,0.0,0.0,0.0,,
0.1,Repeated,0,0.9,0.955,0.2078243363368914,0.014658615214269054,200.0,250678.64787342757,57884.9354087523,4093.083035607405,249915.85229627148,208360.50658765604,289959.12755268486,114612.19680863924,430792.8661445678,200.0,200.0,0.0,1.0,0.0
0.1,Repeated,5,0.9,,,,0.0,,,,,,,,,0.0,0.0,0.0,,
0.1,Repeated,10,0.9,,,,0.0,,,,,,,,,0.0,0.0,0.0,,
0.1,Repeated,15,0.9,,,,0.0,,,,,,,,,0.0,0.0,0.0,,
0.1,Repeated,20,0.9,,,,0.0,,,,,,,,,0.0,0.0,0.0,,
0.1,S-HCP,0,0.9,0.905,0.29395073596757565,0.02073342711661533,200.0,270448.46818005294,237984.3337015007,16828.033617649337,189016.8073612621,127620.6595780352,278043.32282660645,36731.12283318804,1037256.3102453756,200.0,200.0,0.0,1.0,0.0
0.1,S-HCP,5,0.9,0.9,0.3007528242702513,0.021213203435596423,200.0,166495.03604773612,74047.51625717855,5235.950087547207,152079.39404117857,128440.94902447565,190748.4323655593,71592.99095074282,881921.5763781904,200.0,200.0,0.0,1.0,0.0
0.1,S-HCP,10,0.9,0.905,0.29395073596757565,0.02073342711661533,200.0,156137.43127213122,38895.808391322964,2750.3489873237086,149385.19264659818,127550.70513476583,183811.83532955928,77116.36057247582,293481.19259711105,200.0,200.0,0.0,1.0,0.0
0.1,S-HCP,15,0.9,0.905,0.29395073596757565,0.02073342711661533,200.0,147850.38309866656,35148.961712181546,2485.406917834989,144192.88201704706,124253.6449895879,165250.1385004662,76567.31338152703,353849.7385029311,200.0,200.0,0.0,1.0,0.0
0.1,S-HCP,20,0.9,0.885,0.3198225010233083,0.022558257911461158,200.0,142474.36725829032,32426.634651826673,2292.909325336532,138927.27057091327,122146.27471502649,162164.5161077137,68684.3062514675,303232.42846441246,200.0,200.0,0.0,1.0,0.0
0.1,Subsampling,0,0.9,0.87,0.33714735904132886,0.02378024390118823,200.0,245438.59707592576,212108.3524604932,14998.325437112106,176989.4676421355,128797.74998400519,256140.36962046212,45348.79431678233,1054440.4635093587,200.0,200.0,0.0,1.0,0.0
0.1,Subsampling,5,0.9,,,,0.0,,,,,,,,,0.0,0.0,0.0,,
0.1,Subsampling,10,0.9,,,,0.0,,,,,,,,,0.0,0.0,0.0,,
0.1,Subsampling,15,0.9,,,,0.0,,,,,,,,,0.0,0.0,0.0,,
0.1,Subsampling,20,0.9,,,,0.0,,,,,,,,,0.0,0.0,0.0,,
0.2,GHCP,0,0.8,0.835,0.37211199481260626,0.02624642832844119,200.0,138642.1980576698,24794.705984064785,1753.2504738858877,135994.65068020878,118983.45913407872,154827.3914289791,87296.58806699837,200696.35834422745,200.0,200.0,0.0,1.0,0.0
0.2,GHCP,5,0.8,0.83,0.37657541771354475,0.026561249970586856,200.0,127041.53620080737,30144.023469404045,2131.504340746204,121041.70262507285,107202.6763505777,141673.26081022844,72291.49963446957,266507.60706145363,200.0,200.0,0.0,1.0,0.0
0.2,GHCP,10,0.8,0.825,0.38092059869815764,0.02686773157525585,200.0,118794.06508065974,23933.429173199605,1692.3490065417386,115464.12911444677,100365.07936185456,133957.89735017862,74272.79214081625,185814.83731398167,200.0,200.0,0.0,1.0,0.0
0.2,GHCP,15,0.8,0.815,0.38927196574706346,0.027456784225396828,200.0,115253.01443119918,23466.443706477025,1659.3281475182284,114207.68884807316,98929.50863619284,129564.45620306597,71032.19621515018,182928.1043134185,200.0,200.0,0.0,1.0,0.0
0.2,GHCP,20,0.8,0.82,0.3851515397122457,0.027166155414412252,200.0,109380.97127329944,20759.51983208157,1467.9197247441496,108412.81350213406,93944.72162003505,124320.07512386856,66903.33780066267,163695.5577819976,200.0,200.0,0.0,1.0,0.0
0.2,HCP,0,0.8,0.845,0.36281285234835015,0.02559052559053839,200.0,138941.8151984715,24638.7001300083,1742.2191941550739,137553.7600664515,119828.35371458271,153370.11130226,79751.87106029785,198954.70130008837,200.0,200.0,0.0,1.0,0.0
0.2,HCP,5,0.8,,,,0.0,,,,,,,,,0.0,0.0,0.0,,
0.2,HCP,10,0.8,,,,0.0,,,,,,,,,0.0,0.0,0.0,,
0.2,HCP,15,0.8,,,,0.0,,,,,,,,,0.0,0.0,0.0,,
0.2,HCP,20,0.8,,,,0.0,,,,,,,,,0.0,0.0,0.0,,
0.2,Pooled-Income-Quantile,0,0.8,0.815,0.38927196574706346,0.027456784225396828,200.0,135000.0,0.0,0.0,135000.0,135000.0,135000.0,135000.0,135000.0,200.0,200.0,0.0,1.0,0.0
0.2,Pooled-Income-Quantile,5,0.8,0.815,0.38927196574706346,0.027456784225396828,200.0,135000.0,0.0,0.0,135000.0,135000.0,135000.0,135000.0,135000.0,200.0,200.0,0.0,1.0,0.0
0.2,Pooled-Income-Quantile,10,0.8,0.815,0.38927196574706346,0.027456784225396828,200.0,135000.0,0.0,0.0,135000.0,135000.0,135000.0,135000.0,135000.0,200.0,200.0,0.0,1.0,0.0
0.2,Pooled-Income-Quantile,15,0.8,0.815,0.38927196574706346,0.027456784225396828,200.0,135000.0,0.0,0.0,135000.0,135000.0,135000.0,135000.0,135000.0,200.0,200.0,0.0,1.0,0.0
0.2,Pooled-Income-Quantile,20,0.8,0.815,0.38927196574706346,0.027456784225396828,200.0,135000.0,0.0,0.0,135000.0,135000.0,135000.0,135000.0,135000.0,200.0,200.0,0.0,1.0,0.0
0.2,Pooling,0,0.8,0.755,0.43116646740332826,0.030411757594719844,200.0,102686.2136391823,19996.80328681954,1413.9875206163538,101639.77570706906,88098.15952357984,113043.31278326458,58431.09861758293,155549.04345196256,200.0,200.0,0.0,1.0,0.0
0.2,Pooling,5,0.8,,,,0.0,,,,,,,,,0.0,0.0,0.0,,
0.2,Pooling,10,0.8,,,,0.0,,,,,,,,,0.0,0.0,0.0,,
0.2,Pooling,15,0.8,,,,0.0,,,,,,,,,0.0,0.0,0.0,,
0.2,Pooling,20,0.8,,,,0.0,,,,,,,,,0.0,0.0,0.0,,
0.2,Repeated,0,0.8,0.83,0.37657541771354464,0.026561249970586856,200.0,127800.87554619696,22721.793828831556,1606.673449708944,125854.59490513286,111358.47095875429,142670.1450548735,73371.40473372035,186756.6232726932,200.0,200.0,0.0,1.0,0.0
0.2,Repeated,5,0.8,,,,0.0,,,,,,,,,0.0,0.0,0.0,,
0.2,Repeated,10,0.8,,,,0.0,,,,,,,,,0.0,0.0,0.0,,
0.2,Repeated,15,0.8,,,,0.0,,,,,,,,,0.0,0.0,0.0,,
0.2,Repeated,20,0.8,,,,0.0,,,,,,,,,0.0,0.0,0.0,,
0.2,S-HCP,0,0.8,0.82,0.3851515397122457,0.027166155414412252,200.0,130615.0225785318,82732.40232581685,5850.064270843878,113993.88706249569,81212.20779026211,159931.96262394957,34425.51444087398,843313.8518308611,200.0,200.0,0.0,1.0,0.0
0.2,S-HCP,5,0.8,0.76,0.4281548585670527,0.030199337741083,200.0,106729.45118552921,26861.04438891599,1899.362663715536,104837.41851883355,90987.765176517,119889.2340007214,56694.90543450863,216040.11369477736,200.0,200.0,0.0,1.0,0.0
0.2,S-HCP,10,0.8,0.8,0.40100376569366847,0.0282842712474619,200.0,99474.82465183493,23248.805495118704,1643.9388020085505,95556.09754414194,82081.44638005743,111151.50198068461,47414.93821793256,196765.6512593379,200.0,200.0,0.0,1.0,0.0
0.2,S-HCP,15,0.8,0.755,0.43116646740332826,0.030411757594719844,200.0,99565.01268131605,20692.416545515178,1463.1748058470496,97752.55549695803,84767.43080917938,113107.55630423763,52119.7733901613,149920.40746564209,200.0,200.0,0.0,1.0,0.0
0.2,S-HCP,20,0.8,0.77,0.4218885513364207,0.02975735203273302,200.0,98404.06643437497,20411.12066240761,1443.2841832005277,97948.92029548192,83996.21943687029,114401.04631410784,51172.52062418447,153227.93909375573,200.0,200.0,0.0,1.0,0.0
0.2,Subsampling,0,0.8,0.77,0.4218885513364207,0.02975735203273302,200.0,134011.76653555338,92021.01586798196,6506.868433192493,116428.23377314719,87360.78004125984,155403.02802013766,30361.052421941888,965673.2282240036,200.0,200.0,0.0,1.0,0.0
0.2,Subsampling,5,0.8,,,,0.0,,,,,,,,,0.0,0.0,0.0,,
0.2,Subsampling,10,0.8,,,,0.0,,,,,,,,,0.0,0.0,0.0,,
0.2,Subsampling,15,0.8,,,,0.0,,,,,,,,,0.0,0.0,0.0,,
0.2,Subsampling,20,0.8,,,,0.0,,,,,,,,,0.0,0.0,0.0,,
