dataset,alpha,method,o,nominal_coverage,coverage_mean,coverage_std,coverage_se,coverage_n,width_mean,width_std,width_se,width_median,width_q25,width_q75,width_min,width_max,width_n_total,width_n_finite,width_n_infinite,width_finite_rate,width_infinite_rate
fixedN21,0.05,D-HCP,0,0.95,1.0,0.0,0.0,1000.0,,,,,,,,,1000.0,0.0,1000.0,0.0,1.0
fixedN21,0.05,D-HCP,5,0.95,1.0,0.0,0.0,1000.0,,,,,,,,,1000.0,0.0,1000.0,0.0,1.0
fixedN21,0.05,D-HCP,10,0.95,1.0,0.0,0.0,1000.0,,,,,,,,,1000.0,0.0,1000.0,0.0,1.0
fixedN21,0.05,D-HCP,15,0.95,0.986,0.11754921445002436,0.0037153734670958734,1000.0,14.18344459728539,3.8278469204052885,0.12104714802941972,13.573343803755549,11.50932629202925,15.927358963279628,7.816188418214397,40.33323671421387,1000.0,1000.0,0.0,1.0,0.0
fixedN21,0.05,D-HCP,20,0.95,0.951,0.21597603025716913,0.006826346021115546,1000.0,9.843602967086847,2.5767792095977633,0.08148491329697341,9.356290279571743,8.135063477501221,10.95735567318964,5.057696985061305,28.554077402399805,1000.0,1000.0,0.0,1.0,0.0
fixedN21,0.05,D-HCP,25,0.95,1.0,0.0,0.0,1000.0,,,,,,,,,1000.0,0.0,1000.0,0.0,1.0
fixedN21,0.05,D-HCP,30,0.95,1.0,0.0,0.0,1000.0,,,,,,,,,1000.0,0.0,1000.0,0.0,1.0
fixedN21,0.05,D-HCP,35,0.95,1.0,0.0,0.0,1000.0,,,,,,,,,1000.0,0.0,1000.0,0.0,1.0
fixedN21,0.05,D-HCP no within,0,0.95,1.0,0.0,0.0,1000.0,,,,,,,,,1000.0,0.0,1000.0,0.0,1.0
fixedN21,0.05,D-HCP no within,5,0.95,1.0,0.0,0.0,1000.0,,,,,,,,,1000.0,0.0,1000.0,0.0,1.0
fixedN21,0.05,D-HCP no within,10,0.95,0.996,0.06315051850925683,0.0019959959919799443,1000.0,39.05332262893899,12.91264695194393,0.4083337498977361,36.599097189143414,29.761188622423422,45.63980038717621,16.160700372694258,125.68780029501696,1000.0,1000.0,0.0,1.0,0.0
fixedN21,0.05,D-HCP no within,15,0.95,0.979,0.1434558454005259,0.00453420334788814,1000.0,34.89962371446005,12.51344008880563,0.39570972044685465,32.04440395135295,26.100097517959316,40.905330207218405,11.819462536824863,121.47611328807264,1000.0,1000.0,0.0,1.0,0.0
fixedN21,0.05,D-HCP no within,20,0.95,0.965,0.1838717183495298,0.005811626278418119,1000.0,33.12130398868866,12.312186278825289,0.3893455161736086,30.378531482435335,24.519434636337408,38.908403963137516,11.316902782170422,118.0176294610682,1000.0,1000.0,0.0,1.0,0.0
fixedN21,0.05,D-HCP no within,25,0.95,0.966,0.18131981931624816,0.005730968504537434,1000.0,16.326742409190963,7.616774880103763,0.24086357045883816,15.06899982613265,10.548469429394387,20.448351238633116,3.930461083573114,50.98994135549282,1000.0,1000.0,0.0,1.0,0.0
fixedN21,0.05,D-HCP no within,30,0.95,0.97,0.17067257872642908,0.0053944415837044735,1000.0,16.55035846616009,7.652769299267533,0.24200181393496142,15.271737173747027,10.791085832102,20.82872954488118,3.930461083573114,50.98994135549282,1000.0,1000.0,0.0,1.0,0.0
fixedN21,0.05,D-HCP no within,35,0.95,0.973,0.162164414398774,0.005125524363418832,1000.0,16.741566229558472,7.6243761348936445,0.24110394324095105,15.386886385258068,11.012334396847457,21.086105238794882,3.930461083573114,55.31202936366334,1000.0,1000.0,0.0,1.0,0.0
fixedN21,0.05,HCP,0,0.95,1.0,0.0,0.0,1000.0,,,,,,,,,1000.0,0.0,1000.0,0.0,1.0
fixedN21,0.05,HCP,5,0.95,1.0,0.0,0.0,1000.0,,,,,,,,,1000.0,0.0,1000.0,0.0,1.0
fixedN21,0.05,HCP,10,0.95,1.0,0.0,0.0,1000.0,,,,,,,,,1000.0,0.0,1000.0,0.0,1.0
fixedN21,0.05,HCP,15,0.95,1.0,0.0,0.0,1000.0,,,,,,,,,1000.0,0.0,1000.0,0.0,1.0
fixedN21,0.05,HCP,20,0.95,1.0,0.0,0.0,1000.0,,,,,,,,,1000.0,0.0,1000.0,0.0,1.0
fixedN21,0.05,HCP,25,0.95,1.0,0.0,0.0,1000.0,,,,,,,,,1000.0,0.0,1000.0,0.0,1.0
fixedN21,0.05,HCP,30,0.95,1.0,0.0,0.0,1000.0,,,,,,,,,1000.0,0.0,1000.0,0.0,1.0
fixedN21,0.05,HCP,35,0.95,1.0,0.0,0.0,1000.0,,,,,,,,,1000.0,0.0,1000.0,0.0,1.0
fixedN21,0.05,Std-CP,0,0.95,1.0,0.0,0.0,1000.0,,,,,,,,,1000.0,0.0,1000.0,0.0,1.0
fixedN21,0.05,Std-CP,5,0.95,0.761,0.42668613881993056,0.01348625225924534,1000.0,6.284147618909103,5.103775294061123,0.1613955459492879,4.948570492014727,3.280242031898819,7.536961763808594,0.2169761753223742,52.61438612057687,1000.0,1000.0,0.0,1.0,0.0
fixedN21,0.05,Std-CP,10,0.95,0.824,0.3810107205436209,0.012042591083317579,1000.0,42.875838696033256,209.92822041457734,6.638513216559215,12.875167410374086,6.988952847787396,26.586501991414604,1.4215920221824303,4737.1595449011065,1000.0,1000.0,0.0,1.0,0.0
fixedN21,0.05,Std-CP,15,0.95,0.896,0.305413289293831,0.009653186002558947,1000.0,9.200488023551017,7.3457357149829265,0.23229255948991506,7.660374635444876,5.390007738979719,10.743113071983162,2.202015543400381,112.96715592362324,1000.0,1000.0,0.0,1.0,0.0
fixedN21,0.05,Std-CP,20,0.95,0.906,0.29197474077263813,0.009228434320078352,1000.0,6.754247748608624,2.9210078220406834,0.09237037780816347,6.235074474491613,4.758174581820932,7.956202148543776,1.8945314197269916,25.931609449088143,1000.0,1000.0,0.0,1.0,0.0
fixedN21,0.05,Std-CP,25,0.95,0.937,0.24308453280719053,0.007683163410991592,1000.0,6.632256408543384,2.3457039702769866,0.07417767262575187,6.276433532652586,4.929086421085151,8.002064845734527,2.270295207976231,16.81241046657423,1000.0,1000.0,0.0,1.0,0.0
fixedN21,0.05,Std-CP,30,0.95,0.932,0.2518718710762268,0.00796090447122687,1000.0,6.394802414307889,2.1810180278973545,0.068969845860443,6.1551966271230185,4.896424311778526,7.544657753527927,2.522306540346552,26.558533240276915,1000.0,1000.0,0.0,1.0,0.0
fixedN21,0.05,Std-CP,35,0.95,0.941,0.2357426023750789,0.007451107300260817,1000.0,6.418055344557658,2.046681058370978,0.06472173788376318,6.111558976481636,4.935243375601517,7.525677655748214,2.2916967236606887,14.246520015224494,1000.0,1000.0,0.0,1.0,0.0
fixedN21,0.075,D-HCP,0,0.925,1.0,0.0,0.0,1000.0,,,,,,,,,1000.0,0.0,1000.0,0.0,1.0
fixedN21,0.075,D-HCP,5,0.925,1.0,0.0,0.0,1000.0,,,,,,,,,1000.0,0.0,1000.0,0.0,1.0
fixedN21,0.075,D-HCP,10,0.925,0.972,0.16505527329729044,0.005216895628628201,1000.0,15.909359782762747,4.9436889288994195,0.1563331705868038,14.710864520769974,12.73968374388458,17.92853255337303,7.3909786187970035,61.60253015061994,1000.0,1000.0,0.0,1.0,0.0
fixedN21,0.075,D-HCP,15,0.925,0.951,0.21597603025716916,0.006826346021115546,1000.0,12.171055116015152,3.7644963167717638,0.11904382604313496,11.317575290910924,9.808958892179781,13.580658905670175,6.158979375221847,48.7449059055801,1000.0,1000.0,0.0,1.0,0.0
fixedN21,0.075,D-HCP,20,0.925,0.922,0.26830577330349786,0.008480330182251158,1000.0,8.965109221743472,2.5448863902880348,0.080476373796744,8.437274760040431,7.356447267395197,9.908406233216528,5.233706837676197,36.842112230795905,1000.0,1000.0,0.0,1.0,0.0
fixedN21,0.075,D-HCP,25,0.925,0.919,0.272971634998059,0.008627803892068941,1000.0,7.391167573988674,2.5422794028746076,0.08039393361616579,7.049663401850697,5.585011970734786,8.812887481083012,1.962552405850306,18.052292988361927,1000.0,1000.0,0.0,1.0,0.0
fixedN21,0.075,D-HCP,30,0.925,0.93,0.25527468571161765,0.008068457101577721,1000.0,7.197933740640843,2.3428474151408953,0.07408734042083287,6.806988717684083,5.497309185638636,8.519100084649017,1.8994087087484963,17.75318854734116,1000.0,1000.0,0.0,1.0,0.0
fixedN21,0.075,D-HCP,35,0.925,0.938,0.24127621974453717,0.00762600813007697,1000.0,7.2486865567192496,2.1828587900201355,0.06902805586982853,6.916803377557152,5.6636553638788545,8.50978742232951,2.780612088452571,17.26160085498902,1000.0,1000.0,0.0,1.0,0.0
fixedN21,0.075,D-HCP no within,0,0.925,1.0,0.0,0.0,1000.0,,,,,,,,,1000.0,0.0,1000.0,0.0,1.0
fixedN21,0.075,D-HCP no within,5,0.925,0.981,0.13659303663678346,0.004317290817167639,1000.0,37.387359462448075,13.372819781679247,0.4228856924906207,34.69256274311108,28.69279693998758,42.728889060151715,15.015660127286004,160.4223743931769,1000.0,1000.0,0.0,1.0,0.0
fixedN21,0.075,D-HCP no within,10,0.925,0.954,0.20958990416508122,0.006624499981130654,1000.0,34.36869064937656,13.074121625393301,0.4134400274230554,31.641497987229638,25.818822145001842,39.31993916321214,12.38866360852659,156.82718618588228,1000.0,1000.0,0.0,1.0,0.0
fixedN21,0.075,D-HCP no within,15,0.925,0.937,0.2430845328071905,0.007683163410991592,1000.0,32.74467031418767,12.873394717750374,0.40709248526471625,29.899197105127158,24.412258763396228,37.70345515882621,11.018265809273782,154.8178254399208,1000.0,1000.0,0.0,1.0,0.0
fixedN21,0.075,D-HCP no within,20,0.925,0.933,0.2501471038680511,0.007906389820898028,1000.0,31.256135047473325,12.572918697264155,0.3975905991947176,28.423978722678925,23.271483167225206,35.86371062504557,10.336116781659175,152.19124156060414,1000.0,1000.0,0.0,1.0,0.0
fixedN21,0.075,D-HCP no within,25,0.925,0.954,0.20958990416508122,0.006624499981130654,1000.0,16.104467454593436,7.421796721290508,0.23469781970047898,15.026182146697064,10.333151984703079,20.19447487495882,3.576464845204816,51.130969829595415,1000.0,1000.0,0.0,1.0,0.0
fixedN21,0.075,D-HCP no within,30,0.925,0.928,0.2586172517116422,0.00817410545564467,1000.0,14.987129020122964,7.24369330742618,0.2290656952318501,13.760599298819745,9.240060240724192,18.965523517463236,3.2995583569700084,50.82137577067227,1000.0,1000.0,0.0,1.0,0.0
fixedN21,0.075,D-HCP no within,35,0.925,0.936,0.24487540497968344,0.007739767438366605,1000.0,15.215124057528792,7.275518095531104,0.23007208339648802,13.960272834884119,9.518745325250382,19.14860667169565,3.2995583569700084,50.98994135549282,1000.0,1000.0,0.0,1.0,0.0
fixedN21,0.075,HCP,0,0.925,1.0,0.0,0.0,1000.0,,,,,,,,,1000.0,0.0,1000.0,0.0,1.0
fixedN21,0.075,HCP,5,0.925,1.0,0.0,0.0,1000.0,,,,,,,,,1000.0,0.0,1000.0,0.0,1.0
fixedN21,0.075,HCP,10,0.925,1.0,0.0,0.0,1000.0,,,,,,,,,1000.0,0.0,1000.0,0.0,1.0
fixedN21,0.075,HCP,15,0.925,1.0,0.0,0.0,1000.0,,,,,,,,,1000.0,0.0,1000.0,0.0,1.0
fixedN21,0.075,HCP,20,0.925,1.0,0.0,0.0,1000.0,,,,,,,,,1000.0,0.0,1000.0,0.0,1.0
fixedN21,0.075,HCP,25,0.925,1.0,0.0,0.0,1000.0,,,,,,,,,1000.0,0.0,1000.0,0.0,1.0
fixedN21,0.075,HCP,30,0.925,1.0,0.0,0.0,1000.0,,,,,,,,,1000.0,0.0,1000.0,0.0,1.0
fixedN21,0.075,HCP,35,0.925,1.0,0.0,0.0,1000.0,,,,,,,,,1000.0,0.0,1000.0,0.0,1.0
fixedN21,0.075,Std-CP,0,0.925,1.0,0.0,0.0,1000.0,,,,,,,,,1000.0,0.0,1000.0,0.0,1.0
fixedN21,0.075,Std-CP,5,0.925,0.753,0.4314825340348983,0.013637851736985557,1000.0,6.186534129564632,5.313093693241036,0.16801477492517639,4.976991776550673,3.3094045201073614,7.375139675463504,0.6090783101639119,81.0125687018139,1000.0,1000.0,0.0,1.0,0.0
fixedN21,0.075,Std-CP,10,0.925,0.835,0.3713662786426804,0.011737759581794136,1000.0,46.52805337450662,204.68362032690507,6.472664399621583,12.469147066546313,7.254636154247172,27.427608832217295,1.164797642300389,4737.1595449011065,1000.0,1000.0,0.0,1.0,0.0
fixedN21,0.075,Std-CP,15,0.925,0.892,0.3105357184486713,0.009815090422405694,1000.0,8.657120063665548,6.434654068714966,0.20348162812408907,7.140335338872662,5.243788034206745,9.893891117245333,2.1645314044819237,67.4541291555025,1000.0,1000.0,0.0,1.0,0.0
fixedN21,0.075,Std-CP,20,0.925,0.911,0.2848862231842041,0.009004387819280108,1000.0,6.797695111847204,2.9316960420191176,0.09270836900081114,6.280945806251863,4.733816189238676,8.132264841910278,1.533630774836606,22.873091694503756,1000.0,1000.0,0.0,1.0,0.0
fixedN21,0.075,Std-CP,25,0.925,0.925,0.26352313834736496,0.00832916562447884,1000.0,6.602761673472205,2.384242204958476,0.07539635861170788,6.196778641186211,4.88295017813962,7.836665952352825,1.9298779654742129,18.950751949773636,1000.0,1000.0,0.0,1.0,0.0
fixedN21,0.075,Std-CP,30,0.925,0.938,0.24127621974453717,0.00762600813007697,1000.0,6.423896200248728,2.124482282331415,0.06718202860840165,6.267364619499128,4.954339820761906,7.554339932238198,2.3394879771034507,26.558533240276915,1000.0,1000.0,0.0,1.0,0.0
fixedN21,0.075,Std-CP,35,0.925,0.958,0.20068950215762724,0.006343185319695463,1000.0,6.485239377625303,2.0109114878257137,0.06359060474527213,6.203732000992296,5.02834899823233,7.605450462811198,2.3935121765159124,15.98968311926549,1000.0,1000.0,0.0,1.0,0.0
fixedN21,0.1,D-HCP,0,0.9,0.965,0.1838717183495298,0.005811626278418119,1000.0,36.18092421753743,12.719779632001856,0.4022347497254424,33.308128206655766,27.16946781446409,42.68731047347106,13.145330755907626,124.22033036443102,1000.0,1000.0,0.0,1.0,0.0
fixedN21,0.1,D-HCP,5,0.9,0.96,0.19605723255834875,0.00619677335393187,1000.0,22.21692505233774,7.529792618587076,0.23811294983458675,20.677163312027496,17.01838000109295,25.807359897305638,8.74424203669448,72.48501257894138,1000.0,1000.0,0.0,1.0,0.0
fixedN21,0.1,D-HCP,10,0.9,0.954,0.20958990416508122,0.006624499981130654,1000.0,14.220877376052025,4.508500603073627,0.14257130737955398,13.188846220608138,11.155050663037384,16.287516641484324,6.702962890467379,46.23479638420312,1000.0,1000.0,0.0,1.0,0.0
fixedN21,0.1,D-HCP,15,0.9,0.936,0.24487540497968344,0.007739767438366605,1000.0,11.029369387566783,3.3779202704336724,0.10681921809022332,10.250327703008429,8.822424387286533,12.470868874923323,5.465296697087197,35.91618915768865,1000.0,1000.0,0.0,1.0,0.0
fixedN21,0.1,D-HCP,20,0.9,0.917,0.27602026589942125,0.008724161850859943,1000.0,8.314284013109424,2.2335560687875207,0.07063124459060285,7.828963867494695,6.783478583122925,9.137417363311839,4.111921077319206,21.65077899522184,1000.0,1000.0,0.0,1.0,0.0
fixedN21,0.1,D-HCP,25,0.9,0.939,0.239450070654273,0.007568289106528638,1000.0,7.428687424957275,2.506993536972792,0.0792780965615557,7.045426009235331,5.607400376527548,8.887070585660025,2.254804227784654,18.052292988361927,1000.0,1000.0,0.0,1.0,0.0
fixedN21,0.1,D-HCP,30,0.9,0.946,0.22613079209858866,0.0071473071852271785,1000.0,7.241324489708359,2.2888118354338522,0.07237858535521456,6.9663713892926085,5.52997619643153,8.636125842546317,2.0885124218968194,17.75318854734116,1000.0,1000.0,0.0,1.0,0.0
fixedN21,0.1,D-HCP,35,0.9,0.951,0.21597603025716916,0.006826346021115546,1000.0,7.261306644975805,2.1719718420539444,0.06868378034641952,7.026591167027837,5.654340060487744,8.583836972428387,2.148302174470196,17.26160085498902,1000.0,1000.0,0.0,1.0,0.0
fixedN21,0.1,D-HCP no within,0,0.9,0.965,0.1838717183495298,0.005811626278418119,1000.0,36.18092421753743,12.719779632001856,0.4022347497254424,33.308128206655766,27.16946781446409,42.68731047347106,13.145330755907626,124.22033036443102,1000.0,1000.0,0.0,1.0,0.0
fixedN21,0.1,D-HCP no within,5,0.9,0.948,0.22213812222431648,0.007021111023192843,1000.0,33.73258064426083,12.406780324063268,0.3923368425340188,30.981740661003485,25.024254308616356,39.463589160946,11.62698902559174,120.45452945202727,1000.0,1000.0,0.0,1.0,0.0
fixedN21,0.1,D-HCP no within,10,0.9,0.941,0.2357426023750789,0.007451107300260817,1000.0,32.17859276145927,12.199934254733336,0.38579579549266196,29.33050392138818,23.795139404347015,37.89726989309939,10.782034141105273,116.8349696979438,1000.0,1000.0,0.0,1.0,0.0
fixedN21,0.1,D-HCP no within,15,0.9,0.928,0.2586172517116422,0.00817410545564467,1000.0,30.7161405542195,11.879422686722275,0.3756603297791928,27.856871277081538,22.704345181075258,36.06697753678954,10.08938405340595,111.73913971954858,1000.0,1000.0,0.0,1.0,0.0
fixedN21,0.1,D-HCP no within,20,0.9,0.917,0.27602026589942125,0.008724161850859943,1000.0,28.070082491992245,10.009950127539737,0.3165424166771853,25.829853772454573,21.336963726659953,32.76629863762342,9.339841521647257,87.43824756831958,1000.0,1000.0,0.0,1.0,0.0
fixedN21,0.1,D-HCP no within,25,0.9,0.929,0.25695335184625445,0.008121514637061239,1000.0,14.842548355738034,7.4271465728762625,0.23486699686202744,13.464979651994799,9.013208951827178,18.988036718268418,3.312653560863236,49.06606622042436,1000.0,1000.0,0.0,1.0,0.0
fixedN21,0.1,D-HCP no within,30,0.9,0.915,0.2790212408632233,0.008819013550278736,1000.0,14.353564666115556,7.384554234562826,0.2335201088625983,12.832854664402664,8.509459592135535,18.332534974746217,2.6884960322029148,48.77374641396099,1000.0,1000.0,0.0,1.0,0.0
fixedN21,0.1,D-HCP no within,35,0.9,0.926,0.2619018758859749,0.008277922444671728,1000.0,14.62947362295171,7.376395776286082,0.2332621157590987,13.130861266192907,8.871194944529096,18.691967650017943,3.0427524263689136,48.77374641396099,1000.0,1000.0,0.0,1.0,0.0
fixedN21,0.1,HCP,0,0.9,0.95,0.21805400144814485,0.006892024376045114,1000.0,35.23086007067936,12.477987311085933,0.3945886051771155,32.66906003176663,26.882463137511003,40.98130344214202,13.239178782018085,176.89597701073097,1000.0,1000.0,0.0,1.0,0.0
fixedN21,0.1,HCP,5,0.9,0.95,0.21805400144814485,0.006892024376045114,1000.0,35.23086007067936,12.477987311085933,0.3945886051771155,32.66906003176663,26.882463137511003,40.98130344214202,13.239178782018085,176.89597701073097,1000.0,1000.0,0.0,1.0,0.0
fixedN21,0.1,HCP,10,0.9,0.95,0.21805400144814485,0.006892024376045114,1000.0,35.23086007067936,12.477987311085933,0.3945886051771155,32.66906003176663,26.882463137511003,40.98130344214202,13.239178782018085,176.89597701073097,1000.0,1000.0,0.0,1.0,0.0
fixedN21,0.1,HCP,15,0.9,0.95,0.21805400144814485,0.006892024376045114,1000.0,35.23086007067936,12.477987311085933,0.3945886051771155,32.66906003176663,26.882463137511003,40.98130344214202,13.239178782018085,176.89597701073097,1000.0,1000.0,0.0,1.0,0.0
fixedN21,0.1,HCP,20,0.9,0.95,0.21805400144814485,0.006892024376045114,1000.0,35.23086007067936,12.477987311085933,0.3945886051771155,32.66906003176663,26.882463137511003,40.98130344214202,13.239178782018085,176.89597701073097,1000.0,1000.0,0.0,1.0,0.0
fixedN21,0.1,HCP,25,0.9,0.95,0.21805400144814485,0.006892024376045114,1000.0,35.23086007067936,12.477987311085933,0.3945886051771155,32.66906003176663,26.882463137511003,40.98130344214202,13.239178782018085,176.89597701073097,1000.0,1000.0,0.0,1.0,0.0
fixedN21,0.1,HCP,30,0.9,0.95,0.21805400144814485,0.006892024376045114,1000.0,35.23086007067936,12.477987311085933,0.3945886051771155,32.66906003176663,26.882463137511003,40.98130344214202,13.239178782018085,176.89597701073097,1000.0,1000.0,0.0,1.0,0.0
fixedN21,0.1,HCP,35,0.9,0.95,0.21805400144814485,0.006892024376045114,1000.0,35.23086007067936,12.477987311085933,0.3945886051771155,32.66906003176663,26.882463137511003,40.98130344214202,13.239178782018085,176.89597701073097,1000.0,1000.0,0.0,1.0,0.0
fixedN21,0.1,Std-CP,0,0.9,1.0,0.0,0.0,1000.0,,,,,,,,,1000.0,0.0,1000.0,0.0,1.0
fixedN21,0.1,Std-CP,5,0.9,0.761,0.42668613881993056,0.01348625225924534,1000.0,6.284147618909103,5.103775294061123,0.1613955459492879,4.948570492014727,3.280242031898819,7.536961763808594,0.2169761753223742,52.61438612057687,1000.0,1000.0,0.0,1.0,0.0
fixedN21,0.1,Std-CP,10,0.9,0.824,0.3810107205436209,0.012042591083317579,1000.0,42.875838696033256,209.92822041457734,6.638513216559215,12.875167410374086,6.988952847787396,26.586501991414604,1.4215920221824303,4737.1595449011065,1000.0,1000.0,0.0,1.0,0.0
fixedN21,0.1,Std-CP,15,0.9,0.896,0.305413289293831,0.009653186002558947,1000.0,9.200488023551017,7.3457357149829265,0.23229255948991506,7.660374635444876,5.390007738979719,10.743113071983162,2.202015543400381,112.96715592362324,1000.0,1000.0,0.0,1.0,0.0
fixedN21,0.1,Std-CP,20,0.9,0.906,0.29197474077263813,0.009228434320078352,1000.0,6.754247748608624,2.9210078220406834,0.09237037780816347,6.235074474491613,4.758174581820932,7.956202148543776,1.8945314197269916,25.931609449088143,1000.0,1000.0,0.0,1.0,0.0
fixedN21,0.1,Std-CP,25,0.9,0.937,0.24308453280719053,0.007683163410991592,1000.0,6.632256408543384,2.3457039702769866,0.07417767262575187,6.276433532652586,4.929086421085151,8.002064845734527,2.270295207976231,16.81241046657423,1000.0,1000.0,0.0,1.0,0.0
fixedN21,0.1,Std-CP,30,0.9,0.932,0.2518718710762268,0.00796090447122687,1000.0,6.394802414307889,2.1810180278973545,0.068969845860443,6.1551966271230185,4.896424311778526,7.544657753527927,2.522306540346552,26.558533240276915,1000.0,1000.0,0.0,1.0,0.0
fixedN21,0.1,Std-CP,35,0.9,0.941,0.2357426023750789,0.007451107300260817,1000.0,6.418055344557658,2.046681058370978,0.06472173788376318,6.111558976481636,4.935243375601517,7.525677655748214,2.2916967236606887,14.246520015224494,1000.0,1000.0,0.0,1.0,0.0
fixedN21,0.125,D-HCP,0,0.875,0.926,0.2619018758859749,0.008277922444671728,1000.0,33.53131982079942,13.0696327540514,0.4132980768474167,30.816034517171907,24.865475441487565,38.69355226594356,10.568398101574868,156.36585919527118,1000.0,1000.0,0.0,1.0,0.0
fixedN21,0.125,D-HCP,5,0.875,0.926,0.2619018758859749,0.008277922444671728,1000.0,20.25338823801421,7.676714370411118,0.24275902357044646,18.52481824929268,15.314402839786927,22.92925330887566,8.086064615174507,95.53150264693636,1000.0,1000.0,0.0,1.0,0.0
fixedN21,0.125,D-HCP,10,0.875,0.915,0.2790212408632233,0.008819013550278736,1000.0,12.871990478405069,4.504789181313434,0.14245394191835675,11.897619174589689,10.072693698390557,14.51122985590421,5.500181542262368,59.63665022198708,1000.0,1000.0,0.0,1.0,0.0
fixedN21,0.125,D-HCP,15,0.875,0.904,0.2947386484173239,0.009315793041926167,1000.0,10.121013992343418,3.2805270695487954,0.10373937465611795,9.38647134352356,8.129659765456134,11.37796343413901,4.860195635164111,44.49531438784142,1000.0,1000.0,0.0,1.0,0.0
fixedN21,0.125,D-HCP,20,0.875,0.877,0.32860155048170264,0.010386096475577337,1000.0,7.74197053850432,2.1519754907718505,0.06805144019697708,7.302709427320149,6.367505836091098,8.48490651406459,4.2359394469635205,28.736768427153585,1000.0,1000.0,0.0,1.0,0.0
fixedN21,0.125,D-HCP,25,0.875,0.919,0.272971634998059,0.008627803892068941,1000.0,7.391167573988674,2.5422794028746076,0.08039393361616579,7.049663401850697,5.585011970734786,8.812887481083012,1.962552405850306,18.052292988361927,1000.0,1000.0,0.0,1.0,0.0
fixedN21,0.125,D-HCP,30,0.875,0.855,0.35227702039602166,0.011134406135937382,1000.0,5.915389694853054,1.9663112659642163,0.06218022189296046,5.5933535678674104,4.488986620291866,7.012562709644843,1.8994065053531108,16.04096329231961,1000.0,1000.0,0.0,1.0,0.0
fixedN21,0.125,D-HCP,35,0.875,0.882,0.3227695465501356,0.01020176455325254,1000.0,6.014353244576888,1.8106076904672839,0.057256442508937556,5.719206272616827,4.709114829781381,7.0646938367144365,2.342624086289016,15.13356204957854,1000.0,1000.0,0.0,1.0,0.0
fixedN21,0.125,D-HCP no within,0,0.875,0.926,0.2619018758859749,0.008277922444671728,1000.0,33.53131982079942,13.0696327540514,0.4132980768474167,30.816034517171907,24.865475441487565,38.69355226594356,10.568398101574868,156.36585919527118,1000.0,1000.0,0.0,1.0,0.0
fixedN21,0.125,D-HCP no within,5,0.875,0.917,0.27602026589942125,0.008724161850859943,1000.0,31.992046121976834,12.799984139023676,0.4047710389334416,29.33898170583182,23.68645132783607,37.00729961516834,10.27229710800748,154.71349534712584,1000.0,1000.0,0.0,1.0,0.0
fixedN21,0.125,D-HCP no within,10,0.875,0.907,0.290577761426155,0.009184280047995052,1000.0,30.533818851610597,12.413476088231953,0.39254858118850267,27.858905109816842,22.71007950607054,35.28294772506762,10.12059121617753,151.3679613415136,1000.0,1000.0,0.0,1.0,0.0
fixedN21,0.125,D-HCP no within,15,0.875,0.899,0.3014795016081357,0.009528850927577784,1000.0,27.921613437365266,10.281254348784087,0.32512180945668917,25.803890311779057,21.31470582592428,32.15320456507622,9.90677643480586,117.3435977450428,1000.0,1000.0,0.0,1.0,0.0
fixedN21,0.125,D-HCP no within,20,0.875,0.884,0.3203851535989873,0.010126401137620413,1000.0,26.609982312377994,10.014555644555855,0.31668805591292126,24.426323310568016,20.14341058542258,30.499142497920623,9.361740730125993,115.67442903006356,1000.0,1000.0,0.0,1.0,0.0
fixedN21,0.125,D-HCP no within,25,0.875,0.883,0.3215811163834319,0.010164201887015036,1000.0,13.795255198311585,7.2304536202931295,0.22864701956336544,12.297581475500031,8.025290165200252,17.940450762701364,2.351656047575437,47.95060163858011,1000.0,1000.0,0.0,1.0,0.0
fixedN21,0.125,D-HCP no within,30,0.875,0.903,0.296105857217784,0.009359006357514668,1000.0,14.152504138067313,7.227624742652564,0.22855756259770435,12.657282749429946,8.35160498834033,18.2278067712216,2.6884960322029148,47.95060163858011,1000.0,1000.0,0.0,1.0,0.0
fixedN21,0.125,D-HCP no within,35,0.875,0.889,0.31428932176861785,0.00993373041711924,1000.0,13.850145784050893,7.204149876822972,0.22781522215982067,12.356567560380991,8.10547382999867,18.13862451005851,2.6884960322029148,47.95060163858011,1000.0,1000.0,0.0,1.0,0.0
fixedN21,0.125,HCP,0,0.875,0.936,0.24487540497968344,0.007739767438366605,1000.0,33.18168466825072,12.911024557306634,0.4082824452745611,30.537513079451944,25.280083917659155,37.7623612529028,12.607220475957654,147.68651614036125,1000.0,1000.0,0.0,1.0,0.0
fixedN21,0.125,HCP,5,0.875,0.936,0.24487540497968344,0.007739767438366605,1000.0,33.18168466825072,12.911024557306634,0.4082824452745611,30.537513079451944,25.280083917659155,37.7623612529028,12.607220475957654,147.68651614036125,1000.0,1000.0,0.0,1.0,0.0
fixedN21,0.125,HCP,10,0.875,0.936,0.24487540497968344,0.007739767438366605,1000.0,33.18168466825072,12.911024557306634,0.4082824452745611,30.537513079451944,25.280083917659155,37.7623612529028,12.607220475957654,147.68651614036125,1000.0,1000.0,0.0,1.0,0.0
fixedN21,0.125,HCP,15,0.875,0.936,0.24487540497968344,0.007739767438366605,1000.0,33.18168466825072,12.911024557306634,0.4082824452745611,30.537513079451944,25.280083917659155,37.7623612529028,12.607220475957654,147.68651614036125,1000.0,1000.0,0.0,1.0,0.0
fixedN21,0.125,HCP,20,0.875,0.936,0.24487540497968344,0.007739767438366605,1000.0,33.18168466825072,12.911024557306634,0.4082824452745611,30.537513079451944,25.280083917659155,37.7623612529028,12.607220475957654,147.68651614036125,1000.0,1000.0,0.0,1.0,0.0
fixedN21,0.125,HCP,25,0.875,0.936,0.24487540497968344,0.007739767438366605,1000.0,33.18168466825072,12.911024557306634,0.4082824452745611,30.537513079451944,25.280083917659155,37.7623612529028,12.607220475957654,147.68651614036125,1000.0,1000.0,0.0,1.0,0.0
fixedN21,0.125,HCP,30,0.875,0.936,0.24487540497968344,0.007739767438366605,1000.0,33.18168466825072,12.911024557306634,0.4082824452745611,30.537513079451944,25.280083917659155,37.7623612529028,12.607220475957654,147.68651614036125,1000.0,1000.0,0.0,1.0,0.0
fixedN21,0.125,HCP,35,0.875,0.936,0.24487540497968344,0.007739767438366605,1000.0,33.18168466825072,12.911024557306634,0.4082824452745611,30.537513079451944,25.280083917659155,37.7623612529028,12.607220475957654,147.68651614036125,1000.0,1000.0,0.0,1.0,0.0
fixedN21,0.125,Std-CP,0,0.875,1.0,0.0,0.0,1000.0,,,,,,,,,1000.0,0.0,1000.0,0.0,1.0
fixedN21,0.125,Std-CP,5,0.875,0.753,0.4314825340348983,0.013637851736985557,1000.0,6.186534129564632,5.313093693241036,0.16801477492517639,4.976991776550673,3.3094045201073614,7.375139675463504,0.6090783101639119,81.0125687018139,1000.0,1000.0,0.0,1.0,0.0
fixedN21,0.125,Std-CP,10,0.875,0.835,0.3713662786426804,0.011737759581794136,1000.0,46.52805337450662,204.68362032690507,6.472664399621583,12.469147066546313,7.254636154247172,27.427608832217295,1.164797642300389,4737.1595449011065,1000.0,1000.0,0.0,1.0,0.0
fixedN21,0.125,Std-CP,15,0.875,0.892,0.3105357184486713,0.009815090422405694,1000.0,8.657120063665548,6.434654068714966,0.20348162812408907,7.140335338872662,5.243788034206745,9.893891117245333,2.1645314044819237,67.4541291555025,1000.0,1000.0,0.0,1.0,0.0
fixedN21,0.125,Std-CP,20,0.875,0.911,0.2848862231842041,0.009004387819280108,1000.0,6.797695111847204,2.9316960420191176,0.09270836900081114,6.280945806251863,4.733816189238676,8.132264841910278,1.533630774836606,22.873091694503756,1000.0,1000.0,0.0,1.0,0.0
fixedN21,0.125,Std-CP,25,0.875,0.925,0.26352313834736496,0.00832916562447884,1000.0,6.602761673472205,2.384242204958476,0.07539635861170788,6.196778641186211,4.88295017813962,7.836665952352825,1.9298779654742129,18.950751949773636,1000.0,1000.0,0.0,1.0,0.0
fixedN21,0.125,Std-CP,30,0.875,0.876,0.3297464673544399,0.010422283818818216,1000.0,5.098552614729498,1.6296393008494208,0.0515337195520854,4.890825105650861,3.907143351250704,6.05995577955488,1.7144850709460364,14.431400040194148,1000.0,1000.0,0.0,1.0,0.0
fixedN21,0.125,Std-CP,35,0.875,0.903,0.296105857217784,0.009359006357514668,1000.0,5.2179237984937465,1.5470705691702311,0.04892266699591001,5.041509414171742,4.063106214301466,6.113015745253893,2.0624538600299833,12.361063778976458,1000.0,1000.0,0.0,1.0,0.0
fixedN21,0.15,D-HCP,0,0.85,0.908,0.28917057184232914,0.009139803061335619,1000.0,31.55875572653967,12.770264271985996,0.40383121421747725,28.81178299027211,23.3614794873072,36.52984437578216,9.90677643480586,154.47006139423405,1000.0,1000.0,0.0,1.0,0.0
fixedN21,0.15,D-HCP,5,0.85,0.901,0.29881145943268017,0.009444522221901962,1000.0,18.945422774171266,7.379148331172707,0.2333491591873623,17.268452333667668,14.275425025468712,21.556505297861605,7.451862349156993,93.10149241293637,1000.0,1000.0,0.0,1.0,0.0
fixedN21,0.15,D-HCP,10,0.85,0.896,0.305413289293831,0.009653186002558947,1000.0,11.993865120148058,4.22509224692501,0.13360914824601583,11.01522686449847,9.327659817733245,13.56513940613181,4.945500189493462,56.05746287401803,1000.0,1000.0,0.0,1.0,0.0
fixedN21,0.15,D-HCP,15,0.85,0.881,0.32395052700056526,0.010239091756596383,1000.0,9.371480811734198,2.9247031322096935,0.092487233776112,8.70097112029864,7.489561818361873,10.530529049333378,4.531127167806517,36.86436919908952,1000.0,1000.0,0.0,1.0,0.0
fixedN21,0.15,D-HCP,20,0.85,0.853,0.35428310221702153,0.011197812286335219,1000.0,7.28500794097282,2.0523524548482954,0.06490108318758497,6.839671931043576,6.010633027785733,8.052144061916445,3.712557847026495,27.80573528096151,1000.0,1000.0,0.0,1.0,0.0
fixedN21,0.15,D-HCP,25,0.85,0.835,0.3713662786426804,0.011737759581794136,1000.0,6.089229318919299,2.1971625730879265,0.06948038120634024,5.795596902318759,4.4447096690159,7.372418807354767,1.852417307856073,16.446695269975308,1000.0,1000.0,0.0,1.0,0.0
fixedN21,0.15,D-HCP,30,0.85,0.855,0.35227702039602166,0.011134406135937382,1000.0,5.915389694853054,1.9663112659642163,0.06218022189296046,5.5933535678674104,4.488986620291866,7.012562709644843,1.8994065053531108,16.04096329231961,1000.0,1000.0,0.0,1.0,0.0
fixedN21,0.15,D-HCP,35,0.85,0.882,0.3227695465501356,0.01020176455325254,1000.0,6.014353244576888,1.8106076904672839,0.057256442508937556,5.719206272616827,4.709114829781381,7.0646938367144365,2.342624086289016,15.13356204957854,1000.0,1000.0,0.0,1.0,0.0
fixedN21,0.15,D-HCP no within,0,0.85,0.908,0.28917057184232914,0.009139803061335619,1000.0,31.55875572653967,12.770264271985996,0.40383121421747725,28.81178299027211,23.3614794873072,36.52984437578216,9.90677643480586,154.47006139423405,1000.0,1000.0,0.0,1.0,0.0
fixedN21,0.15,D-HCP no within,5,0.85,0.897,0.304110972316823,0.009612023720320294,1000.0,30.066652934838505,12.278263504937254,0.3882727838732378,27.322280689093045,22.24043787634857,34.61218138391445,9.668710247563318,148.74348973787838,1000.0,1000.0,0.0,1.0,0.0
fixedN21,0.15,D-HCP no within,10,0.85,0.883,0.3215811163834319,0.010164201887015036,1000.0,27.438532343620015,10.203783867482597,0.3226719777332673,25.394572309590437,20.949423316958608,31.64433295168012,9.287887039811466,117.21811377456643,1000.0,1000.0,0.0,1.0,0.0
fixedN21,0.15,D-HCP no within,15,0.85,0.871,0.33536766610910995,0.010599952830083727,1000.0,26.22288983083234,9.969172803995288,0.3152529244843246,24.2120787669732,19.94085594912619,30.15381999611276,9.114729481949862,115.5132527853539,1000.0,1000.0,0.0,1.0,0.0
fixedN21,0.15,D-HCP no within,20,0.85,0.862,0.3450725649411658,0.01090669519148674,1000.0,25.25539930369865,9.78075971063574,0.3092947793241834,23.210962715784078,18.940560965592496,28.849707460438054,8.765800950235716,113.96168549335826,1000.0,1000.0,0.0,1.0,0.0
fixedN21,0.15,D-HCP no within,25,0.85,0.883,0.3215811163834319,0.010164201887015036,1000.0,13.795255198311585,7.2304536202931295,0.22864701956336544,12.297581475500031,8.025290165200252,17.940450762701364,2.351656047575437,47.95060163858011,1000.0,1000.0,0.0,1.0,0.0
fixedN21,0.15,D-HCP no within,30,0.85,0.867,0.33974464885620553,0.010738295954200556,1000.0,13.538875465652541,7.20260356154274,0.22776632337715813,12.044245620590846,7.664585027518891,17.589928382718924,2.485003159882084,47.91845748431935,1000.0,1000.0,0.0,1.0,0.0
fixedN21,0.15,D-HCP no within,35,0.85,0.852,0.3552776691859794,0.011229247525992114,1000.0,13.36279713149544,7.170818951883806,0.22676120576654193,11.930654199780065,7.521560193381589,17.395476977369924,2.485003159882084,47.91845748431935,1000.0,1000.0,0.0,1.0,0.0
fixedN21,0.15,HCP,0,0.85,0.92,0.27142894774447635,0.008579044235810886,1000.0,31.208018964513585,12.68434931899895,0.40111434485242375,28.63647423574821,23.548758362698507,35.47621274058072,11.464774458841616,145.63380246632224,1000.0,1000.0,0.0,1.0,0.0
fixedN21,0.15,HCP,5,0.85,0.92,0.27142894774447635,0.008579044235810886,1000.0,31.208018964513585,12.68434931899895,0.40111434485242375,28.63647423574821,23.548758362698507,35.47621274058072,11.464774458841616,145.63380246632224,1000.0,1000.0,0.0,1.0,0.0
fixedN21,0.15,HCP,10,0.85,0.92,0.27142894774447635,0.008579044235810886,1000.0,31.208018964513585,12.68434931899895,0.40111434485242375,28.63647423574821,23.548758362698507,35.47621274058072,11.464774458841616,145.63380246632224,1000.0,1000.0,0.0,1.0,0.0
fixedN21,0.15,HCP,15,0.85,0.92,0.27142894774447635,0.008579044235810886,1000.0,31.208018964513585,12.68434931899895,0.40111434485242375,28.63647423574821,23.548758362698507,35.47621274058072,11.464774458841616,145.63380246632224,1000.0,1000.0,0.0,1.0,0.0
fixedN21,0.15,HCP,20,0.85,0.92,0.27142894774447635,0.008579044235810886,1000.0,31.208018964513585,12.68434931899895,0.40111434485242375,28.63647423574821,23.548758362698507,35.47621274058072,11.464774458841616,145.63380246632224,1000.0,1000.0,0.0,1.0,0.0
fixedN21,0.15,HCP,25,0.85,0.92,0.27142894774447635,0.008579044235810886,1000.0,31.208018964513585,12.68434931899895,0.40111434485242375,28.63647423574821,23.548758362698507,35.47621274058072,11.464774458841616,145.63380246632224,1000.0,1000.0,0.0,1.0,0.0
fixedN21,0.15,HCP,30,0.85,0.92,0.27142894774447635,0.008579044235810886,1000.0,31.208018964513585,12.68434931899895,0.40111434485242375,28.63647423574821,23.548758362698507,35.47621274058072,11.464774458841616,145.63380246632224,1000.0,1000.0,0.0,1.0,0.0
fixedN21,0.15,HCP,35,0.85,0.92,0.27142894774447635,0.008579044235810886,1000.0,31.208018964513585,12.68434931899895,0.40111434485242375,28.63647423574821,23.548758362698507,35.47621274058072,11.464774458841616,145.63380246632224,1000.0,1000.0,0.0,1.0,0.0
fixedN21,0.15,Std-CP,0,0.85,1.0,0.0,0.0,1000.0,,,,,,,,,1000.0,0.0,1000.0,0.0,1.0
fixedN21,0.15,Std-CP,5,0.85,0.753,0.4314825340348983,0.013637851736985557,1000.0,6.186534129564632,5.313093693241036,0.16801477492517639,4.976991776550673,3.3094045201073614,7.375139675463504,0.6090783101639119,81.0125687018139,1000.0,1000.0,0.0,1.0,0.0
fixedN21,0.15,Std-CP,10,0.85,0.835,0.3713662786426804,0.011737759581794136,1000.0,46.52805337450662,204.68362032690507,6.472664399621583,12.469147066546313,7.254636154247172,27.427608832217295,1.164797642300389,4737.1595449011065,1000.0,1000.0,0.0,1.0,0.0
fixedN21,0.15,Std-CP,15,0.85,0.892,0.3105357184486713,0.009815090422405694,1000.0,8.657120063665548,6.434654068714966,0.20348162812408907,7.140335338872662,5.243788034206745,9.893891117245333,2.1645314044819237,67.4541291555025,1000.0,1000.0,0.0,1.0,0.0
fixedN21,0.15,Std-CP,20,0.85,0.911,0.2848862231842041,0.009004387819280108,1000.0,6.797695111847204,2.9316960420191176,0.09270836900081114,6.280945806251863,4.733816189238676,8.132264841910278,1.533630774836606,22.873091694503756,1000.0,1000.0,0.0,1.0,0.0
fixedN21,0.15,Std-CP,25,0.85,0.864,0.3429600875052688,0.010839926199010766,1000.0,5.189511955978853,1.8499268008512861,0.05849982195278781,4.925332901380433,3.8752262452468553,6.109271926593099,1.5820848179671678,18.790601194062308,1000.0,1000.0,0.0,1.0,0.0
fixedN21,0.15,Std-CP,30,0.85,0.876,0.3297464673544399,0.010422283818818216,1000.0,5.098552614729498,1.6296393008494208,0.0515337195520854,4.890825105650861,3.907143351250704,6.05995577955488,1.7144850709460364,14.431400040194148,1000.0,1000.0,0.0,1.0,0.0
fixedN21,0.15,Std-CP,35,0.85,0.903,0.296105857217784,0.009359006357514668,1000.0,5.2179237984937465,1.5470705691702311,0.04892266699591001,5.041509414171742,4.063106214301466,6.113015745253893,2.0624538600299833,12.361063778976458,1000.0,1000.0,0.0,1.0,0.0
fixedN21,0.175,D-HCP,0,0.825,0.89,0.3130463192532345,0.009894442884771228,1000.0,29.552761901793282,12.186713045357042,0.38537770414215133,26.801845991178915,21.849949192596238,34.09172398306781,9.011780286379448,148.42096044250408,1000.0,1000.0,0.0,1.0,0.0
fixedN21,0.175,D-HCP,5,0.825,0.881,0.32395052700056526,0.010239091756596383,1000.0,17.31589557056871,6.19422870628197,0.19587871059849155,16.013202264034042,13.365742497704787,19.828751320138718,7.00907936890298,72.73125259984633,1000.0,1000.0,0.0,1.0,0.0
fixedN21,0.175,D-HCP,10,0.825,0.88,0.32512413891574665,0.010276186062932104,1000.0,11.181295494083706,3.7321927454675254,0.11802229742434446,10.333731094180791,8.840511225268195,12.645627168752162,4.738919480559999,46.024466018185024,1000.0,1000.0,0.0,1.0,0.0
fixedN21,0.175,D-HCP,15,0.825,0.854,0.35328290194801226,0.011166198995181844,1000.0,8.92523797035772,2.8236629006274843,0.0892920611050054,8.294528000889922,7.177258510623736,10.013077798931779,4.175984833291004,35.990834355113876,1000.0,1000.0,0.0,1.0,0.0
fixedN21,0.175,D-HCP,20,0.825,0.823,0.38185968210432586,0.012069424178476786,1000.0,6.882335309576974,1.9799592503589887,0.06261180905453961,6.418905043615954,5.664311729129377,7.576837955425301,3.640192551592584,27.273831825945187,1000.0,1000.0,0.0,1.0,0.0
fixedN21,0.175,D-HCP,25,0.825,0.835,0.3713662786426804,0.011737759581794136,1000.0,6.089229318919299,2.1971625730879265,0.06948038120634024,5.795596902318759,4.4447096690159,7.372418807354767,1.852417307856073,16.446695269975308,1000.0,1000.0,0.0,1.0,0.0
fixedN21,0.175,D-HCP,30,0.825,0.855,0.35227702039602166,0.011134406135937382,1000.0,5.915389694853054,1.9663112659642163,0.06218022189296046,5.5933535678674104,4.488986620291866,7.012562709644843,1.8994065053531108,16.04096329231961,1000.0,1000.0,0.0,1.0,0.0
fixedN21,0.175,D-HCP,35,0.825,0.838,0.3686351745179669,0.011651437679531227,1000.0,5.261304834752004,1.6422931620855237,0.05193386977910339,5.026137753457586,4.081478503045835,6.192533417030942,1.877894801805578,13.762093467831695,1000.0,1000.0,0.0,1.0,0.0
fixedN21,0.175,D-HCP no within,0,0.825,0.89,0.3130463192532345,0.009894442884771228,1000.0,29.552761901793282,12.186713045357042,0.38537770414215133,26.801845991178915,21.849949192596238,34.09172398306781,9.011780286379448,148.42096044250408,1000.0,1000.0,0.0,1.0,0.0
fixedN21,0.175,D-HCP no within,5,0.825,0.871,0.33536766610910995,0.010599952830083727,1000.0,26.96440074603098,10.130976740902447,0.3203696142344127,24.945655025555837,20.50369097222513,31.102197505791352,8.730112732238563,116.1894345485462,1000.0,1000.0,0.0,1.0,0.0
fixedN21,0.175,D-HCP no within,10,0.825,0.861,0.3461196307619647,0.010939789760319894,1000.0,25.848506105856526,9.930609125931495,0.31403343390797406,23.80324551451752,19.603745336291848,29.78415775149331,8.68644434829704,115.40259294835307,1000.0,1000.0,0.0,1.0,0.0
fixedN21,0.175,D-HCP no within,15,0.825,0.852,0.3552776691859794,0.011229247525992114,1000.0,24.88058084577149,9.726658930365879,0.3075839624357328,22.92078323720257,18.659362117151186,28.62221761589318,8.450491909168544,113.59366276834363,1000.0,1000.0,0.0,1.0,0.0
fixedN21,0.175,D-HCP no within,20,0.825,0.84,0.366789496216201,0.011593101396951551,1000.0,23.950494922893025,9.47200056230879,0.2995309577529141,21.929055055802216,17.981263566074638,27.6135676275131,8.233272403416219,112.1790400223202,1000.0,1000.0,0.0,1.0,0.0
fixedN21,0.175,D-HCP no within,25,0.825,0.839,0.3677148544921924,0.011622349160131098,1000.0,13.16158864944148,7.203107734062074,0.22778226671210575,11.678197237831622,7.402248995368343,17.24298991507672,2.1119322074214413,47.91845748431935,1000.0,1000.0,0.0,1.0,0.0
fixedN21,0.175,D-HCP no within,30,0.825,0.837,0.36955049393495276,0.011680368144883107,1000.0,13.036254076813655,7.177104935181586,0.22695998601208955,11.662802403892272,7.163721521237296,17.063254730559073,2.4750542430369915,47.77905317971293,1000.0,1000.0,0.0,1.0,0.0
fixedN21,0.175,D-HCP no within,35,0.825,0.832,0.3740533597174551,0.011822690049223148,1000.0,12.936599828150596,7.15124130694876,0.2261421062743739,11.458151140577709,7.042117676493811,17.009375148349847,2.4750542430369915,47.77905317971293,1000.0,1000.0,0.0,1.0,0.0
fixedN21,0.175,HCP,0,0.825,0.899,0.3014795016081357,0.009528850927577784,1000.0,29.27135739419025,12.219007303063522,0.3863989382391205,26.643824236750817,22.086660890997937,33.25883897027091,10.225438124067791,142.1152467831007,1000.0,1000.0,0.0,1.0,0.0
fixedN21,0.175,HCP,5,0.825,0.899,0.3014795016081357,0.009528850927577784,1000.0,29.27135739419025,12.219007303063522,0.3863989382391205,26.643824236750817,22.086660890997937,33.25883897027091,10.225438124067791,142.1152467831007,1000.0,1000.0,0.0,1.0,0.0
fixedN21,0.175,HCP,10,0.825,0.899,0.3014795016081357,0.009528850927577784,1000.0,29.27135739419025,12.219007303063522,0.3863989382391205,26.643824236750817,22.086660890997937,33.25883897027091,10.225438124067791,142.1152467831007,1000.0,1000.0,0.0,1.0,0.0
fixedN21,0.175,HCP,15,0.825,0.899,0.3014795016081357,0.009528850927577784,1000.0,29.27135739419025,12.219007303063522,0.3863989382391205,26.643824236750817,22.086660890997937,33.25883897027091,10.225438124067791,142.1152467831007,1000.0,1000.0,0.0,1.0,0.0
fixedN21,0.175,HCP,20,0.825,0.899,0.3014795016081357,0.009528850927577784,1000.0,29.27135739419025,12.219007303063522,0.3863989382391205,26.643824236750817,22.086660890997937,33.25883897027091,10.225438124067791,142.1152467831007,1000.0,1000.0,0.0,1.0,0.0
fixedN21,0.175,HCP,25,0.825,0.899,0.3014795016081357,0.009528850927577784,1000.0,29.27135739419025,12.219007303063522,0.3863989382391205,26.643824236750817,22.086660890997937,33.25883897027091,10.225438124067791,142.1152467831007,1000.0,1000.0,0.0,1.0,0.0
fixedN21,0.175,HCP,30,0.825,0.899,0.3014795016081357,0.009528850927577784,1000.0,29.27135739419025,12.219007303063522,0.3863989382391205,26.643824236750817,22.086660890997937,33.25883897027091,10.225438124067791,142.1152467831007,1000.0,1000.0,0.0,1.0,0.0
fixedN21,0.175,HCP,35,0.825,0.899,0.3014795016081357,0.009528850927577784,1000.0,29.27135739419025,12.219007303063522,0.3863989382391205,26.643824236750817,22.086660890997937,33.25883897027091,10.225438124067791,142.1152467831007,1000.0,1000.0,0.0,1.0,0.0
fixedN21,0.175,Std-CP,0,0.825,1.0,0.0,0.0,1000.0,,,,,,,,,1000.0,0.0,1000.0,0.0,1.0
fixedN21,0.175,Std-CP,5,0.825,0.753,0.4314825340348983,0.013637851736985557,1000.0,6.186534129564632,5.313093693241036,0.16801477492517639,4.976991776550673,3.3094045201073614,7.375139675463504,0.6090783101639119,81.0125687018139,1000.0,1000.0,0.0,1.0,0.0
fixedN21,0.175,Std-CP,10,0.825,0.835,0.3713662786426804,0.011737759581794136,1000.0,46.52805337450662,204.68362032690507,6.472664399621583,12.469147066546313,7.254636154247172,27.427608832217295,1.164797642300389,4737.1595449011065,1000.0,1000.0,0.0,1.0,0.0
fixedN21,0.175,Std-CP,15,0.825,0.892,0.3105357184486713,0.009815090422405694,1000.0,8.657120063665548,6.434654068714966,0.20348162812408907,7.140335338872662,5.243788034206745,9.893891117245333,2.1645314044819237,67.4541291555025,1000.0,1000.0,0.0,1.0,0.0
fixedN21,0.175,Std-CP,20,0.825,0.911,0.2848862231842041,0.009004387819280108,1000.0,6.797695111847204,2.9316960420191176,0.09270836900081114,6.280945806251863,4.733816189238676,8.132264841910278,1.533630774836606,22.873091694503756,1000.0,1000.0,0.0,1.0,0.0
fixedN21,0.175,Std-CP,25,0.825,0.864,0.3429600875052688,0.010839926199010766,1000.0,5.189511955978853,1.8499268008512861,0.05849982195278781,4.925332901380433,3.8752262452468553,6.109271926593099,1.5820848179671678,18.790601194062308,1000.0,1000.0,0.0,1.0,0.0
fixedN21,0.175,Std-CP,30,0.825,0.876,0.3297464673544399,0.010422283818818216,1000.0,5.098552614729498,1.6296393008494208,0.0515337195520854,4.890825105650861,3.907143351250704,6.05995577955488,1.7144850709460364,14.431400040194148,1000.0,1000.0,0.0,1.0,0.0
fixedN21,0.175,Std-CP,35,0.825,0.845,0.36208577175319395,0.011444430960078356,1000.0,4.500601727612964,1.318578586588295,0.04169711607544563,4.346618900043053,3.505247586090441,5.300721758448497,1.7072158316295032,10.307732274793786,1000.0,1000.0,0.0,1.0,0.0
fixedN21,0.2,D-HCP,0,0.8,0.852,0.3552776691859794,0.011229247525992114,1000.0,26.43053300628761,10.066250791992077,0.318322800011688,24.518010323540945,20.053972117327554,30.345251764269257,8.529862470075624,115.83050799260164,1000.0,1000.0,0.0,1.0,0.0
fixedN21,0.2,D-HCP,5,0.8,0.855,0.3522770203960217,0.011134406135937382,1000.0,16.246789576185076,5.951427141014648,0.18820065094150387,15.060358558691995,12.53197235560266,18.66199552132017,6.563689651283719,71.59632338102355,1000.0,1000.0,0.0,1.0,0.0
fixedN21,0.2,D-HCP,10,0.8,0.852,0.3552776691859794,0.011229247525992114,1000.0,10.417849839242841,3.553720402267117,0.11237850638573892,9.575349166758107,8.160651027131104,11.76269867643791,4.347302715269112,44.98526380390726,1000.0,1000.0,0.0,1.0,0.0
fixedN21,0.2,D-HCP,15,0.8,0.827,0.3784365392165696,0.011961229033840963,1000.0,8.400088333006712,2.7046693602520797,0.08552915496067054,7.779977530150643,6.758635872835862,9.41538304883917,3.775580922569059,35.47697785707673,1000.0,1000.0,0.0,1.0,0.0
fixedN21,0.2,D-HCP,20,0.8,0.804,0.39716714584887525,0.01255324659201754,1000.0,6.518414220849267,1.893064435226726,0.05986395372776746,6.056434544784914,5.341022371984348,7.177193711549701,3.4610463248160492,26.222882492886896,1000.0,1000.0,0.0,1.0,0.0
fixedN21,0.2,D-HCP,25,0.8,0.835,0.3713662786426804,0.011737759581794136,1000.0,6.089229318919299,2.1971625730879265,0.06948038120634024,5.795596902318759,4.4447096690159,7.372418807354767,1.852417307856073,16.446695269975308,1000.0,1000.0,0.0,1.0,0.0
fixedN21,0.2,D-HCP,30,0.8,0.801,0.39944781706570703,0.012625331678811452,1000.0,5.16291097202275,1.7920808080534394,0.05667057104523889,4.829872028094609,3.820311303584159,6.179480095753421,1.718604918550671,14.126389323929608,1000.0,1000.0,0.0,1.0,0.0
fixedN21,0.2,D-HCP,35,0.8,0.838,0.3686351745179669,0.011651437679531227,1000.0,5.261304834752004,1.6422931620855237,0.05193386977910339,5.026137753457586,4.081478503045835,6.192533417030942,1.877894801805578,13.762093467831695,1000.0,1000.0,0.0,1.0,0.0
fixedN21,0.2,D-HCP no within,0,0.8,0.852,0.3552776691859794,0.011229247525992114,1000.0,26.43053300628761,10.066250791992077,0.318322800011688,24.518010323540945,20.053972117327554,30.345251764269257,8.529862470075624,115.83050799260164,1000.0,1000.0,0.0,1.0,0.0
fixedN21,0.2,D-HCP no within,5,0.8,0.847,0.3601676286407771,0.011383804285035824,1000.0,25.36193098049388,9.833258373696342,0.31095493281803593,23.470804417430934,19.1480873710295,29.241704430921363,8.450491909168544,115.05259782454296,1000.0,1000.0,0.0,1.0,0.0
fixedN21,0.2,D-HCP no within,10,0.8,0.841,0.3658590614606298,0.011563693181678596,1000.0,24.407978000467388,9.60623084985153,0.303775692149058,22.51271503379175,18.392881755862717,28.140757120950337,8.34707223263177,113.57353161235248,1000.0,1000.0,0.0,1.0,0.0
fixedN21,0.2,D-HCP no within,15,0.8,0.824,0.3810107205436209,0.012042591083317579,1000.0,23.47434736610136,9.306818757192717,0.2943074504310657,21.550050422646663,17.687946281873888,26.98428066526971,7.943340098187351,111.440851418072,1000.0,1000.0,0.0,1.0,0.0
fixedN21,0.2,D-HCP no within,20,0.8,0.813,0.3901066305296324,0.012330085157856779,1000.0,22.398283957664827,8.872118853892868,0.280561032500241,20.62239256932699,16.83071326288767,25.703674908859796,7.625867799025306,110.64186524164757,1000.0,1000.0,0.0,1.0,0.0
fixedN21,0.2,D-HCP no within,25,0.8,0.807,0.394850486775573,0.012480024038438387,1000.0,12.629450396313631,7.158013300087645,0.22635625550055297,11.13401458357811,6.884463710274868,16.60119090154827,2.038085888117509,47.77905317971293,1000.0,1000.0,0.0,1.0,0.0
fixedN21,0.2,D-HCP no within,30,0.8,0.807,0.394850486775573,0.012480024038438387,1000.0,12.596185466756355,7.136478748663446,0.22567527319164807,11.165956772570134,6.822679097357696,16.68866240902875,2.252713727716801,47.21664535874798,1000.0,1000.0,0.0,1.0,0.0
fixedN21,0.2,D-HCP no within,35,0.8,0.808,0.3940701603665156,0.01245536029185828,1000.0,12.574199469600178,7.111313072771355,0.2248794646448821,11.068061759281584,6.708257607947506,16.6908877380123,2.252713727716801,47.47293841068095,1000.0,1000.0,0.0,1.0,0.0
fixedN21,0.2,HCP,0,0.8,0.861,0.3461196307619647,0.010939789760319894,1000.0,26.092440584457368,9.999887538189181,0.3162242096621182,24.205098958866216,19.89531648694824,29.61906870773592,9.31742256692224,113.4979830266128,1000.0,1000.0,0.0,1.0,0.0
fixedN21,0.2,HCP,5,0.8,0.861,0.3461196307619647,0.010939789760319894,1000.0,26.092440584457368,9.999887538189181,0.3162242096621182,24.205098958866216,19.89531648694824,29.61906870773592,9.31742256692224,113.4979830266128,1000.0,1000.0,0.0,1.0,0.0
fixedN21,0.2,HCP,10,0.8,0.861,0.3461196307619647,0.010939789760319894,1000.0,26.092440584457368,9.999887538189181,0.3162242096621182,24.205098958866216,19.89531648694824,29.61906870773592,9.31742256692224,113.4979830266128,1000.0,1000.0,0.0,1.0,0.0
fixedN21,0.2,HCP,15,0.8,0.861,0.3461196307619647,0.010939789760319894,1000.0,26.092440584457368,9.999887538189181,0.3162242096621182,24.205098958866216,19.89531648694824,29.61906870773592,9.31742256692224,113.4979830266128,1000.0,1000.0,0.0,1.0,0.0
fixedN21,0.2,HCP,20,0.8,0.861,0.3461196307619647,0.010939789760319894,1000.0,26.092440584457368,9.999887538189181,0.3162242096621182,24.205098958866216,19.89531648694824,29.61906870773592,9.31742256692224,113.4979830266128,1000.0,1000.0,0.0,1.0,0.0
fixedN21,0.2,HCP,25,0.8,0.861,0.3461196307619647,0.010939789760319894,1000.0,26.092440584457368,9.999887538189181,0.3162242096621182,24.205098958866216,19.89531648694824,29.61906870773592,9.31742256692224,113.4979830266128,1000.0,1000.0,0.0,1.0,0.0
fixedN21,0.2,HCP,30,0.8,0.861,0.3461196307619647,0.010939789760319894,1000.0,26.092440584457368,9.999887538189181,0.3162242096621182,24.205098958866216,19.89531648694824,29.61906870773592,9.31742256692224,113.4979830266128,1000.0,1000.0,0.0,1.0,0.0
fixedN21,0.2,HCP,35,0.8,0.861,0.3461196307619647,0.010939789760319894,1000.0,26.092440584457368,9.999887538189181,0.3162242096621182,24.205098958866216,19.89531648694824,29.61906870773592,9.31742256692224,113.4979830266128,1000.0,1000.0,0.0,1.0,0.0
fixedN21,0.2,Std-CP,0,0.8,1.0,0.0,0.0,1000.0,,,,,,,,,1000.0,0.0,1000.0,0.0,1.0
fixedN21,0.2,Std-CP,5,0.8,0.753,0.4314825340348983,0.013637851736985557,1000.0,6.186534129564632,5.313093693241036,0.16801477492517639,4.976991776550673,3.3094045201073614,7.375139675463504,0.6090783101639119,81.0125687018139,1000.0,1000.0,0.0,1.0,0.0
fixedN21,0.2,Std-CP,10,0.8,0.835,0.3713662786426804,0.011737759581794136,1000.0,46.52805337450662,204.68362032690507,6.472664399621583,12.469147066546313,7.254636154247172,27.427608832217295,1.164797642300389,4737.1595449011065,1000.0,1000.0,0.0,1.0,0.0
fixedN21,0.2,Std-CP,15,0.8,0.892,0.3105357184486713,0.009815090422405694,1000.0,8.657120063665548,6.434654068714966,0.20348162812408907,7.140335338872662,5.243788034206745,9.893891117245333,2.1645314044819237,67.4541291555025,1000.0,1000.0,0.0,1.0,0.0
fixedN21,0.2,Std-CP,20,0.8,0.823,0.3818596821043258,0.012069424178476786,1000.0,5.157830498781411,2.117785258223038,0.06697025011112637,4.809065213010219,3.6463764658305133,6.129013502793725,1.2761259492461217,15.516797640134286,1000.0,1000.0,0.0,1.0,0.0
fixedN21,0.2,Std-CP,25,0.8,0.864,0.3429600875052688,0.010839926199010766,1000.0,5.189511955978853,1.8499268008512861,0.05849982195278781,4.925332901380433,3.8752262452468553,6.109271926593099,1.5820848179671678,18.790601194062308,1000.0,1000.0,0.0,1.0,0.0
fixedN21,0.2,Std-CP,30,0.8,0.816,0.387678080750375,0.012253326079069309,1000.0,4.344615048075204,1.3626272554789782,0.043090057291377236,4.166111641676752,3.332934642648441,5.24824341553534,1.4605299116586403,11.997684756499671,1000.0,1000.0,0.0,1.0,0.0
fixedN21,0.2,Std-CP,35,0.8,0.845,0.36208577175319395,0.011444430960078356,1000.0,4.500601727612964,1.318578586588295,0.04169711607544563,4.346618900043053,3.505247586090441,5.300721758448497,1.7072158316295032,10.307732274793786,1000.0,1000.0,0.0,1.0,0.0
fixedN21,0.225,D-HCP,0,0.775,0.839,0.3677148544921924,0.011622349160131098,1000.0,25.185057074226656,9.863099795229017,0.3118986014246404,23.244471756792528,18.92770534400534,29.170531179927572,8.231139460000723,115.05259782454296,1000.0,1000.0,0.0,1.0,0.0
fixedN21,0.225,D-HCP,5,0.775,0.832,0.3740533597174551,0.011822690049223148,1000.0,15.216686020228869,5.744244355220698,0.1816489559906273,14.07947255205978,11.637532267212887,17.42535137391336,6.242349529019158,70.59033198032492,1000.0,1000.0,0.0,1.0,0.0
fixedN21,0.225,D-HCP,10,0.775,0.821,0.3835441384066586,0.012122664723566351,1000.0,9.876378859721136,3.4273201499042,0.10838137944286994,9.125847865074963,7.7564462795260205,11.089722831867281,4.155421519317905,44.13481179987781,1000.0,1000.0,0.0,1.0,0.0
fixedN21,0.225,D-HCP,15,0.775,0.803,0.3979313374809144,0.012577400367325513,1000.0,7.912680811453545,2.5679547599507853,0.08120585969715421,7.333842763562007,6.356861719015097,8.854774041237741,3.730239326100961,34.61767276709143,1000.0,1000.0,0.0,1.0,0.0
fixedN21,0.225,D-HCP,20,0.775,0.782,0.4130939925085412,0.013056645817360598,1000.0,6.18669567285945,1.8252040565232523,0.05771802013192185,5.769836700787362,5.071942069509739,6.801304997510114,3.412753575410786,25.854504992214352,1000.0,1000.0,0.0,1.0,0.0
fixedN21,0.225,D-HCP,25,0.775,0.778,0.4157990967870047,0.013142145943490354,1000.0,5.276665799771385,2.0468041955773733,0.06472563182413238,4.916231020720766,3.765362923298219,6.451261584291291,1.471691182959371,15.795051789961152,1000.0,1000.0,0.0,1.0,0.0
fixedN21,0.225,D-HCP,30,0.775,0.801,0.39944781706570703,0.012625331678811452,1000.0,5.16291097202275,1.7920808080534394,0.05667057104523889,4.829872028094609,3.820311303584159,6.179480095753421,1.718604918550671,14.126389323929608,1000.0,1000.0,0.0,1.0,0.0
fixedN21,0.225,D-HCP,35,0.775,0.771,0.4203994954037596,0.013287550564344055,1000.0,4.723339618067837,1.53641373360755,0.048585668265630474,4.404138255371401,3.640365866409581,5.536046494085955,1.7221161489771126,12.52409349133586,1000.0,1000.0,0.0,1.0,0.0
fixedN21,0.225,D-HCP no within,0,0.775,0.839,0.3677148544921924,0.011622349160131098,1000.0,25.185057074226656,9.863099795229017,0.3118986014246404,23.244471756792528,18.92770534400534,29.170531179927572,8.231139460000723,115.05259782454296,1000.0,1000.0,0.0,1.0,0.0
fixedN21,0.225,D-HCP no within,5,0.775,0.828,0.3775692765024169,0.011933817494833748,1000.0,24.232720142466697,9.62727405349385,0.30444113667682277,22.353801849199005,18.14085545152016,28.028608128724073,8.075303906756107,113.57353161235248,1000.0,1000.0,0.0,1.0,0.0
fixedN21,0.225,D-HCP no within,10,0.775,0.812,0.3909076729981247,0.01235540367612487,1000.0,23.296330547826255,9.30719210940868,0.29431925686478483,21.4077707834755,17.471673320610297,26.805790516479938,7.886269588122536,111.440851418072,1000.0,1000.0,0.0,1.0,0.0
fixedN21,0.225,D-HCP no within,15,0.775,0.799,0.40094857495663927,0.01267276607532862,1000.0,22.213495293338536,8.857963359033604,0.28011339644862027,20.46612462010983,16.692648926105647,25.40636800113045,7.516770022358312,110.64186524164757,1000.0,1000.0,0.0,1.0,0.0
fixedN21,0.225,D-HCP no within,20,0.775,0.782,0.4130939925085412,0.013056645817360598,1000.0,21.465126772605853,8.653914595444462,0.273660807981791,19.64294186997191,15.941361986514359,24.632256395326444,7.160015594570442,109.10853086861206,1000.0,1000.0,0.0,1.0,0.0
fixedN21,0.225,D-HCP no within,25,0.775,0.807,0.394850486775573,0.012480024038438387,1000.0,12.629450396313631,7.158013300087645,0.22635625550055297,11.13401458357811,6.884463710274868,16.60119090154827,2.038085888117509,47.77905317971293,1000.0,1000.0,0.0,1.0,0.0
fixedN21,0.225,D-HCP no within,30,0.775,0.807,0.394850486775573,0.012480024038438387,1000.0,12.596185466756355,7.136478748663446,0.22567527319164807,11.165956772570134,6.822679097357696,16.68866240902875,2.252713727716801,47.21664535874798,1000.0,1000.0,0.0,1.0,0.0
fixedN21,0.225,D-HCP no within,35,0.775,0.771,0.4203994954037596,0.013287550564344055,1000.0,12.24403380379001,7.09291828578313,0.22429777040531787,10.705742297024354,6.546740092907944,16.299392410091546,2.1119322074214413,47.21664535874798,1000.0,1000.0,0.0,1.0,0.0
fixedN21,0.225,HCP,0,0.775,0.842,0.36492351139542817,0.011534123287012326,1000.0,24.888763716955612,9.755017831277522,0.308480749623931,23.00113616021612,18.873401570556588,28.311897579281737,8.952577066504016,110.28965914605791,1000.0,1000.0,0.0,1.0,0.0
fixedN21,0.225,HCP,5,0.775,0.842,0.36492351139542817,0.011534123287012326,1000.0,24.888763716955612,9.755017831277522,0.308480749623931,23.00113616021612,18.873401570556588,28.311897579281737,8.952577066504016,110.28965914605791,1000.0,1000.0,0.0,1.0,0.0
fixedN21,0.225,HCP,10,0.775,0.842,0.36492351139542817,0.011534123287012326,1000.0,24.888763716955612,9.755017831277522,0.308480749623931,23.00113616021612,18.873401570556588,28.311897579281737,8.952577066504016,110.28965914605791,1000.0,1000.0,0.0,1.0,0.0
fixedN21,0.225,HCP,15,0.775,0.842,0.36492351139542817,0.011534123287012326,1000.0,24.888763716955612,9.755017831277522,0.308480749623931,23.00113616021612,18.873401570556588,28.311897579281737,8.952577066504016,110.28965914605791,1000.0,1000.0,0.0,1.0,0.0
fixedN21,0.225,HCP,20,0.775,0.842,0.36492351139542817,0.011534123287012326,1000.0,24.888763716955612,9.755017831277522,0.308480749623931,23.00113616021612,18.873401570556588,28.311897579281737,8.952577066504016,110.28965914605791,1000.0,1000.0,0.0,1.0,0.0
fixedN21,0.225,HCP,25,0.775,0.842,0.36492351139542817,0.011534123287012326,1000.0,24.888763716955612,9.755017831277522,0.308480749623931,23.00113616021612,18.873401570556588,28.311897579281737,8.952577066504016,110.28965914605791,1000.0,1000.0,0.0,1.0,0.0
fixedN21,0.225,HCP,30,0.775,0.842,0.36492351139542817,0.011534123287012326,1000.0,24.888763716955612,9.755017831277522,0.308480749623931,23.00113616021612,18.873401570556588,28.311897579281737,8.952577066504016,110.28965914605791,1000.0,1000.0,0.0,1.0,0.0
fixedN21,0.225,HCP,35,0.775,0.842,0.36492351139542817,0.011534123287012326,1000.0,24.888763716955612,9.755017831277522,0.308480749623931,23.00113616021612,18.873401570556588,28.311897579281737,8.952577066504016,110.28965914605791,1000.0,1000.0,0.0,1.0,0.0
fixedN21,0.225,Std-CP,0,0.775,1.0,0.0,0.0,1000.0,,,,,,,,,1000.0,0.0,1000.0,0.0,1.0
fixedN21,0.225,Std-CP,5,0.775,0.753,0.4314825340348983,0.013637851736985557,1000.0,6.186534129564632,5.313093693241036,0.16801477492517639,4.976991776550673,3.3094045201073614,7.375139675463504,0.6090783101639119,81.0125687018139,1000.0,1000.0,0.0,1.0,0.0
fixedN21,0.225,Std-CP,10,0.775,0.835,0.3713662786426804,0.011737759581794136,1000.0,46.52805337450662,204.68362032690507,6.472664399621583,12.469147066546313,7.254636154247172,27.427608832217295,1.164797642300389,4737.1595449011065,1000.0,1000.0,0.0,1.0,0.0
fixedN21,0.225,Std-CP,15,0.775,0.772,0.4197525368502163,0.013267102170406315,1000.0,6.413519460415065,4.90442859571353,0.15509164984115872,5.330368679540477,3.908634471223372,7.35943024869314,1.2508122723248043,65.42509418870655,1000.0,1000.0,0.0,1.0,0.0
fixedN21,0.225,Std-CP,20,0.775,0.823,0.3818596821043258,0.012069424178476786,1000.0,5.157830498781411,2.117785258223038,0.06697025011112637,4.809065213010219,3.6463764658305133,6.129013502793725,1.2761259492461217,15.516797640134286,1000.0,1000.0,0.0,1.0,0.0
fixedN21,0.225,Std-CP,25,0.775,0.787,0.409632516774241,0.012947239087929132,1000.0,4.334862713056775,1.5116182609009599,0.04780156657149682,4.187983210893895,3.269412689875381,5.163540492832902,1.2727658801834745,13.259502582186052,1000.0,1000.0,0.0,1.0,0.0
fixedN21,0.225,Std-CP,30,0.775,0.816,0.387678080750375,0.012253326079069309,1000.0,4.344615048075204,1.3626272554789782,0.043090057291377236,4.166111641676752,3.332934642648441,5.24824341553534,1.4605299116586403,11.997684756499671,1000.0,1000.0,0.0,1.0,0.0
fixedN21,0.225,Std-CP,35,0.775,0.787,0.409632516774241,0.012947239087929132,1000.0,3.964691022350662,1.1989475479002583,0.037914050464386444,3.792353615262142,3.0745412665976284,4.644769400859966,1.6154363680536044,9.8653757188251,1000.0,1000.0,0.0,1.0,0.0
fixedN21,0.25,D-HCP,0,0.75,0.81,0.3924972026066607,0.012405643876881197,1000.0,23.867104337533878,9.597574579764562,0.303501956853894,21.926880044446005,17.83789556187132,27.54372787357663,7.943340098187351,113.095653140838,1000.0,1000.0,0.0,1.0,0.0
fixedN21,0.25,D-HCP,5,0.75,0.807,0.394850486775573,0.012480024038438387,1000.0,14.414077096076522,5.535246550096046,0.1750398650889282,13.277277265625823,11.051015582016571,16.49071143176561,5.852443746765972,69.09483873565546,1000.0,1000.0,0.0,1.0,0.0
fixedN21,0.25,D-HCP,10,0.75,0.79,0.4075120440748544,0.01288021738946979,1000.0,9.260535012030502,3.264226508680184,0.10322390566128771,8.517748221549462,7.256738738142267,10.411678080752477,3.873793749921059,43.070552285674864,1000.0,1000.0,0.0,1.0,0.0
fixedN21,0.25,D-HCP,15,0.75,0.777,0.41646661864361284,0.013163244280951409,1000.0,7.47086160452432,2.4608703944500547,0.07781955472939156,6.92158692165624,6.005287839973341,8.347307361058519,3.470458354594662,33.51868503715983,1000.0,1000.0,0.0,1.0,0.0
fixedN21,0.25,D-HCP,20,0.75,0.754,0.43089403531456505,0.013619251080731275,1000.0,5.881071217252686,1.771173531460608,0.056009424908194175,5.4816879026464935,4.793777431129488,6.426784442153087,3.1720806412088276,25.67969886301979,1000.0,1000.0,0.0,1.0,0.0
fixedN21,0.25,D-HCP,25,0.75,0.778,0.4157990967870047,0.013142145943490354,1000.0,5.276665799771385,2.0468041955773733,0.06472563182413238,4.916231020720766,3.765362923298219,6.451261584291291,1.471691182959371,15.795051789961152,1000.0,1000.0,0.0,1.0,0.0
fixedN21,0.25,D-HCP,30,0.75,0.728,0.44521254947969985,0.014071815803228808,1000.0,4.564666648797548,1.6996888099306355,0.05374887952881827,4.275703359351805,3.3473794515575737,5.487757887086472,1.2057287883305552,12.903749853965294,1000.0,1000.0,0.0,1.0,0.0
fixedN21,0.25,D-HCP,35,0.75,0.771,0.4203994954037596,0.013287550564344055,1000.0,4.723339618067837,1.53641373360755,0.048585668265630474,4.404138255371401,3.640365866409581,5.536046494085955,1.7221161489771126,12.52409349133586,1000.0,1000.0,0.0,1.0,0.0
fixedN21,0.25,D-HCP no within,0,0.75,0.81,0.3924972026066607,0.012405643876881197,1000.0,23.867104337533878,9.597574579764562,0.303501956853894,21.926880044446005,17.83789556187132,27.54372787357663,7.943340098187351,113.095653140838,1000.0,1000.0,0.0,1.0,0.0
fixedN21,0.25,D-HCP no within,5,0.75,0.798,0.4016931134054421,0.01269629867323544,1000.0,22.866017303184236,9.224903993788761,0.2917170781675626,21.06304714073616,17.08658529409596,26.364978045351968,7.516770022358312,111.24072249969814,1000.0,1000.0,0.0,1.0,0.0
fixedN21,0.25,D-HCP no within,10,0.75,0.787,0.40963251677424095,0.012947239087929132,1000.0,21.834521525557246,8.789911760815116,0.27796141596076945,20.05483436804934,16.31257538188788,24.843337603137176,7.21532049958558,110.12534505838175,1000.0,1000.0,0.0,1.0,0.0
fixedN21,0.25,D-HCP no within,15,0.75,0.77,0.42104308244795724,0.013307892395116514,1000.0,21.10866923743013,8.604655390251983,0.27210309514041275,19.418837379548172,15.678100863457004,24.0405300335059,6.954134702294613,109.0230725316244,1000.0,1000.0,0.0,1.0,0.0
fixedN21,0.25,D-HCP no within,20,0.75,0.76,0.4272968319360472,0.013505554412907307,1000.0,20.448584670137244,8.439693809895488,0.2668865519369386,18.66441807866925,15.142089922507129,23.400514309358424,6.757856114444628,107.16279840747616,1000.0,1000.0,0.0,1.0,0.0
fixedN21,0.25,D-HCP no within,25,0.75,0.774,0.41844844258175834,0.013225883713385657,1000.0,12.177824227424988,7.124742058897767,0.22530412647314474,10.632818966593105,6.4242489127099995,16.221691101768418,2.035777248590561,47.21664535874798,1000.0,1000.0,0.0,1.0,0.0
fixedN21,0.25,D-HCP no within,30,0.75,0.775,0.41779127509983927,0.013205112646244256,1000.0,12.21047279098729,7.1186921807422765,0.22511281252776624,10.711983616003565,6.464281800890447,16.26338747840131,2.1119322074214413,47.00142596369197,1000.0,1000.0,0.0,1.0,0.0
fixedN21,0.25,D-HCP no within,35,0.75,0.743,0.4371980582552285,0.013818502089589886,1000.0,11.950799061771944,7.071839268281234,0.22363119334387246,10.441695464209094,6.27634272360853,16.01934911748678,2.038085888117509,47.00142596369197,1000.0,1000.0,0.0,1.0,0.0
fixedN21,0.25,HCP,0,0.75,0.819,0.3852108349818153,0.012175343937647102,1000.0,23.612937814342047,9.451029167339776,0.2988677840147833,21.827520000043076,17.716275282792793,26.813848963075827,8.723222083104751,104.45974013240227,1000.0,1000.0,0.0,1.0,0.0
fixedN21,0.25,HCP,5,0.75,0.819,0.3852108349818153,0.012175343937647102,1000.0,23.612937814342047,9.451029167339776,0.2988677840147833,21.827520000043076,17.716275282792793,26.813848963075827,8.723222083104751,104.45974013240227,1000.0,1000.0,0.0,1.0,0.0
fixedN21,0.25,HCP,10,0.75,0.819,0.3852108349818153,0.012175343937647102,1000.0,23.612937814342047,9.451029167339776,0.2988677840147833,21.827520000043076,17.716275282792793,26.813848963075827,8.723222083104751,104.45974013240227,1000.0,1000.0,0.0,1.0,0.0
fixedN21,0.25,HCP,15,0.75,0.819,0.3852108349818153,0.012175343937647102,1000.0,23.612937814342047,9.451029167339776,0.2988677840147833,21.827520000043076,17.716275282792793,26.813848963075827,8.723222083104751,104.45974013240227,1000.0,1000.0,0.0,1.0,0.0
fixedN21,0.25,HCP,20,0.75,0.819,0.3852108349818153,0.012175343937647102,1000.0,23.612937814342047,9.451029167339776,0.2988677840147833,21.827520000043076,17.716275282792793,26.813848963075827,8.723222083104751,104.45974013240227,1000.0,1000.0,0.0,1.0,0.0
fixedN21,0.25,HCP,25,0.75,0.819,0.3852108349818153,0.012175343937647102,1000.0,23.612937814342047,9.451029167339776,0.2988677840147833,21.827520000043076,17.716275282792793,26.813848963075827,8.723222083104751,104.45974013240227,1000.0,1000.0,0.0,1.0,0.0
fixedN21,0.25,HCP,30,0.75,0.819,0.3852108349818153,0.012175343937647102,1000.0,23.612937814342047,9.451029167339776,0.2988677840147833,21.827520000043076,17.716275282792793,26.813848963075827,8.723222083104751,104.45974013240227,1000.0,1000.0,0.0,1.0,0.0
fixedN21,0.25,HCP,35,0.75,0.819,0.3852108349818153,0.012175343937647102,1000.0,23.612937814342047,9.451029167339776,0.2988677840147833,21.827520000043076,17.716275282792793,26.813848963075827,8.723222083104751,104.45974013240227,1000.0,1000.0,0.0,1.0,0.0
fixedN21,0.25,Std-CP,0,0.75,1.0,0.0,0.0,1000.0,,,,,,,,,1000.0,0.0,1000.0,0.0,1.0
fixedN21,0.25,Std-CP,5,0.75,0.753,0.4314825340348983,0.013637851736985557,1000.0,6.186534129564632,5.313093693241036,0.16801477492517639,4.976991776550673,3.3094045201073614,7.375139675463504,0.6090783101639119,81.0125687018139,1000.0,1000.0,0.0,1.0,0.0
fixedN21,0.25,Std-CP,10,0.75,0.835,0.3713662786426804,0.011737759581794136,1000.0,46.52805337450662,204.68362032690507,6.472664399621583,12.469147066546313,7.254636154247172,27.427608832217295,1.164797642300389,4737.1595449011065,1000.0,1000.0,0.0,1.0,0.0
fixedN21,0.25,Std-CP,15,0.75,0.772,0.4197525368502163,0.013267102170406315,1000.0,6.413519460415065,4.90442859571353,0.15509164984115872,5.330368679540477,3.908634471223372,7.35943024869314,1.2508122723248043,65.42509418870655,1000.0,1000.0,0.0,1.0,0.0
fixedN21,0.25,Std-CP,20,0.75,0.823,0.3818596821043258,0.012069424178476786,1000.0,5.157830498781411,2.117785258223038,0.06697025011112637,4.809065213010219,3.6463764658305133,6.129013502793725,1.2761259492461217,15.516797640134286,1000.0,1000.0,0.0,1.0,0.0
fixedN21,0.25,Std-CP,25,0.75,0.787,0.409632516774241,0.012947239087929132,1000.0,4.334862713056775,1.5116182609009599,0.04780156657149682,4.187983210893895,3.269412689875381,5.163540492832902,1.2727658801834745,13.259502582186052,1000.0,1000.0,0.0,1.0,0.0
fixedN21,0.25,Std-CP,30,0.75,0.743,0.4371980582552285,0.013818502089589886,1000.0,3.7733783339944753,1.211914475924674,0.03832410073251266,3.608159364414848,2.910903728301307,4.5165512822513865,1.2931137802880135,11.491948876812287,1000.0,1000.0,0.0,1.0,0.0
fixedN21,0.25,Std-CP,35,0.75,0.787,0.409632516774241,0.012947239087929132,1000.0,3.964691022350662,1.1989475479002583,0.037914050464386444,3.792353615262142,3.0745412665976284,4.644769400859966,1.6154363680536044,9.8653757188251,1000.0,1000.0,0.0,1.0,0.0
