tau_B,alpha,o,dataset_id,mean_width,sd_upper,sd_width,relative_instability,n_finite,randomization_varied_only
5.0,0.1,0,5,35.1624055029461,3.570611593983174e-15,7.141223187966347e-15,1.0154628339304056e-16,100,True
5.0,0.1,0,1,87.58274285449905,0.0,1.4282446375932695e-14,0.0,100,True
5.0,0.1,0,4,66.9447558822659,1.4282446375932695e-14,2.856489275186539e-14,2.1334675416623945e-16,100,True
5.0,0.1,0,3,38.142852528995725,0.0,7.141223187966347e-15,0.0,100,True
5.0,0.1,0,2,45.90184425736141,7.141223187966347e-15,7.141223187966347e-15,1.555759535047677e-16,100,True
5.0,0.1,0,0,47.83598074545716,3.570611593983174e-15,7.141223187966347e-15,7.464280105352003e-17,100,True
5.0,0.1,0,9,43.27357051287646,0.0,1.4282446375932695e-14,0.0,100,True
5.0,0.1,0,7,13.553286343144428,1.785305796991587e-15,3.570611593983174e-15,1.3172493753846177e-16,100,True
5.0,0.1,0,6,31.45886978068536,7.141223187966347e-15,7.141223187966347e-15,2.270018992338627e-16,100,True
5.0,0.1,0,11,44.03698876311997,0.0,7.141223187966347e-15,0.0,100,True
5.0,0.1,0,8,31.141867486107863,1.785305796991587e-15,3.570611593983174e-15,5.732815470324628e-17,100,True
5.0,0.1,0,12,29.595197576629857,0.0,7.141223187966347e-15,0.0,100,True
5.0,0.1,0,10,26.860279784589743,3.570611593983174e-15,0.0,1.3293277741774312e-16,100,True
5.0,0.1,0,13,39.173330104033646,0.0,7.141223187966347e-15,0.0,100,True
5.0,0.1,0,14,26.386526020092916,0.0,1.0711834781949522e-14,0.0,100,True
5.0,0.1,0,16,55.98038835426341,1.4282446375932695e-14,0.0,2.5513303490408813e-16,100,True
5.0,0.1,0,15,25.15932348952213,0.0,7.141223187966347e-15,0.0,100,True
5.0,0.1,0,17,29.669593304490505,7.141223187966347e-15,7.141223187966347e-15,2.406916439560875e-16,100,True
5.0,0.1,0,20,40.423660126851594,1.4282446375932695e-14,7.141223187966347e-15,3.5331898029801407e-16,100,True
5.0,0.1,0,19,37.675276800240624,7.141223187966347e-15,1.4282446375932695e-14,1.895466681195223e-16,100,True
5.0,0.1,0,21,46.255167538211545,3.570611593983174e-15,1.4282446375932695e-14,7.719378793803914e-17,100,True
5.0,0.1,0,23,37.261257147702274,0.0,7.141223187966347e-15,0.0,100,True
5.0,0.1,0,22,29.543336106690063,7.141223187966347e-15,1.0711834781949522e-14,2.41720270255776e-16,100,True
5.0,0.1,0,24,29.459743651869047,1.785305796991587e-15,0.0,6.060153876723635e-17,100,True
5.0,0.1,0,26,23.90576007378494,3.570611593983174e-15,7.141223187966347e-15,1.4936197732105187e-16,100,True
5.0,0.1,0,18,34.96117998916656,3.570611593983174e-15,7.141223187966347e-15,1.0213075173920333e-16,100,True
5.0,0.1,0,27,27.758012301682502,0.0,7.141223187966347e-15,0.0,100,True
5.0,0.1,0,28,39.40691534796351,7.141223187966347e-15,7.141223187966347e-15,1.812175128377663e-16,100,True
5.0,0.1,0,29,28.13003778316181,7.141223187966347e-15,1.4282446375932695e-14,2.538646852526081e-16,100,True
5.0,0.1,0,30,49.96256220193182,2.856489275186539e-14,1.4282446375932695e-14,5.717259382418326e-16,100,True
5.0,0.1,0,31,25.25738198757841,1.0711834781949522e-14,3.570611593983174e-15,4.241070902446503e-16,100,True
5.0,0.1,0,25,18.712222041076302,2.6779586954873804e-15,0.0,1.431128109536556e-16,100,True
5.0,0.1,0,34,51.57618585119348,7.141223187966347e-15,7.141223187966347e-15,1.3845969937695767e-16,100,True
5.0,0.1,0,33,56.072452243193766,1.0711834781949522e-14,0.0,1.9103560399839218e-16,100,True
5.0,0.1,0,35,59.696766733971444,3.570611593983174e-15,0.0,5.981247878792164e-17,100,True
5.0,0.1,0,36,24.60886497208964,7.141223187966347e-15,7.141223187966347e-15,2.9018905163101298e-16,100,True
5.0,0.1,0,37,41.72829059950991,0.0,7.141223187966347e-15,0.0,100,True
5.0,0.1,0,32,39.6168284027841,0.0,7.141223187966347e-15,0.0,100,True
5.0,0.1,0,38,50.280302335158005,1.4282446375932695e-14,7.141223187966347e-15,2.840564935494796e-16,100,True
5.0,0.1,0,40,22.00977066124112,7.141223187966347e-15,0.0,3.2445695586196796e-16,100,True
5.0,0.1,0,39,43.37931788840911,0.0,2.1423669563899043e-14,0.0,100,True
5.0,0.1,0,41,39.19241594031051,1.0711834781949522e-14,1.4282446375932695e-14,2.733139696788147e-16,100,True
5.0,0.1,0,42,67.01365774849671,1.4282446375932695e-14,1.4282446375932695e-14,2.13127396053129e-16,100,True
5.0,0.1,0,45,26.24982905216867,7.141223187966347e-15,7.141223187966347e-15,2.72048369296956e-16,100,True
5.0,0.1,0,47,38.80338634863604,7.141223187966347e-15,0.0,1.840360818977173e-16,100,True
5.0,0.1,0,43,43.49432590931572,7.141223187966347e-15,1.4282446375932695e-14,1.641874667250981e-16,100,True
5.0,0.1,0,46,36.37840263674859,7.141223187966347e-15,7.141223187966347e-15,1.9630392404180097e-16,100,True
5.0,0.1,0,44,33.47572399678496,7.141223187966347e-15,1.4282446375932695e-14,2.13325429157326e-16,100,True
5.0,0.1,0,48,23.848029736108835,0.0,0.0,0.0,100,True
5.0,0.1,0,49,36.97235300668279,0.0,7.141223187966347e-15,0.0,100,True
5.0,0.1,5,2,32.090751077861334,1.8796921217060711,5.621214840171005,0.05857426387887902,100,True
5.0,0.1,5,4,44.252142073789784,8.561006578705193,9.572973161760045,0.19345971014080726,100,True
5.0,0.1,5,5,28.71577618751214,4.05724226018972,3.105613447614039,0.141289660209642,100,True
5.0,0.1,5,1,45.31729124427432,29.11909256659934,21.72129061323895,0.6425603068294253,100,True
5.0,0.1,5,0,45.79192177618113,4.051865261688461,17.0584513634681,0.08848428073171756,100,True
5.0,0.1,5,3,27.9304533083918,5.247457696572035,5.009028839033253,0.18787585144546934,100,True
5.0,0.1,5,7,19.440983004815887,2.111290428132921,4.060723626082262,0.10859998322152309,100,True
5.0,0.1,5,8,20.880414488601904,1.9285736865935734,3.2360719805980556,0.09236280666968243,100,True
5.0,0.1,5,10,24.815352686178603,1.9904791077752955,2.865004210169152,0.08021159855946483,100,True
5.0,0.1,5,11,39.17554893929301,4.348873826683867,7.785893048845217,0.11100990144191583,100,True
5.0,0.1,5,6,28.968798708592175,2.508295897515523,1.8272681880182733,0.08658612056189821,100,True
5.0,0.1,5,9,36.38794260668326,2.9494599961578647,6.907129034248957,0.08105597032617465,100,True
5.0,0.1,5,13,36.15213761092211,0.3832754785777522,3.989769531321515,0.010601737653874134,100,True
5.0,0.1,5,14,22.479669032149722,2.0379494949683883,1.8599256821821082,0.09065745105293928,100,True
5.0,0.1,5,16,55.55349686396353,4.3792420630893885,6.215370215356847,0.07882927826871178,100,True
5.0,0.1,5,12,24.9743606386964,1.8096418079683152,1.648037967849159,0.0724599854285909,100,True
5.0,0.1,5,15,21.142834606315475,2.683637620351143,1.0373653563803629,0.12692894166374108,100,True
5.0,0.1,5,17,24.03271222612482,1.9328114282045465,2.4772976343101965,0.08042419057901751,100,True
5.0,0.1,5,19,32.87989665792569,1.750803574197185,3.166977830259839,0.05324845124703743,100,True
5.0,0.1,5,18,28.0462082796509,2.4481253669245815,3.5161387305329894,0.08728899616355035,100,True
5.0,0.1,5,20,32.51987154484606,3.6276299090176796,1.0403415533330949,0.11155117584074858,100,True
5.0,0.1,5,22,23.18361146148213,1.4994301279608548,1.5523853113540635,0.0646762964627857,100,True
5.0,0.1,5,21,38.36685824904242,6.3342517264734575,7.309678257618183,0.16509696168910443,100,True
5.0,0.1,5,23,41.52730070852555,9.255727743787503,15.073890226222675,0.22288296098877677,100,True
5.0,0.1,5,25,26.70046227477818,1.6973135087886402,5.810644911659414,0.06356869372976956,100,True
5.0,0.1,5,24,29.325837253682856,7.017285054386348,5.56436088526763,0.23928677615180755,100,True
5.0,0.1,5,26,20.433173564272543,2.451523858970357,1.7408242117086146,0.11997763593888582,100,True
5.0,0.1,5,27,32.428040897230154,7.308222258187981,6.120288330566077,0.22536736898010432,100,True
5.0,0.1,5,28,30.646472213814768,2.20149357387688,3.431877196987549,0.07183513843020713,100,True
5.0,0.1,5,29,24.043520537271778,1.9474494892757568,1.8391468235980069,0.08099685261386161,100,True
5.0,0.1,5,32,32.4886040505457,3.605813436980607,4.022101428121779,0.11098702275329189,100,True
5.0,0.1,5,31,25.76322462809359,2.987581405516327,4.3476275734197385,0.11596302282201543,100,True
5.0,0.1,5,33,43.64792160873827,2.7389634436880272,5.543669361724738,0.06275129130409017,100,True
5.0,0.1,5,34,38.0059332727007,5.300947039741511,6.968227323482324,0.1394768285705835,100,True
5.0,0.1,5,30,37.80345067748405,2.3009956776574136,2.7358538844604654,0.06086734508148749,100,True
5.0,0.1,5,35,42.64871283352558,2.6182823510641198,8.913007592034754,0.0613918258514457,100,True
5.0,0.1,5,36,23.36140948782322,1.012056841224047,2.988447446370603,0.04332173714739113,100,True
5.0,0.1,5,37,43.366254179166255,8.034918384465131,9.322465068060074,0.1852804337508407,100,True
5.0,0.1,5,39,30.593706020075977,3.594106109149468,5.7281076268397415,0.1174786116723149,100,True
5.0,0.1,5,38,34.56184108413303,4.8694004282769825,8.968232889056369,0.14088949765215117,100,True
5.0,0.1,5,40,17.086686728626795,1.0462400282709448,1.5943196297629465,0.06123129924996453,100,True
5.0,0.1,5,41,35.39677862503482,2.0825442629404884,4.0686768121777,0.05883428785995748,100,True
5.0,0.1,5,42,58.11906256426943,21.62162473358012,28.596473588659983,0.37202294358534116,100,True
5.0,0.1,5,43,29.69769746906383,1.7279157337928162,4.033241203803063,0.05818349168627603,100,True
5.0,0.1,5,45,30.173061091023058,2.0612475537727724,4.2261377614494915,0.06831416764625266,100,True
5.0,0.1,5,44,30.668874248618152,1.8809600662039558,1.845820622341621,0.06133123931957516,100,True
5.0,0.1,5,46,30.51548751493728,1.9773595610380068,2.4678517664930477,0.06479855712841201,100,True
5.0,0.1,5,47,33.89298190246953,4.130204933083088,4.067439117594516,0.12186018170275395,100,True
5.0,0.1,5,48,20.781745318928365,2.2239944076029725,1.7910059624024781,0.10701672903176812,100,True
5.0,0.1,5,49,45.12466000108731,11.308821718907867,11.421019783532367,0.25061289588963936,100,True
5.0,0.1,10,1,36.78613333164883,23.906804070751317,18.0983414809471,0.6498862996884529,100,True
5.0,0.1,10,3,22.01645434375533,4.296328074428298,4.15300652142056,0.19514168845479396,100,True
5.0,0.1,10,0,36.898221861950425,3.2899317427462855,13.93445793327564,0.08916233836565644,100,True
5.0,0.1,10,4,34.61121519726282,6.756731828254508,7.471570817562483,0.1952179890172956,100,True
5.0,0.1,10,5,23.04388678906149,3.405289308365132,2.554927785037547,0.14777408600972472,100,True
5.0,0.1,10,2,24.896266501846526,1.461632560816938,4.348371499751828,0.058708905638864786,100,True
5.0,0.1,10,6,23.11610755269213,2.3087058954581448,1.4817691519371736,0.09987433611803169,100,True
5.0,0.1,10,9,29.207269321858586,2.2710630115746255,5.094990818671303,0.07775677303303984,100,True
5.0,0.1,10,7,15.824401899132958,1.4581425562062913,2.8033512347503917,0.09214519231126107,100,True
5.0,0.1,10,8,16.974542375356158,1.3891758574895194,2.5112161872434133,0.08183878108586547,100,True
5.0,0.1,10,11,30.607352945705234,3.3716883650519165,6.027306228302932,0.11015942381665597,100,True
5.0,0.1,10,10,19.89938100520936,1.3987302887760147,1.9442449744400598,0.07029014060336088,100,True
5.0,0.1,10,12,19.540288203862332,1.3079531994128124,1.3889601952994959,0.06693622866597651,100,True
5.0,0.1,10,14,17.812707534519838,1.722382104517817,1.6338816840058787,0.09669400910445285,100,True
5.0,0.1,10,15,16.369913330316997,2.187065410810295,0.6085371822376446,0.13360274832731467,100,True
5.0,0.1,10,13,27.73145460184126,0.5447097849543108,2.8114093319639615,0.019642308446313674,100,True
5.0,0.1,10,16,45.03300516760549,3.6812292663643946,5.192761998271617,0.08174513898558315,100,True
5.0,0.1,10,17,19.209075011742385,1.4288153075804713,1.3437395970922814,0.0743823066288744,100,True
5.0,0.1,10,19,23.903876696185826,1.2010522890654507,2.370111817575238,0.050245083855251574,100,True
5.0,0.1,10,18,20.81963908070979,1.845620058347869,2.499058748380347,0.0886480332916966,100,True
5.0,0.1,10,21,30.21286519911642,5.103979174900602,5.849685447151582,0.16893396707869565,100,True
5.0,0.1,10,20,26.028575152448767,2.8957989390968972,0.8063846594149839,0.11125460852683135,100,True
5.0,0.1,10,23,32.632082756760305,7.150628476340627,11.502943253446132,0.2191287797852636,100,True
5.0,0.1,10,22,18.82960806755958,1.2731682502246353,1.5687280692715597,0.06761522840287376,100,True
5.0,0.1,10,24,23.593765706907263,5.669684342453034,4.409234392647521,0.2403043419556035,100,True
5.0,0.1,10,25,21.5970389786066,1.2423257113326784,4.635403102888657,0.05752296472508524,100,True
5.0,0.1,10,29,18.78222697181587,1.3737919610145235,1.3183323221538505,0.07314318813610338,100,True
5.0,0.1,10,28,23.38776121346758,2.0297142208523278,2.967216493526425,0.08678531486303784,100,True
5.0,0.1,10,26,16.629614435050396,1.9839115843179338,1.3063302228592055,0.11929991474344856,100,True
5.0,0.1,10,27,25.41831104277349,5.8938866801196275,5.0599135587128865,0.23187562187753144,100,True
5.0,0.1,10,31,20.337399765140546,2.3071455204643296,3.4261785280006762,0.11344348575076484,100,True
5.0,0.1,10,30,29.59522940603517,1.8787548321174858,2.2367581101578167,0.06348167829151422,100,True
5.0,0.1,10,32,25.845991636617963,3.057629271221741,2.9678444356500298,0.11830187497583831,100,True
5.0,0.1,10,34,29.780972376206456,4.4151581479294,5.260500984182271,0.1482543313950654,100,True
5.0,0.1,10,33,34.816810901272035,2.1548137687701607,4.606599577881285,0.06189003854719602,100,True
5.0,0.1,10,35,34.15058122168292,2.0003011271993807,7.553590723598927,0.05857297462127373,100,True
5.0,0.1,10,37,34.15560427221012,6.519497824728496,7.566605927591739,0.1908763719350422,100,True
5.0,0.1,10,36,18.32347500302708,1.1082255716176106,2.0961793772792743,0.060481189918098456,100,True
5.0,0.1,10,38,27.34792066260549,3.646133624077735,6.6928000740274385,0.1333239798762222,100,True
5.0,0.1,10,41,27.605980389469686,1.5040046850922666,3.089711181867641,0.05448111836180141,100,True
5.0,0.1,10,40,13.773660428146302,0.8001502428508811,1.3061163160406402,0.05809278129260281,100,True
5.0,0.1,10,39,23.746918624358344,3.0509387332175133,4.755830178896574,0.1284772471527325,100,True
5.0,0.1,10,42,45.85210684830577,17.608587611725756,23.335199333840016,0.384030065837125,100,True
5.0,0.1,10,45,23.55848576537075,1.6441973287290264,3.386222721925657,0.06979214815011056,100,True
5.0,0.1,10,44,24.475051005458166,1.4667954313469553,1.3616783785480413,0.059930229809116484,100,True
5.0,0.1,10,46,24.742791828940426,1.6166733299193192,1.930357080965881,0.06533916387027822,100,True
5.0,0.1,10,43,23.24572062338515,1.2598180154414447,2.98401661643973,0.054195696311262996,100,True
5.0,0.1,10,47,27.26191234600949,3.2227328484388944,3.054376206805224,0.11821374845373339,100,True
5.0,0.1,10,48,16.343849913832695,1.5819798910737435,1.1842089164542928,0.09679358898999844,100,True
5.0,0.1,10,49,34.6836350579965,9.460445250817315,9.607198723966373,0.272763948617207,100,True
5.0,0.1,15,3,18.13427931347883,3.6020144909954057,3.2612730590799806,0.1986301428763206,100,True
5.0,0.1,15,4,29.272213825719515,5.856099687721994,6.3543119637118854,0.20005660393805388,100,True
5.0,0.1,15,5,19.198626973432397,3.1356873661109477,2.3944764197863018,0.16332873024983507,100,True
5.0,0.1,15,2,21.32571854270014,1.3280500026751751,3.988230183458932,0.062274572367446476,100,True
5.0,0.1,15,0,31.246798868443225,2.7918527084970823,12.158819227289737,0.08934843918737004,100,True
5.0,0.1,15,1,32.73887976439401,21.58926357569772,16.750692509318853,0.6594380666371386,100,True
5.0,0.1,15,6,20.293679548486832,2.2820194865550447,1.3464450071414924,0.11244976452410771,100,True
5.0,0.1,15,8,13.934116916188453,1.2896940116690605,1.8511785071750853,0.0925565659758971,100,True
5.0,0.1,15,9,23.119430240422336,1.7324552055541063,3.909549223845129,0.07493503029867307,100,True
5.0,0.1,15,7,14.028843947102184,1.1224111701723445,2.151364218286663,0.08000738866328264,100,True
5.0,0.1,15,10,16.243221333667815,1.3659058041624568,1.82650313750322,0.0840908201707073,100,True
5.0,0.1,15,11,25.415627690163078,2.774619364536236,4.9416463686480085,0.10916981466525538,100,True
5.0,0.1,15,12,15.926926555365894,0.8766324806156556,1.7253365111648364,0.05504090682959242,100,True
5.0,0.1,15,13,21.536807229485635,0.5642494723449618,2.4836517387657424,0.026199309225949634,100,True
5.0,0.1,15,15,13.793717020162926,2.011070047772885,0.6878550373511542,0.1457960928757063,100,True
5.0,0.1,15,14,15.582320911715675,1.5914207655182557,1.5170884133688958,0.10212989287890581,100,True
5.0,0.1,15,17,15.938610380738155,1.3385080586686566,1.2019208415694076,0.08397896847307633,100,True
5.0,0.1,15,16,38.98490146087198,3.5129306795353386,5.020769102644047,0.09011003100934256,100,True
5.0,0.1,15,20,22.087687105328015,2.545393706397943,0.6140896547665952,0.11524039136646139,100,True
5.0,0.1,15,18,17.05418999215575,1.6014693386973669,2.1773905048367754,0.09390474361045463,100,True
5.0,0.1,15,19,18.634876887877294,0.9166020954227145,1.7947903841240653,0.04918745108635515,100,True
5.0,0.1,15,21,25.72257745931659,4.592974149961712,5.074450022671432,0.17855808412769147,100,True
5.0,0.1,15,22,15.908163905557023,1.314855506035207,1.7116816370137362,0.08265287646275149,100,True
5.0,0.1,15,23,28.019037653178344,6.149809422434496,9.812581955072947,0.21948681816118304,100,True
5.0,0.1,15,24,19.55058505408421,4.6829042133909,3.1788337786673546,0.23952757426114057,100,True
5.0,0.1,15,25,18.688834837550534,0.9877938507138057,4.098206155427447,0.05285475843197465,100,True
5.0,0.1,15,26,14.479898279166392,1.7087507289369728,0.9867354762339525,0.11800847602607231,100,True
5.0,0.1,15,27,20.94015439531591,5.0510875417139305,4.069677760859331,0.24121539155622485,100,True
5.0,0.1,15,28,19.52498304755683,2.107805271138634,3.043568887968535,0.10795426894889851,100,True
5.0,0.1,15,29,15.263477756963983,1.1471000040581498,1.3269992814283105,0.07515325290363685,100,True
5.0,0.1,15,30,24.82084152271186,1.6471906129185632,1.9154249935432026,0.06636320575236465,100,True
5.0,0.1,15,32,21.154933313114643,2.968798053232394,2.6071314221011908,0.14033596841413526,100,True
5.0,0.1,15,31,16.481365147914595,2.024707540280982,2.782517969945651,0.1228482909097594,100,True
5.0,0.1,15,33,29.308184361901002,1.9469342699542451,4.10519589559302,0.06642971280353861,100,True
5.0,0.1,15,34,25.39009273674926,3.9924871947042444,4.6116684352266235,0.15724586893397105,100,True
5.0,0.1,15,35,28.04478317289796,2.099246703868051,6.038490105728213,0.07485337614935565,100,True
5.0,0.1,15,36,15.720175235244149,1.091501537445742,1.6428284533213284,0.06943316605012323,100,True
5.0,0.1,15,37,28.174430148239907,5.538023981492125,6.216807636274941,0.19656205830441942,100,True
5.0,0.1,15,38,22.89045099066579,3.0009531926679758,5.443933475681907,0.13110065825665457,100,True
5.0,0.1,15,39,20.007263495986646,2.9543638436420165,4.7226313274332306,0.1476645641336531,100,True
5.0,0.1,15,40,11.727783554000357,0.6999624408691633,0.8991635622440728,0.05968411999131801,100,True
5.0,0.1,15,41,23.19618893833098,1.3610619046510721,3.027215799925443,0.05867610012444586,100,True
5.0,0.1,15,42,38.99890236778298,15.443802119520873,20.352391545124693,0.3960060715011048,100,True
5.0,0.1,15,43,18.75576840480851,1.003452437770423,2.600945561326899,0.0535010038572007,100,True
5.0,0.1,15,44,20.632888514191926,1.3436276295890797,1.0813157692439992,0.06512067511366099,100,True
5.0,0.1,15,45,19.927569344938455,1.3417689846513614,2.7382126808096743,0.06733229534550168,100,True
5.0,0.1,15,46,20.348522211445726,1.422363345047786,1.7238062383786787,0.06990008071680649,100,True
5.0,0.1,15,47,22.494287224213334,2.5640672023173936,2.2115916155960704,0.11398748387801222,100,True
5.0,0.1,15,48,14.146644100429867,1.1221067401449423,1.21887146408117,0.07931964161810258,100,True
5.0,0.1,15,49,29.046276940175876,8.482117757642872,8.363086530778391,0.2920208250824284,100,True
5.0,0.1,20,1,27.43589333239143,18.472989508916896,14.288974125496178,0.6733146715914393,100,True
5.0,0.1,20,3,15.559118712184627,3.1830627645157663,2.980429877869833,0.20457860264431638,100,True
5.0,0.1,20,0,24.5410374874576,1.9734861017566572,9.715124659176148,0.08041575678148341,100,True
5.0,0.1,20,4,21.032951152639566,2.8972979132931655,1.7278596851824057,0.13775042276602084,100,True
5.0,0.1,20,2,16.939514518802163,1.0821833127036462,2.7678701642068355,0.0638851433140228,100,True
5.0,0.1,20,5,15.132850667680481,2.912285323454747,2.3231687015077838,0.1924478994347424,100,True
5.0,0.1,20,6,16.88153666667267,2.210715479609625,1.50308770318932,0.1309546354256952,100,True
5.0,0.1,20,8,11.19033116773152,1.0253330448013744,1.369553975818893,0.09162669356542624,100,True
5.0,0.1,20,7,11.730369509202319,1.0234696651400355,1.975451530603273,0.0872495674017035,100,True
5.0,0.1,20,11,17.713195910266066,1.0748058612360893,1.6509090841976228,0.060678257423504384,100,True
5.0,0.1,20,9,15.355935184635474,1.5713886920841669,1.4017099483909594,0.10233103182516912,100,True
5.0,0.1,20,10,13.11793105488894,0.8600279970127505,1.2085346250689997,0.06556125302184947,100,True
5.0,0.1,20,13,16.073393810474442,0.8603845671529504,1.9880002966004695,0.05352849418722443,100,True
5.0,0.1,20,12,12.948302324955721,0.8868954005169326,1.3907927686032586,0.06849511065304582,100,True
5.0,0.1,20,14,13.222479718051812,1.3654574187892343,1.183826637494793,0.10326787772834033,100,True
5.0,0.1,20,15,10.93152418010604,1.8318893873500401,0.7726998571613984,0.1675785880512291,100,True
5.0,0.1,20,17,12.574949209112699,1.136395717418173,0.8931109423895518,0.09036980575592783,100,True
5.0,0.1,20,16,31.3602135668024,2.843989061097982,4.1226930241303235,0.09068780909415106,100,True
5.0,0.1,20,18,13.02432491954524,1.2010995205657997,0.7289712984283158,0.09221971411073623,100,True
5.0,0.1,20,19,12.757601195258683,0.5556891504153598,0.5725356599033741,0.04355749501104328,100,True
5.0,0.1,20,20,18.359611615713764,2.239740894892981,0.6702885540126841,0.12199282543515325,100,True
5.0,0.1,20,21,20.054150695366474,4.190285845559911,4.360518165606854,0.2089485567956802,100,True
5.0,0.1,20,22,11.926773356993433,1.0562791869068067,1.3251652061010626,0.08856370078395448,100,True
5.0,0.1,20,23,23.097789021810385,5.200103856925248,8.274636835394299,0.22513426943223797,100,True
5.0,0.1,20,26,10.9982538272087,1.358267158862502,0.9243226559396294,0.12349843713392666,100,True
5.0,0.1,20,24,15.28972500989737,3.218514073865323,1.2548087026112666,0.2105017632286983,100,True
5.0,0.1,20,25,15.309876290692703,0.5913376280089832,3.155713667106211,0.038624585645311425,100,True
5.0,0.1,20,29,12.153211967411767,1.0032274927607774,0.8306045870619361,0.08254834157841416,100,True
5.0,0.1,20,27,15.396885838601975,3.667376526546363,2.116310856009275,0.23818949916169269,100,True
5.0,0.1,20,28,14.969714007884086,1.6955368230039887,2.4122402228358526,0.11326447667009548,100,True
5.0,0.1,20,32,16.148081132261748,2.860642909714464,1.7748515435382397,0.17715064014629422,100,True
5.0,0.1,20,31,12.490406138636263,1.5027188217185778,1.9970544263786136,0.12030984461508061,100,True
5.0,0.1,20,30,18.78645080972032,1.5098188593415973,1.657661318710986,0.0803674347344204,100,True
5.0,0.1,20,33,22.325482299570744,1.3742419958333265,3.4984372525116947,0.061554862618119086,100,True
5.0,0.1,20,35,22.358429995476452,2.012078459087824,4.632440088976637,0.08999193858848349,100,True
5.0,0.1,20,34,19.08293133620469,3.9998000148965507,3.46973363656831,0.2096009226479799,100,True
5.0,0.1,20,37,22.491552609870386,4.354861987742181,4.562873140925612,0.1936221150793768,100,True
5.0,0.1,20,39,15.927798709784305,2.5479014623175043,4.085747132001784,0.15996569951328873,100,True
5.0,0.1,20,38,18.57765029984917,2.2612711112107724,4.01886181493275,0.12171997398557617,100,True
5.0,0.1,20,40,9.731189387252329,0.8245417617210716,0.6173126304288391,0.08473185845105487,100,True
5.0,0.1,20,36,13.324855649529766,0.8984827853118404,1.4968172255125498,0.0674290820811667,100,True
5.0,0.1,20,41,17.105274921714162,0.6667186501109719,1.2799937115400915,0.03897737120054182,100,True
5.0,0.1,20,42,30.519243209544907,12.188979529811887,15.286238130152599,0.3993866900998311,100,True
5.0,0.1,20,45,15.988925639012118,1.0273166297280147,2.1110316543095196,0.06425176105775472,100,True
5.0,0.1,20,47,17.902008629222905,2.1284715471933415,1.405904767212738,0.11889568323181703,100,True
5.0,0.1,20,43,14.616750182227522,0.7161549262333776,1.971678748677593,0.048995496078475025,100,True
5.0,0.1,20,44,16.91434531193756,1.0837947824882805,0.848865660467853,0.06407547927517926,100,True
5.0,0.1,20,46,15.696223643020389,1.1133756772683445,0.9321830131914485,0.07093270984090669,100,True
5.0,0.1,20,48,12.761175996871696,0.7299336542183602,1.4301059269896077,0.057199560165716534,100,True
5.0,0.1,20,49,23.123667310510672,6.973782117801818,6.515893809459677,0.30158633681050856,100,True
5.0,0.1,25,0,7.594174389391243,0.0,0.0,0.0,100,True
5.0,0.1,25,2,5.311496850849503,8.926528984957934e-16,8.926528984957934e-16,1.6806051543700446e-16,100,True
5.0,0.1,25,4,5.815390511753288,7.141223187966347e-15,1.785305796991587e-15,1.227986869245232e-15,100,True
5.0,0.1,25,5,4.253258028581803,0.0,8.926528984957934e-16,0.0,100,True
5.0,0.1,25,1,4.443996158089065,5.355917390974761e-15,8.926528984957934e-16,1.2052029750803893e-15,100,True
5.0,0.1,25,3,6.843838829141666,1.0711834781949522e-14,8.926528984957934e-16,1.5651792874399072e-15,100,True
5.0,0.1,25,6,8.712426351706563,1.785305796991587e-15,1.785305796991587e-15,2.049148796123696e-16,100,True
5.0,0.1,25,7,5.325944581000024,2.2316322462394835e-16,8.926528984957934e-16,4.190115410139063e-17,100,True
5.0,0.1,25,8,4.2329655524972685,8.926528984957934e-16,8.926528984957934e-16,2.1088121021187294e-16,100,True
5.0,0.1,25,11,5.806693878872692,1.785305796991587e-15,8.926528984957934e-16,3.0745650351696946e-16,100,True
5.0,0.1,25,9,5.644293718027512,1.785305796991587e-15,1.785305796991587e-15,3.1630278050368544e-16,100,True
5.0,0.1,25,10,4.08779945735791,3.570611593983174e-15,0.0,8.734801281790341e-16,100,True
5.0,0.1,25,12,2.527399259944882,0.0,4.463264492478967e-16,0.0,100,True
5.0,0.1,25,15,3.8991298577792257,0.0,0.0,0.0,100,True
5.0,0.1,25,14,4.137049150881057,8.926528984957934e-16,8.926528984957934e-16,2.157704358686885e-16,100,True
5.0,0.1,25,17,4.608321887539356,4.463264492478967e-16,0.0,9.685227294012131e-17,100,True
5.0,0.1,25,13,6.8972273659864,8.926528984957934e-16,8.926528984957934e-16,1.2942199105946561e-16,100,True
5.0,0.1,25,16,5.798860175956608,3.570611593983174e-15,1.785305796991587e-15,6.157436954227213e-16,100,True
5.0,0.1,25,18,4.440443962121319,1.785305796991587e-15,8.926528984957934e-16,4.0205569808355345e-16,100,True
5.0,0.1,25,19,8.438341162125035,7.141223187966347e-15,0.0,8.462828239298122e-16,100,True
5.0,0.1,25,20,11.253513001925562,3.570611593983174e-15,0.0,3.172886185293619e-16,100,True
5.0,0.1,25,22,7.702025653670266,3.570611593983174e-15,2.6779586954873804e-15,4.635938329135091e-16,100,True
5.0,0.1,25,21,2.4607294396889823,0.0,4.463264492478967e-16,0.0,100,True
5.0,0.1,25,23,6.62006074873387,0.0,0.0,0.0,100,True
5.0,0.1,25,24,5.222121633233598,2.6779586954873804e-15,8.926528984957934e-16,5.128104788760268e-16,100,True
5.0,0.1,25,28,6.9456125544158365,7.141223187966347e-15,1.785305796991587e-15,1.0281631939613658e-15,100,True
5.0,0.1,25,26,4.980930317583392,8.926528984957934e-16,8.926528984957934e-16,1.7921409085860963e-16,100,True
5.0,0.1,25,25,4.956239153104107,8.926528984957934e-16,8.926528984957934e-16,1.8010690584547807e-16,100,True
5.0,0.1,25,27,8.859426991987252,0.0,3.570611593983174e-15,0.0,100,True
5.0,0.1,25,29,5.92541738233219,0.0,0.0,0.0,100,True
5.0,0.1,25,33,8.896169487218739,3.570611593983174e-15,1.785305796991587e-15,4.013650593227934e-16,100,True
5.0,0.1,25,31,4.419680194853506,7.141223187966347e-15,8.926528984957934e-16,1.6157782629344856e-15,100,True
5.0,0.1,25,30,5.680331172646822,0.0,1.785305796991587e-15,0.0,100,True
5.0,0.1,25,32,11.950097843619028,5.355917390974761e-15,1.785305796991587e-15,4.481902542609432e-16,100,True
5.0,0.1,25,34,6.028806115548711,3.570611593983174e-15,0.0,5.922584879242206e-16,100,True
5.0,0.1,25,35,3.592205544751828,5.355917390974761e-15,4.463264492478967e-16,1.4909829975625132e-15,100,True
5.0,0.1,25,37,4.732820204780078,3.570611593983174e-15,8.926528984957934e-16,7.544363486229436e-16,100,True
5.0,0.1,25,36,7.830700475836871,3.570611593983174e-15,0.0,4.559760145342018e-16,100,True
5.0,0.1,25,38,5.511845472780102,8.926528984957934e-16,1.785305796991587e-15,1.6195172794740035e-16,100,True
5.0,0.1,25,40,4.07333642627568,8.926528984957934e-16,8.926528984957934e-16,2.1914538969518926e-16,100,True
5.0,0.1,25,41,3.133649342041896,0.0,4.463264492478967e-16,0.0,100,True
5.0,0.1,25,39,6.9150922700274995,1.785305796991587e-15,4.463264492478967e-15,2.581752675564063e-16,100,True
5.0,0.1,25,42,3.8662158600710335,8.926528984957934e-16,0.0,2.30885426681632e-16,100,True
5.0,0.1,25,43,6.953855475044975,1.0711834781949522e-14,0.0,1.5404166538103442e-15,100,True
5.0,0.1,25,46,4.986802245778279,3.570611593983174e-15,0.0,7.16012269587385e-16,100,True
5.0,0.1,25,45,7.804733640301488,0.0,2.6779586954873804e-15,0.0,100,True
5.0,0.1,25,47,6.028510996380105,7.141223187966347e-15,8.926528984957934e-16,1.184574962582698e-15,100,True
5.0,0.1,25,44,6.7041823486436645,3.570611593983174e-15,1.785305796991587e-15,5.32594641418957e-16,100,True
5.0,0.1,25,48,9.625785979820966,1.0711834781949522e-14,1.785305796991587e-15,1.112827025700062e-15,100,True
5.0,0.1,25,49,5.030203494427788,0.0,0.0,0.0,100,True
5.0,0.1,30,5,4.331576109399618,8.926528984957934e-16,1.785305796991587e-15,2.0608039105181977e-16,100,True
5.0,0.1,30,2,5.042743830775651,8.926528984957934e-16,1.785305796991587e-15,1.770173001943844e-16,100,True
5.0,0.1,30,3,7.226856616616673,3.570611593983174e-15,2.6779586954873804e-15,4.940753336344443e-16,100,True
5.0,0.1,30,0,7.497088717921616,3.570611593983174e-15,1.785305796991587e-15,4.762664186496433e-16,100,True
5.0,0.1,30,1,5.029276657177945,1.785305796991587e-15,0.0,3.5498261851305017e-16,100,True
5.0,0.1,30,4,6.102383494422336,3.570611593983174e-15,1.785305796991587e-15,5.85117535999952e-16,100,True
5.0,0.1,30,8,3.8074315977898436,0.0,0.0,0.0,100,True
5.0,0.1,30,6,8.760851257675073,3.570611593983174e-15,1.785305796991587e-15,4.075644579463767e-16,100,True
5.0,0.1,30,7,5.781227097364949,2.2316322462394835e-16,1.785305796991587e-15,3.860135934214812e-17,100,True
5.0,0.1,30,10,4.348330691100671,1.0711834781949522e-14,0.0,2.4634360960339217e-15,100,True
5.0,0.1,30,9,5.490189596538714,1.785305796991587e-15,1.785305796991587e-15,3.2518108265644077e-16,100,True
5.0,0.1,30,11,5.886783691624198,0.0,8.926528984957934e-16,0.0,100,True
5.0,0.1,30,12,2.7430101449756488,8.926528984957934e-16,4.463264492478967e-16,3.2542821619922154e-16,100,True
5.0,0.1,30,14,4.387291192752957,1.785305796991587e-15,8.926528984957934e-16,4.0692667036566937e-16,100,True
5.0,0.1,30,13,6.759483689040606,1.785305796991587e-15,8.926528984957934e-16,2.641186633656898e-16,100,True
5.0,0.1,30,16,5.896993773982673,0.0,8.926528984957934e-16,0.0,100,True
5.0,0.1,30,15,3.8439091702727204,8.926528984957934e-16,4.463264492478967e-16,2.322252839373051e-16,100,True
5.0,0.1,30,17,4.24971326111373,0.0,0.0,0.0,100,True
5.0,0.1,30,18,4.375448835291004,0.0,8.926528984957934e-16,0.0,100,True
5.0,0.1,30,20,10.737870464215241,0.0,5.355917390974761e-15,0.0,100,True
5.0,0.1,30,19,5.761229105459599,7.141223187966347e-15,8.926528984957934e-16,1.2395311933002288e-15,100,True
5.0,0.1,30,22,6.921496267053547,0.0,1.785305796991587e-15,0.0,100,True
5.0,0.1,30,23,6.106935799947851,0.0,2.6779586954873804e-15,0.0,100,True
5.0,0.1,30,21,5.935724611040566,5.355917390974761e-15,0.0,9.023190498111465e-16,100,True
5.0,0.1,30,24,5.012997619910081,0.0,1.785305796991587e-15,0.0,100,True
5.0,0.1,30,26,4.777020315405312,0.0,8.926528984957934e-16,0.0,100,True
5.0,0.1,30,25,4.5146154234955835,0.0,8.926528984957934e-16,0.0,100,True
5.0,0.1,30,29,9.417166555720126,3.570611593983174e-15,0.0,3.7915986436645654e-16,100,True
5.0,0.1,30,27,8.131772313696645,3.570611593983174e-15,3.570611593983174e-15,4.390938969072044e-16,100,True
5.0,0.1,30,28,6.579435054889366,3.570611593983174e-15,0.0,5.426927333722597e-16,100,True
5.0,0.1,30,30,4.183549971064602,7.141223187966347e-15,0.0,1.7069769065407137e-15,100,True
5.0,0.1,30,31,6.234857060629326,0.0,8.926528984957934e-16,0.0,100,True
5.0,0.1,30,32,12.578468307172498,1.785305796991587e-15,1.785305796991587e-15,1.4193348135826437e-16,100,True
5.0,0.1,30,33,9.300932317106927,3.570611593983174e-15,1.785305796991587e-15,3.8389824506257876e-16,100,True
5.0,0.1,30,34,5.470706122009762,1.785305796991587e-15,0.0,3.263391886120402e-16,100,True
5.0,0.1,30,35,5.837444349832351,3.570611593983174e-15,1.785305796991587e-15,6.116737702322969e-16,100,True
5.0,0.1,30,36,7.952462507517057,0.0,2.6779586954873804e-15,0.0,100,True
5.0,0.1,30,38,5.266605323385091,4.463264492478967e-16,8.926528984957934e-16,8.474651541973189e-17,100,True
5.0,0.1,30,39,6.49489800202822,0.0,1.785305796991587e-15,0.0,100,True
5.0,0.1,30,37,4.501158612659637,1.785305796991587e-15,8.926528984957934e-16,3.9663250078998847e-16,100,True
5.0,0.1,30,40,4.392318603703124,1.785305796991587e-15,1.785305796991587e-15,4.0646090551956123e-16,100,True
5.0,0.1,30,41,4.630698719496655,1.785305796991587e-15,8.926528984957934e-16,3.8553702262574427e-16,100,True
5.0,0.1,30,42,6.494972337587069,1.785305796991587e-15,2.6779586954873804e-15,2.7487504244780837e-16,100,True
5.0,0.1,30,43,6.959991888086713,3.570611593983174e-15,8.926528984957934e-16,5.130195051081773e-16,100,True
5.0,0.1,30,44,5.019521558319789,3.570611593983174e-15,8.926528984957934e-16,7.113450061918618e-16,100,True
5.0,0.1,30,45,7.600964989749018,1.4282446375932695e-14,1.785305796991587e-15,1.8790306750780467e-15,100,True
5.0,0.1,30,46,5.268919065371079,7.141223187966347e-15,8.926528984957934e-16,1.3553488105180083e-15,100,True
5.0,0.1,30,47,6.306283989488706,7.141223187966347e-15,2.6779586954873804e-15,1.1323979700040967e-15,100,True
5.0,0.1,30,48,9.333590443562425,1.4282446375932695e-14,3.570611593983174e-15,1.530219957935223e-15,100,True
5.0,0.1,30,49,4.816295175025991,3.570611593983174e-15,8.926528984957934e-16,7.413606235136751e-16,100,True
5.0,0.1,35,3,7.07966259702318,3.570611593983174e-15,1.785305796991587e-15,5.043477065537736e-16,100,True
5.0,0.1,35,4,9.853802102505751,0.0,1.785305796991587e-15,0.0,100,True
5.0,0.1,35,2,5.5246997746178295,0.0,0.0,0.0,100,True
5.0,0.1,35,1,4.806523300154143,5.355917390974761e-15,8.926528984957934e-16,1.1143017637723714e-15,100,True
5.0,0.1,35,5,2.8591927735165,1.3389793477436902e-15,0.0,4.683067753059859e-16,100,True
5.0,0.1,35,0,7.2439762486096955,3.570611593983174e-15,1.785305796991587e-15,4.929076892912874e-16,100,True
5.0,0.1,35,7,6.487785065769332,2.2316322462394835e-16,0.0,3.4397444175732e-17,100,True
5.0,0.1,35,8,4.255705376991573,8.926528984957934e-16,1.785305796991587e-15,2.097543930841435e-16,100,True
5.0,0.1,35,10,4.5571131375817435,7.141223187966347e-15,8.926528984957934e-16,1.5670497905952529e-15,100,True
5.0,0.1,35,9,7.641811554618475,0.0,1.785305796991587e-15,0.0,100,True
5.0,0.1,35,6,8.912923088465782,1.785305796991587e-15,0.0,2.0030530716706757e-16,100,True
5.0,0.1,35,11,5.931601271416769,1.785305796991587e-15,1.785305796991587e-15,3.0098209830701667e-16,100,True
5.0,0.1,35,13,6.667429953794184,0.0,2.6779586954873804e-15,0.0,100,True
5.0,0.1,35,12,3.9469406183298776,1.785305796991587e-15,0.0,4.523264902189046e-16,100,True
5.0,0.1,35,14,4.496636564596174,8.926528984957934e-16,8.926528984957934e-16,1.985156873748722e-16,100,True
5.0,0.1,35,15,4.225561549712677,1.3389793477436902e-15,0.0,3.16876072444084e-16,100,True
5.0,0.1,35,17,4.547563322873386,4.463264492478967e-16,8.926528984957934e-16,9.814628572689881e-17,100,True
5.0,0.1,35,16,5.934822583393867,1.785305796991587e-15,2.6779586954873804e-15,3.0081873078851973e-16,100,True
5.0,0.1,35,19,5.1597511670049,3.570611593983174e-15,8.926528984957934e-16,6.9201236230463805e-16,100,True
5.0,0.1,35,18,3.3825759417504573,3.570611593983174e-15,8.926528984957934e-16,1.0555894843074564e-15,100,True
5.0,0.1,35,20,10.299620971819918,0.0,1.785305796991587e-15,0.0,100,True
5.0,0.1,35,22,6.9695437113147,7.141223187966347e-15,8.926528984957934e-16,1.0246328143939946e-15,100,True
5.0,0.1,35,21,6.034140534273131,5.355917390974761e-15,0.0,8.876023620188904e-16,100,True
5.0,0.1,35,23,6.802508488416882,7.141223187966347e-15,1.785305796991587e-15,1.0497926169627307e-15,100,True
5.0,0.1,35,24,4.910886736145919,1.785305796991587e-15,0.0,3.6354041396456663e-16,100,True
5.0,0.1,35,25,4.721121986126769,1.3389793477436902e-15,0.0,2.8361464746692453e-16,100,True
5.0,0.1,35,26,4.629802906439747,1.785305796991587e-15,8.926528984957934e-16,3.8561161955908436e-16,100,True
5.0,0.1,35,28,6.728949449083805,1.0711834781949522e-14,1.785305796991587e-15,1.5919029951113715e-15,100,True
5.0,0.1,35,27,7.881686335056156,3.570611593983174e-15,2.6779586954873804e-15,4.530263502242928e-16,100,True
5.0,0.1,35,29,8.943052416172515,3.570611593983174e-15,0.0,3.9926094892680264e-16,100,True
5.0,0.1,35,30,4.242343328315464,0.0,1.785305796991587e-15,0.0,100,True
5.0,0.1,35,31,6.314157837382702,1.785305796991587e-15,0.0,2.8274646326098474e-16,100,True
5.0,0.1,35,34,5.738051214887903,3.570611593983174e-15,2.6779586954873804e-15,6.222690352987601e-16,100,True
5.0,0.1,35,33,9.080160867971028,7.141223187966347e-15,1.785305796991587e-15,7.864643910832013e-16,100,True
5.0,0.1,35,35,5.539067276922283,3.570611593983174e-15,8.926528984957934e-16,6.446232579372355e-16,100,True
5.0,0.1,35,32,12.417802819324688,1.785305796991587e-15,3.570611593983174e-15,1.43769861944762e-16,100,True
5.0,0.1,35,36,8.23505846429403,1.0711834781949522e-14,1.785305796991587e-15,1.3007600162639307e-15,100,True
5.0,0.1,35,37,4.658689655470355,0.0,8.926528984957934e-16,0.0,100,True
5.0,0.1,35,38,5.063101899067214,8.926528984957934e-16,1.785305796991587e-15,1.763055368607629e-16,100,True
5.0,0.1,35,39,6.184435609548611,1.785305796991587e-15,0.0,2.8867723907337967e-16,100,True
5.0,0.1,35,40,4.302093767310681,3.570611593983174e-15,8.926528984957934e-16,8.299706578025679e-16,100,True
5.0,0.1,35,41,4.641738873450727,0.0,8.926528984957934e-16,0.0,100,True
5.0,0.1,35,42,6.617219578513177,3.570611593983174e-15,0.0,5.395939414761652e-16,100,True
5.0,0.1,35,44,4.78403195690867,3.570611593983174e-15,0.0,7.463603140917185e-16,100,True
5.0,0.1,35,43,7.5798406822259,3.570611593983174e-15,0.0,4.710668394859489e-16,100,True
5.0,0.1,35,45,7.574880565504016,0.0,2.6779586954873804e-15,0.0,100,True
5.0,0.1,35,46,4.6809988164994545,3.570611593983174e-15,8.926528984957934e-16,7.627883992188977e-16,100,True
5.0,0.1,35,47,6.139492045545452,3.570611593983174e-15,8.926528984957934e-16,5.815809463543249e-16,100,True
5.0,0.1,35,48,9.051264970150301,0.0,1.785305796991587e-15,0.0,100,True
5.0,0.1,35,49,5.0775174498830165,0.0,1.785305796991587e-15,0.0,100,True
5.0,0.05,0,3,,,,,0,True
5.0,0.05,0,2,,,,,0,True
5.0,0.05,0,0,,,,,0,True
5.0,0.05,0,5,,,,,0,True
5.0,0.05,0,9,,,,,0,True
5.0,0.05,0,1,,,,,0,True
5.0,0.05,0,7,,,,,0,True
5.0,0.05,0,6,,,,,0,True
5.0,0.05,0,8,,,,,0,True
5.0,0.05,0,4,,,,,0,True
5.0,0.05,0,10,,,,,0,True
5.0,0.05,0,12,,,,,0,True
5.0,0.05,0,13,,,,,0,True
5.0,0.05,0,14,,,,,0,True
5.0,0.05,0,16,,,,,0,True
5.0,0.05,0,17,,,,,0,True
5.0,0.05,0,11,,,,,0,True
5.0,0.05,0,18,,,,,0,True
5.0,0.05,0,15,,,,,0,True
5.0,0.05,0,20,,,,,0,True
5.0,0.05,0,21,,,,,0,True
5.0,0.05,0,19,,,,,0,True
5.0,0.05,0,23,,,,,0,True
5.0,0.05,0,24,,,,,0,True
5.0,0.05,0,22,,,,,0,True
5.0,0.05,0,26,,,,,0,True
5.0,0.05,0,25,,,,,0,True
5.0,0.05,0,29,,,,,0,True
5.0,0.05,0,30,,,,,0,True
5.0,0.05,0,27,,,,,0,True
5.0,0.05,0,31,,,,,0,True
5.0,0.05,0,28,,,,,0,True
5.0,0.05,0,32,,,,,0,True
5.0,0.05,0,33,,,,,0,True
5.0,0.05,0,36,,,,,0,True
5.0,0.05,0,34,,,,,0,True
5.0,0.05,0,37,,,,,0,True
5.0,0.05,0,35,,,,,0,True
5.0,0.05,0,39,,,,,0,True
5.0,0.05,0,40,,,,,0,True
5.0,0.05,0,38,,,,,0,True
5.0,0.05,0,42,,,,,0,True
5.0,0.05,0,41,,,,,0,True
5.0,0.05,0,44,,,,,0,True
5.0,0.05,0,43,,,,,0,True
5.0,0.05,0,45,,,,,0,True
5.0,0.05,0,46,,,,,0,True
5.0,0.05,0,48,,,,,0,True
5.0,0.05,0,47,,,,,0,True
5.0,0.05,0,49,,,,,0,True
5.0,0.05,5,1,,,,,0,True
5.0,0.05,5,3,,,,,0,True
5.0,0.05,5,5,,,,,0,True
5.0,0.05,5,4,,,,,0,True
5.0,0.05,5,2,,,,,0,True
5.0,0.05,5,0,,,,,0,True
5.0,0.05,5,7,,,,,0,True
5.0,0.05,5,6,,,,,0,True
5.0,0.05,5,8,,,,,0,True
5.0,0.05,5,10,,,,,0,True
5.0,0.05,5,9,,,,,0,True
5.0,0.05,5,11,,,,,0,True
5.0,0.05,5,12,,,,,0,True
5.0,0.05,5,13,,,,,0,True
5.0,0.05,5,16,,,,,0,True
5.0,0.05,5,15,,,,,0,True
5.0,0.05,5,17,,,,,0,True
5.0,0.05,5,14,,,,,0,True
5.0,0.05,5,19,,,,,0,True
5.0,0.05,5,18,,,,,0,True
5.0,0.05,5,20,,,,,0,True
5.0,0.05,5,23,,,,,0,True
5.0,0.05,5,21,,,,,0,True
5.0,0.05,5,22,,,,,0,True
5.0,0.05,5,25,,,,,0,True
5.0,0.05,5,24,,,,,0,True
5.0,0.05,5,28,,,,,0,True
5.0,0.05,5,27,,,,,0,True
5.0,0.05,5,29,,,,,0,True
5.0,0.05,5,26,,,,,0,True
5.0,0.05,5,30,,,,,0,True
5.0,0.05,5,31,,,,,0,True
5.0,0.05,5,33,,,,,0,True
5.0,0.05,5,32,,,,,0,True
5.0,0.05,5,34,,,,,0,True
5.0,0.05,5,35,,,,,0,True
5.0,0.05,5,36,,,,,0,True
5.0,0.05,5,37,,,,,0,True
5.0,0.05,5,38,,,,,0,True
5.0,0.05,5,39,,,,,0,True
5.0,0.05,5,41,,,,,0,True
5.0,0.05,5,40,,,,,0,True
5.0,0.05,5,42,,,,,0,True
5.0,0.05,5,43,,,,,0,True
5.0,0.05,5,46,,,,,0,True
5.0,0.05,5,45,,,,,0,True
5.0,0.05,5,44,,,,,0,True
5.0,0.05,5,47,,,,,0,True
5.0,0.05,5,48,,,,,0,True
5.0,0.05,5,49,,,,,0,True
5.0,0.05,10,0,,,,,0,True
5.0,0.05,10,1,,,,,0,True
5.0,0.05,10,4,,,,,0,True
5.0,0.05,10,3,,,,,0,True
5.0,0.05,10,2,,,,,0,True
5.0,0.05,10,5,,,,,0,True
5.0,0.05,10,7,,,,,0,True
5.0,0.05,10,6,,,,,0,True
5.0,0.05,10,9,,,,,0,True
5.0,0.05,10,8,,,,,0,True
5.0,0.05,10,10,,,,,0,True
5.0,0.05,10,11,,,,,0,True
5.0,0.05,10,13,,,,,0,True
5.0,0.05,10,12,,,,,0,True
5.0,0.05,10,14,,,,,0,True
5.0,0.05,10,16,,,,,0,True
5.0,0.05,10,15,,,,,0,True
5.0,0.05,10,17,,,,,0,True
5.0,0.05,10,18,,,,,0,True
5.0,0.05,10,20,,,,,0,True
5.0,0.05,10,19,,,,,0,True
5.0,0.05,10,21,,,,,0,True
5.0,0.05,10,22,,,,,0,True
5.0,0.05,10,23,,,,,0,True
5.0,0.05,10,25,,,,,0,True
5.0,0.05,10,24,,,,,0,True
5.0,0.05,10,26,,,,,0,True
5.0,0.05,10,27,,,,,0,True
5.0,0.05,10,28,,,,,0,True
5.0,0.05,10,29,,,,,0,True
5.0,0.05,10,30,,,,,0,True
5.0,0.05,10,31,,,,,0,True
5.0,0.05,10,32,,,,,0,True
5.0,0.05,10,33,,,,,0,True
5.0,0.05,10,35,,,,,0,True
5.0,0.05,10,34,,,,,0,True
5.0,0.05,10,36,,,,,0,True
5.0,0.05,10,37,,,,,0,True
5.0,0.05,10,38,,,,,0,True
5.0,0.05,10,39,,,,,0,True
5.0,0.05,10,40,,,,,0,True
5.0,0.05,10,41,,,,,0,True
5.0,0.05,10,42,,,,,0,True
5.0,0.05,10,43,,,,,0,True
5.0,0.05,10,44,,,,,0,True
5.0,0.05,10,46,,,,,0,True
5.0,0.05,10,45,,,,,0,True
5.0,0.05,10,47,,,,,0,True
5.0,0.05,10,48,,,,,0,True
5.0,0.05,10,49,,,,,0,True
5.0,0.05,15,1,20.272207821685985,2.265209387111067,2.6943590470296717,0.11173964903259735,100,True
5.0,0.05,15,5,31.983154978334234,0.7371959454431235,4.756885799044139,0.02304950671509764,100,True
5.0,0.05,15,3,18.30522768288919,1.5943310597166922,2.5154039084891,0.08709703519323024,100,True
5.0,0.05,15,2,22.492625385991733,1.7509350947507007,1.5636992376957126,0.0778448520216396,100,True
5.0,0.05,15,0,25.03919838072956,0.6535629996090724,0.47626036448787196,0.0261015943750045,100,True
5.0,0.05,15,4,36.74759325642873,2.512375369175074,9.232179760923412,0.06836843304657923,100,True
5.0,0.05,15,6,22.54963437610512,4.441334995299221,4.261226962552507,0.19695818216926447,100,True
5.0,0.05,15,9,16.947700735815978,0.6530203622379314,0.970254076128804,0.03853150184897282,100,True
5.0,0.05,15,7,27.15101705944958,1.3931273665052903,6.545937458686041,0.05131031973700703,100,True
5.0,0.05,15,8,16.945926620652198,1.141539870469282,1.7154663486524515,0.06736367364402925,100,True
5.0,0.05,15,10,28.562827529069747,2.8549611158545924,6.095627506189408,0.09995372877383946,100,True
5.0,0.05,15,11,16.600112914427573,1.2602288129638262,2.680896380146325,0.07591688197906954,100,True
5.0,0.05,15,12,21.80250538498833,2.008275542834593,3.545924945886107,0.09211214524993766,100,True
5.0,0.05,15,14,15.613891852371637,1.3978073447908885,1.2647653470243432,0.0895233141107335,100,True
5.0,0.05,15,13,21.01786510691167,2.8955823452362157,5.346665927312994,0.1377676719546559,100,True
5.0,0.05,15,17,28.14433126864128,2.9749887323381192,2.887288870977554,0.10570472270033589,100,True
5.0,0.05,15,15,17.665165246360132,2.0154671120540133,1.3982846395843884,0.11409274037044718,100,True
5.0,0.05,15,16,20.268882342657655,1.8315229921382632,2.250646564200825,0.0903613214174943,100,True
5.0,0.05,15,18,45.659937867116085,1.9381321446686817,7.608851817497235,0.0424471042932476,100,True
5.0,0.05,15,20,21.980958561029396,1.7580993575253776,1.2370632571604685,0.07998283389889815,100,True
5.0,0.05,15,19,24.541806576124817,1.3076565098646076,1.8858335143303597,0.053282813789949125,100,True
5.0,0.05,15,22,19.40340236906981,0.20020059804504595,0.7814249254110216,0.010317808920160196,100,True
5.0,0.05,15,23,27.130267995619175,3.5745671772614167,4.946802547629902,0.13175568991204273,100,True
5.0,0.05,15,21,19.741991692048586,0.80353764372566,2.214349790760594,0.04070195430430142,100,True
5.0,0.05,15,24,30.308701828098233,1.7965682302421468,6.346168971556698,0.05927565754652697,100,True
5.0,0.05,15,26,13.82418930041874,1.0699921704601283,1.69364698122651,0.07739999411232873,100,True
5.0,0.05,15,25,17.906743869027036,1.0714026603122346,1.6343456474668676,0.05983235523714728,100,True
5.0,0.05,15,27,22.95775909290358,8.389182303803583,6.918600818897244,0.3654181695110105,100,True
5.0,0.05,15,29,26.209500108141345,3.0478485462917293,2.944638892056092,0.11628793123547554,100,True
5.0,0.05,15,28,21.923927655507818,5.154932392384267,4.429822894891759,0.2351281427937582,100,True
5.0,0.05,15,30,20.454928190934428,1.7631174430590522,1.6479295813589097,0.08619523992464864,100,True
5.0,0.05,15,32,22.036987968115838,0.9891463449456491,2.4785544071877417,0.04488573240484558,100,True
5.0,0.05,15,34,25.372112673010964,2.2881725089511633,4.672455137466427,0.09018454783172855,100,True
5.0,0.05,15,35,16.9806247991784,0.7046519755925705,1.5611478807965014,0.04149741154557898,100,True
5.0,0.05,15,31,21.435469645684808,2.5027992064427713,2.341395358892336,0.1167597093888079,100,True
5.0,0.05,15,33,19.621169630810506,0.24200980468112507,2.03866030340508,0.012334117141574714,100,True
5.0,0.05,15,36,17.625659622597606,1.54450062717857,2.611285030103062,0.08762796174722379,100,True
5.0,0.05,15,37,26.163748536612214,2.1120966413780153,3.0450422830128767,0.08072607174092257,100,True
5.0,0.05,15,40,27.24343087693061,2.692323832340003,3.856130118827793,0.098824698126396,100,True
5.0,0.05,15,38,22.82906918192163,3.3150182140333997,4.242638927480394,0.14521039765644791,100,True
5.0,0.05,15,41,16.228863846674702,0.8791233444400224,1.1899218201508226,0.05417035676346221,100,True
5.0,0.05,15,39,17.37759983114536,0.8352929766698144,1.948835314144517,0.048067223597400566,100,True
5.0,0.05,15,42,17.84890232179851,0.9320271399868894,0.3215648913305603,0.0522176167017634,100,True
5.0,0.05,15,45,26.39121833862703,2.0919978609353134,6.240207938597518,0.07926871105732161,100,True
5.0,0.05,15,43,28.201102260216807,2.219428839056954,5.328771296530913,0.07870007415234595,100,True
5.0,0.05,15,44,14.8546842413518,0.4995044666218684,0.5964335177405513,0.03362605751197124,100,True
5.0,0.05,15,46,29.020182843938986,6.000762518900674,6.23442359988599,0.2067789355832389,100,True
5.0,0.05,15,47,15.95126127157277,0.7654989653174084,1.9792621099757919,0.04798987066192863,100,True
5.0,0.05,15,48,21.427782230071635,1.1123198142354187,1.7500874490448002,0.051910169810966016,100,True
5.0,0.05,15,49,49.65740273897555,3.4403588280824717,21.30724417229568,0.06928189229240884,100,True
5.0,0.05,20,0,19.489755865099113,0.667195242327406,0.524528448542331,0.03423312467049279,100,True
5.0,0.05,20,3,13.994984062374835,1.6387144886891232,2.5443088826254403,0.11709298712920768,100,True
5.0,0.05,20,1,14.966753779232633,2.0100970509717246,2.218363472138775,0.1343041437456443,100,True
5.0,0.05,20,5,24.530252872547493,0.3740961168227804,3.9010262088898147,0.015250397897097997,100,True
5.0,0.05,20,2,16.52231290206913,1.5314666201989209,1.3806749148610082,0.09269081328239047,100,True
5.0,0.05,20,4,28.68150561812406,1.9069278416587445,7.387587349896619,0.06648632282587502,100,True
5.0,0.05,20,6,17.580129924584682,3.8282291240021524,3.8368526981418976,0.21775886415086274,100,True
5.0,0.05,20,9,13.34480458386601,0.5367492186012218,0.755126660192471,0.04022158700249208,100,True
5.0,0.05,20,7,19.626890315404893,0.9258414338926019,5.460433242221268,0.04717208987334692,100,True
5.0,0.05,20,8,12.395111692764381,0.9815195097350762,1.0857518618666102,0.07918601575071212,100,True
5.0,0.05,20,11,11.713335514747264,0.5987860032817363,1.2230051061386364,0.05112002490903259,100,True
5.0,0.05,20,10,22.197263230156928,2.9243114517182756,6.157712195932763,0.13174198194601494,100,True
5.0,0.05,20,14,11.48569278770156,1.1464204610967976,0.8765998844310222,0.09981291353398733,100,True
5.0,0.05,20,13,15.31870658689893,2.40745159077564,4.438853008717016,0.15715762797066515,100,True
5.0,0.05,20,16,14.317544584247095,1.4533381171853434,1.2733137645004096,0.1015074972271699,100,True
5.0,0.05,20,12,17.268456608605092,1.459973310203403,2.4711208206210222,0.0845456744221067,100,True
5.0,0.05,20,15,13.47853541215444,1.8489327179823618,1.418861954460893,0.13717608489681032,100,True
5.0,0.05,20,17,21.242612932989253,2.108814526010947,2.024105040591394,0.0992728405240586,100,True
5.0,0.05,20,19,19.030010890429796,0.9765869360540864,1.4341639994069737,0.05131825418687556,100,True
5.0,0.05,20,20,15.623185088657001,1.3852341098881007,0.8519613510627286,0.08866528188889158,100,True
5.0,0.05,20,18,37.701594297361005,1.6864253990001696,6.46244733633269,0.044730877577721276,100,True
5.0,0.05,20,22,14.851931844404048,0.04333215097018246,0.844339236170624,0.0029176104108307815,100,True
5.0,0.05,20,21,15.269845305114778,0.7425662227723425,1.8994076379646752,0.04862958385856162,100,True
5.0,0.05,20,23,20.45785961772874,2.853613846452239,3.8322464953884507,0.1394874097180383,100,True
5.0,0.05,20,25,13.402923799793832,1.064540507067054,1.6189718728035556,0.07942599114705323,100,True
5.0,0.05,20,24,24.562665073342842,1.6031876680599257,6.138252942077087,0.0652692882988426,100,True
5.0,0.05,20,26,10.00724677751679,0.7242691875784757,1.0337782208513384,0.07237447058922201,100,True
5.0,0.05,20,27,17.559704559391253,6.967625439909997,5.538433765469393,0.396796279592505,100,True
5.0,0.05,20,28,17.378952764265108,4.688937527817359,4.246469227710664,0.26980552806719343,100,True
5.0,0.05,20,29,19.297127718908527,2.370348761333196,2.0977009152274895,0.12283427854449969,100,True
5.0,0.05,20,30,14.796283342998638,1.111038713558022,1.9004497520444341,0.07508904011923694,100,True
5.0,0.05,20,31,15.2399288686884,1.8362269230130082,1.6683047767918118,0.12048789327263049,100,True
5.0,0.05,20,32,17.004299714650028,0.35254170753584274,1.172201625632239,0.020732503746220786,100,True
5.0,0.05,20,33,14.965957764090511,0.43515409373690095,2.004587372587392,0.0290762609781657,100,True
5.0,0.05,20,34,19.107393605081075,1.8061016913595482,3.7364707751902158,0.09452370787396489,100,True
5.0,0.05,20,35,13.846221109445992,0.5139157375230817,1.15368375043303,0.03711595629312064,100,True
5.0,0.05,20,37,20.64141319939011,1.3434408641139965,1.5133989697326329,0.06508473286866284,100,True
5.0,0.05,20,36,13.604237228205264,0.7210790431836643,1.0612719775140276,0.05300400390612657,100,True
5.0,0.05,20,38,17.653991594998228,2.7044311884585612,3.521479705284436,0.1531909185469867,100,True
5.0,0.05,20,39,12.816108643650109,0.6689482804912348,1.5745122917243568,0.05219589651517764,100,True
5.0,0.05,20,40,20.11451821876877,2.5407907525350297,3.6958724025590755,0.12631626196068813,100,True
5.0,0.05,20,41,11.050841975399873,0.4648482993381214,0.4312159223144619,0.04206451421284584,100,True
5.0,0.05,20,42,13.867999915015725,0.7037326539335144,0.7705354715465865,0.050745071981976315,100,True
5.0,0.05,20,43,20.82153758361169,1.60024549277529,3.9701617143794583,0.07685529881495488,100,True
5.0,0.05,20,44,11.510476269024103,0.5209244714825219,0.6543055699466283,0.04525655231872413,100,True
5.0,0.05,20,45,19.903548499628403,1.0889236951989159,3.9179284646188326,0.054710027974119585,100,True
5.0,0.05,20,46,23.48407426682799,5.109773734319316,5.279509246953086,0.2175846352835392,100,True
5.0,0.05,20,47,11.923595887641046,0.48210360294191257,1.0449944041792982,0.04043273585291656,100,True
5.0,0.05,20,48,14.582299989907323,0.8279108437881718,1.250079375563023,0.05677505224561174,100,True
5.0,0.05,20,49,39.38645679218436,2.700807855431834,17.945207520157904,0.06857199340580866,100,True
5.0,0.05,25,1,,,,,0,True
5.0,0.05,25,3,,,,,0,True
5.0,0.05,25,4,,,,,0,True
5.0,0.05,25,5,,,,,0,True
5.0,0.05,25,0,,,,,0,True
5.0,0.05,25,2,,,,,0,True
5.0,0.05,25,7,,,,,0,True
5.0,0.05,25,6,,,,,0,True
5.0,0.05,25,8,,,,,0,True
5.0,0.05,25,10,,,,,0,True
5.0,0.05,25,9,,,,,0,True
5.0,0.05,25,11,,,,,0,True
5.0,0.05,25,13,,,,,0,True
5.0,0.05,25,15,,,,,0,True
5.0,0.05,25,12,,,,,0,True
5.0,0.05,25,14,,,,,0,True
5.0,0.05,25,16,,,,,0,True
5.0,0.05,25,17,,,,,0,True
5.0,0.05,25,19,,,,,0,True
5.0,0.05,25,18,,,,,0,True
5.0,0.05,25,21,,,,,0,True
5.0,0.05,25,20,,,,,0,True
5.0,0.05,25,22,,,,,0,True
5.0,0.05,25,23,,,,,0,True
5.0,0.05,25,25,,,,,0,True
5.0,0.05,25,24,,,,,0,True
5.0,0.05,25,27,,,,,0,True
5.0,0.05,25,26,,,,,0,True
5.0,0.05,25,28,,,,,0,True
5.0,0.05,25,29,,,,,0,True
5.0,0.05,25,30,,,,,0,True
5.0,0.05,25,31,,,,,0,True
5.0,0.05,25,32,,,,,0,True
5.0,0.05,25,33,,,,,0,True
5.0,0.05,25,34,,,,,0,True
5.0,0.05,25,35,,,,,0,True
5.0,0.05,25,36,,,,,0,True
5.0,0.05,25,37,,,,,0,True
5.0,0.05,25,38,,,,,0,True
5.0,0.05,25,39,,,,,0,True
5.0,0.05,25,40,,,,,0,True
5.0,0.05,25,41,,,,,0,True
5.0,0.05,25,42,,,,,0,True
5.0,0.05,25,43,,,,,0,True
5.0,0.05,25,44,,,,,0,True
5.0,0.05,25,45,,,,,0,True
5.0,0.05,25,47,,,,,0,True
5.0,0.05,25,46,,,,,0,True
5.0,0.05,25,48,,,,,0,True
5.0,0.05,25,49,,,,,0,True
5.0,0.05,30,4,,,,,0,True
5.0,0.05,30,3,,,,,0,True
5.0,0.05,30,0,,,,,0,True
5.0,0.05,30,5,,,,,0,True
5.0,0.05,30,2,,,,,0,True
5.0,0.05,30,1,,,,,0,True
5.0,0.05,30,8,,,,,0,True
5.0,0.05,30,6,,,,,0,True
5.0,0.05,30,7,,,,,0,True
5.0,0.05,30,10,,,,,0,True
5.0,0.05,30,11,,,,,0,True
5.0,0.05,30,9,,,,,0,True
5.0,0.05,30,13,,,,,0,True
5.0,0.05,30,12,,,,,0,True
5.0,0.05,30,14,,,,,0,True
5.0,0.05,30,15,,,,,0,True
5.0,0.05,30,17,,,,,0,True
5.0,0.05,30,16,,,,,0,True
5.0,0.05,30,19,,,,,0,True
5.0,0.05,30,18,,,,,0,True
5.0,0.05,30,20,,,,,0,True
5.0,0.05,30,21,,,,,0,True
5.0,0.05,30,22,,,,,0,True
5.0,0.05,30,23,,,,,0,True
5.0,0.05,30,24,,,,,0,True
5.0,0.05,30,26,,,,,0,True
5.0,0.05,30,25,,,,,0,True
5.0,0.05,30,28,,,,,0,True
5.0,0.05,30,27,,,,,0,True
5.0,0.05,30,29,,,,,0,True
5.0,0.05,30,30,,,,,0,True
5.0,0.05,30,31,,,,,0,True
5.0,0.05,30,34,,,,,0,True
5.0,0.05,30,32,,,,,0,True
5.0,0.05,30,35,,,,,0,True
5.0,0.05,30,33,,,,,0,True
5.0,0.05,30,36,,,,,0,True
5.0,0.05,30,37,,,,,0,True
5.0,0.05,30,39,,,,,0,True
5.0,0.05,30,41,,,,,0,True
5.0,0.05,30,38,,,,,0,True
5.0,0.05,30,40,,,,,0,True
5.0,0.05,30,42,,,,,0,True
5.0,0.05,30,44,,,,,0,True
5.0,0.05,30,43,,,,,0,True
5.0,0.05,30,45,,,,,0,True
5.0,0.05,30,46,,,,,0,True
5.0,0.05,30,47,,,,,0,True
5.0,0.05,30,48,,,,,0,True
5.0,0.05,30,49,,,,,0,True
5.0,0.05,35,3,,,,,0,True
5.0,0.05,35,1,,,,,0,True
5.0,0.05,35,0,,,,,0,True
5.0,0.05,35,2,,,,,0,True
5.0,0.05,35,5,,,,,0,True
5.0,0.05,35,4,,,,,0,True
5.0,0.05,35,6,,,,,0,True
5.0,0.05,35,7,,,,,0,True
5.0,0.05,35,10,,,,,0,True
5.0,0.05,35,9,,,,,0,True
5.0,0.05,35,8,,,,,0,True
5.0,0.05,35,11,,,,,0,True
5.0,0.05,35,13,,,,,0,True
5.0,0.05,35,12,,,,,0,True
5.0,0.05,35,15,,,,,0,True
5.0,0.05,35,14,,,,,0,True
5.0,0.05,35,16,,,,,0,True
5.0,0.05,35,17,,,,,0,True
5.0,0.05,35,18,,,,,0,True
5.0,0.05,35,19,,,,,0,True
5.0,0.05,35,20,,,,,0,True
5.0,0.05,35,22,,,,,0,True
5.0,0.05,35,21,,,,,0,True
5.0,0.05,35,23,,,,,0,True
5.0,0.05,35,24,,,,,0,True
5.0,0.05,35,25,,,,,0,True
5.0,0.05,35,26,,,,,0,True
5.0,0.05,35,27,,,,,0,True
5.0,0.05,35,28,,,,,0,True
5.0,0.05,35,29,,,,,0,True
5.0,0.05,35,30,,,,,0,True
5.0,0.05,35,31,,,,,0,True
5.0,0.05,35,33,,,,,0,True
5.0,0.05,35,32,,,,,0,True
5.0,0.05,35,34,,,,,0,True
5.0,0.05,35,35,,,,,0,True
5.0,0.05,35,36,,,,,0,True
5.0,0.05,35,38,,,,,0,True
5.0,0.05,35,37,,,,,0,True
5.0,0.05,35,39,,,,,0,True
5.0,0.05,35,41,,,,,0,True
5.0,0.05,35,40,,,,,0,True
5.0,0.05,35,42,,,,,0,True
5.0,0.05,35,43,,,,,0,True
5.0,0.05,35,44,,,,,0,True
5.0,0.05,35,45,,,,,0,True
5.0,0.05,35,47,,,,,0,True
5.0,0.05,35,46,,,,,0,True
5.0,0.05,35,48,,,,,0,True
5.0,0.05,35,49,,,,,0,True
