experiment,o_observed,coverage_donor_none,coverage_donor_ols,coverage_stdcp,coverage_hcp,width_donor_none,width_donor_ols,width_stdcp,width_hcp,infinite_donor_none,infinite_donor_ols,infinite_stdcp,infinite_hcp
1,0,0.94,0.94,,0.94,5.869987429396151,5.869987429396151,,5.869987429396151,0,0,0,0
1,10,0.82,0.8,0.88,0.88,5.084998977049197,4.879002356614001,10.291413175413954,5.869987429396151,0,0,0,0
1,20,0.86,0.9,0.84,0.9,4.605988494084837,4.913259350382724,6.199192941472871,5.869987429396151,0,0,0,0
1,30,0.86,0.82,0.84,0.92,4.211735507286562,5.344049863299717,6.641409501025075,5.869987429396151,0,0,0,0
1,40,0.86,0.9,0.84,0.96,4.319524932487903,4.728612915986103,5.194109759139138,5.869987429396151,0,0,0,0
1,50,0.82,0.82,0.84,0.88,4.113815207688192,4.965202109602231,5.292448664990911,5.869987429396151,0,0,0,0
1,100,0.82,0.86,0.84,0.88,4.3932830213498075,4.682985804550812,4.557764084057301,5.869987429396151,0,0,0,0
1,200,0.84,0.88,0.88,0.88,4.092494723807133,4.238726867970907,4.208560260665143,5.869987429396151,0,0,0,0
2,0,0.9,0.9,,0.9,6.207354395518572,6.207354395518572,,6.207354395518572,0,0,0,0
2,10,0.94,0.96,0.84,0.98,5.449351704089438,6.390205620873495,10.819265066814575,6.207354395518572,0,0,0,0
2,20,0.8,0.82,0.8,0.9,4.916289226335916,4.8615837602895,7.730898063797966,6.207354395518572,0,0,0,0
2,30,0.92,0.92,0.94,0.96,4.373569024009271,5.306426939400778,6.15578018191399,6.207354395518572,0,0,0,0
2,40,0.82,0.76,0.8,0.92,4.329091880191966,4.705407982853778,5.667691591027705,6.207354395518572,0,0,0,0
2,50,0.84,0.82,0.82,0.92,4.281853983462526,4.819320574140366,5.270436656358807,6.207354395518572,0,0,0,0
2,100,0.8,0.82,0.76,0.9,4.158400772664159,4.508612758134227,4.326259499066065,6.207354395518572,0,0,0,0
2,200,0.8,0.8,0.76,0.92,3.9721351987161126,4.045888507073041,4.241861019096911,6.207354395518572,0,0,0,0
3,0,0.88,0.88,,0.88,6.146080678556611,6.146080678556611,,6.146080678556611,0,0,0,0
3,10,0.68,0.68,0.8,0.8,4.672731209088266,5.090649646890723,9.512504817303512,6.146080678556611,0,0,0,0
3,20,0.8,0.82,0.72,0.9,4.39477535257545,4.709035211025538,7.700210142822922,6.146080678556611,0,0,0,0
3,30,0.78,0.78,0.84,0.94,4.295196174360257,4.763824677032536,5.968964127271369,6.146080678556611,0,0,0,0
3,40,0.78,0.68,0.8,0.84,4.279375919012176,4.405464031019607,5.027074397761163,6.146080678556611,0,0,0,0
3,50,0.88,0.9,0.76,0.88,4.454794249663488,4.927584899369844,4.995730147796899,6.146080678556611,0,0,0,0
3,100,0.76,0.76,0.74,0.84,4.222511881152204,4.370503206339222,4.498477753849855,6.146080678556611,0,0,0,0
3,200,0.8,0.84,0.76,0.94,4.318738107643941,4.377492886943209,4.336774355197087,6.146080678556611,0,0,0,0
4,0,0.92,0.92,,0.92,5.691426889512948,5.691426889512948,,5.691426889512948,0,0,0,0
4,10,0.86,0.88,0.82,0.9,4.543923722260632,4.707274396947314,10.322880341537324,5.691426889512948,0,0,0,0
4,20,0.78,0.82,0.8,0.92,4.126623739442886,4.070524240620353,8.48914521498566,5.691426889512948,0,0,0,0
4,30,0.8,0.82,0.82,0.84,4.436042011834168,5.187035364155959,5.941359245868711,5.691426889512948,0,0,0,0
4,40,0.82,0.78,0.74,0.9,4.336553983963151,4.621192511671561,4.837971844200058,5.691426889512948,0,0,0,0
4,50,0.88,0.86,0.84,0.88,4.264112954416804,4.5554369068999705,4.862915042282356,5.691426889512948,0,0,0,0
4,100,0.64,0.68,0.7,0.72,4.223519080389119,4.4647066306427075,4.571085969013153,5.691426889512948,0,0,0,0
4,200,0.78,0.84,0.84,0.84,4.19110488427122,4.2273028502671925,4.236920177826988,5.691426889512948,0,0,0,0
5,0,0.88,0.88,,0.88,4.920673174949395,4.920673174949395,,4.920673174949395,0,0,0,0
5,10,0.8,0.8,0.86,0.8,4.6457323751145205,5.011876107108327,13.134043418962525,4.920673174949395,0,0,0,0
5,20,0.82,0.8,0.84,0.86,4.101098595801945,4.924739283370352,6.99477105573501,4.920673174949395,0,0,0,0
5,30,0.84,0.78,0.9,0.9,4.313288250524726,4.467596091670085,6.244123115149589,4.920673174949395,0,0,0,0
5,40,0.8,0.78,0.78,0.86,4.273947951949949,4.839568808218893,5.186177620190636,4.920673174949395,0,0,0,0
5,50,0.8,0.78,0.88,0.84,4.303983790668199,4.847267402087708,4.919283210200895,4.920673174949395,0,0,0,0
5,100,0.76,0.8,0.74,0.86,4.137291211320415,4.460235216973821,4.3898422383933156,4.920673174949395,0,0,0,0
5,200,0.76,0.76,0.76,0.76,4.046535226320081,4.112558814256308,4.201671123727531,4.920673174949395,0,0,0,0
6,0,0.9,0.9,,0.9,6.2318284016971806,6.2318284016971806,,6.2318284016971806,0,0,0,0
6,10,0.86,0.88,0.88,0.94,4.5864391629205095,4.756283791420577,11.416176927833652,6.2318284016971806,0,0,0,0
6,20,0.78,0.8,0.92,0.96,4.1007323785694405,3.856954966204795,6.84324460912181,6.2318284016971806,0,0,0,0
6,30,0.8,0.82,0.86,0.92,4.733777640118012,5.238029305694935,5.712531380019497,6.2318284016971806,0,0,0,0
6,40,0.9,0.9,0.84,0.96,4.3525178923373,5.058822664065714,5.298407528293145,6.2318284016971806,0,0,0,0
6,50,0.8,0.78,0.78,0.9,4.292667938400202,5.143706633277247,5.215372082507085,6.2318284016971806,0,0,0,0
6,100,0.84,0.78,0.82,0.88,4.18825603411427,4.606811390869243,4.730447596345497,6.2318284016971806,0,0,0,0
6,200,0.7,0.72,0.72,0.9,4.282536836854719,4.2808915105833325,4.302549252769403,6.2318284016971806,0,0,0,0
7,0,0.9,0.9,,0.9,6.101549261523535,6.101549261523535,,6.101549261523535,0,0,0,0
7,10,0.82,0.82,0.88,0.84,5.362817180540093,5.371063898352083,9.546561209004329,6.101549261523535,0,0,0,0
7,20,0.84,0.78,0.82,0.88,4.874013549607389,5.2486352663085984,7.809564684373994,6.101549261523535,0,0,0,0
7,30,0.88,0.94,0.9,0.96,4.587744582600192,4.944862900978641,5.629038165956292,6.101549261523535,0,0,0,0
7,40,0.86,0.86,0.92,0.9,4.454338278146898,4.838134393367914,5.760660657663179,6.101549261523535,0,0,0,0
7,50,0.9,0.88,0.92,0.9,4.468072719190933,5.048102502100227,4.8409102009390885,6.101549261523535,0,0,0,0
7,100,0.7,0.74,0.72,0.82,4.348840070363484,4.255685446509013,4.3368907852593885,6.101549261523535,0,0,0,0
7,200,0.76,0.82,0.82,0.9,4.439840191350447,4.218338990700906,4.055125602242622,6.101549261523535,0,0,0,0
8,0,0.9,0.9,,0.9,5.885083531849374,5.885083531849374,,5.885083531849374,0,0,0,0
8,10,0.88,0.9,0.76,0.9,4.916380302677462,5.457611469650322,10.080987883335277,5.885083531849374,0,0,0,0
8,20,0.84,0.84,0.8,0.9,4.5316899193457765,4.690655026839252,7.796851347896534,5.885083531849374,0,0,0,0
8,30,0.86,0.88,0.88,0.92,4.400240557785372,4.9090291260439844,6.025707591363572,5.885083531849374,0,0,0,0
8,40,0.84,0.82,0.84,0.88,4.470381036443154,5.014921136029979,5.928751601175529,5.885083531849374,0,0,0,0
8,50,0.82,0.84,0.82,0.92,4.472443890230327,4.815525552071295,4.916520013539708,5.885083531849374,0,0,0,0
8,100,0.72,0.68,0.74,0.82,4.1104694242208595,4.273421700331828,4.706126691216047,5.885083531849374,0,0,0,0
8,200,0.82,0.84,0.8,0.9,4.145944087334839,4.217480552118053,4.170706206128635,5.885083531849374,0,0,0,0
9,0,0.92,0.92,,0.92,5.620302766054114,5.620302766054114,,5.620302766054114,0,0,0,0
9,10,0.86,0.9,0.84,0.9,5.044530193998862,5.5659740085266325,11.008206396195522,5.620302766054114,0,0,0,0
9,20,0.9,0.84,0.74,0.94,4.536224219509996,4.896717323483356,6.138772306715865,5.620302766054114,0,0,0,0
9,30,0.82,0.78,0.82,0.9,4.535343936439811,5.358804355131486,6.285936994853909,5.620302766054114,0,0,0,0
9,40,0.86,0.86,0.88,0.88,4.334537917902981,4.697339799356239,5.529060656326293,5.620302766054114,0,0,0,0
9,50,0.68,0.7,0.74,0.8,4.372430180351234,4.728307384087706,4.859094102965929,5.620302766054114,0,0,0,0
9,100,0.88,0.84,0.88,0.92,4.130156300197374,4.554978792929452,4.337095771446785,5.620302766054114,0,0,0,0
9,200,0.86,0.82,0.82,0.92,4.221655975343499,4.419979701408395,4.223311357630429,5.620302766054114,0,0,0,0
10,0,0.94,0.94,,0.94,5.98276951469607,5.98276951469607,,5.98276951469607,0,0,0,0
10,10,0.82,0.84,0.86,0.9,5.059077820200335,4.913562956018138,11.667836779953337,5.98276951469607,0,0,0,0
10,20,0.84,0.8,0.8,0.84,4.475857945282483,4.414615191977438,6.712478033375474,5.98276951469607,0,0,0,0
10,30,0.68,0.8,0.8,0.84,4.756203392783221,5.5517288063855315,6.43977267422824,5.98276951469607,0,0,0,0
10,40,0.78,0.84,0.78,0.9,4.226006025345779,4.823030010380857,4.937501149516555,5.98276951469607,0,0,0,0
10,50,0.88,0.76,0.84,0.92,4.525127936112879,4.472229743695264,5.336441884593421,5.98276951469607,0,0,0,0
10,100,0.78,0.76,0.8,0.9,4.424032102548777,4.6194977614731805,4.666427458253221,5.98276951469607,0,0,0,0
10,200,0.78,0.78,0.82,0.92,4.3885634751667375,4.332601973122943,4.278886626367804,5.98276951469607,0,0,0,0
11,0,0.92,0.92,,0.92,5.8553315031099,5.8553315031099,,5.8553315031099,0,0,0,0
11,10,0.82,0.84,0.8,0.86,5.139556962014407,5.311025202167634,10.392926232258699,5.8553315031099,0,0,0,0
11,20,0.82,0.8,0.82,0.88,4.7247819338625066,4.546670821049938,7.387891230234908,5.8553315031099,0,0,0,0
11,30,0.8,0.88,0.8,0.86,4.629921217627653,5.612962940218378,6.272788032187656,5.8553315031099,0,0,0,0
11,40,0.68,0.72,0.78,0.78,4.437869987735709,4.7798210213655254,5.403373779702096,5.8553315031099,0,0,0,0
11,50,0.86,0.78,0.82,0.92,4.343027604565982,4.720506614957868,4.6550071580796635,5.8553315031099,0,0,0,0
11,100,0.66,0.72,0.68,0.74,4.5413375003242,4.484400706799113,4.365764348363259,5.8553315031099,0,0,0,0
11,200,0.78,0.8,0.84,0.94,4.47528417237343,4.417816050150379,4.296641981275716,5.8553315031099,0,0,0,0
12,0,0.94,0.94,,0.94,6.596157341702285,6.596157341702285,,6.596157341702285,0,0,0,0
12,10,0.88,0.88,0.76,0.9,5.506115829753597,5.732328222760822,11.047589128368564,6.596157341702285,0,0,0,0
12,20,0.84,0.78,0.86,0.9,4.983311555710747,4.764642546693467,7.295541817033329,6.596157341702285,0,0,0,0
12,30,0.88,0.92,0.88,0.9,4.412235037092018,5.213999235174242,5.823894245207013,6.596157341702285,0,0,0,0
12,40,0.78,0.7,0.82,0.86,4.399660028773686,4.895232319662553,5.491986414409437,6.596157341702285,0,0,0,0
12,50,0.78,0.8,0.82,0.92,4.443404447096846,4.569392567106087,5.147752989029817,6.596157341702285,0,0,0,0
12,100,0.8,0.72,0.78,0.94,4.256739282739689,4.465116409560725,4.595819853406217,6.596157341702285,0,0,0,0
12,200,0.86,0.88,0.84,0.94,4.317470170147931,4.251333927182597,4.305055665044906,6.596157341702285,0,0,0,0
13,0,0.94,0.94,,0.94,5.870618496874936,5.870618496874936,,5.870618496874936,0,0,0,0
13,10,0.78,0.78,0.82,0.88,4.7082158042115,4.733883535533178,10.916304976751967,5.870618496874936,0,0,0,0
13,20,0.72,0.78,0.82,0.86,4.212978889607879,4.807921964563585,7.783542814416871,5.870618496874936,0,0,0,0
13,30,0.78,0.74,0.74,0.84,4.306936502715384,4.8021990809707535,5.1375941056499475,5.870618496874936,0,0,0,0
13,40,0.82,0.78,0.84,0.88,4.433793621132676,4.717553526657351,5.278542509741939,5.870618496874936,0,0,0,0
13,50,0.88,0.74,0.84,0.88,4.13947109630262,4.749575060425239,4.738479929411451,5.870618496874936,0,0,0,0
13,100,0.76,0.7,0.76,0.88,4.134135321140674,4.503048112979563,4.477630524132734,5.870618496874936,0,0,0,0
13,200,0.8,0.82,0.84,0.9,4.152911475310283,4.218375347636817,4.2682255004094625,5.870618496874936,0,0,0,0
14,0,0.94,0.94,,0.94,6.764168582185407,6.764168582185407,,6.764168582185407,0,0,0,0
14,10,0.82,0.84,0.76,0.86,5.4360578733917375,5.533330113599471,8.699283263400382,6.764168582185407,0,0,0,0
14,20,0.88,0.94,0.9,0.94,4.5004374443594255,4.995817411135768,8.171248466345805,6.764168582185407,0,0,0,0
14,30,0.88,0.86,0.84,0.94,4.512066390122485,5.317140543666092,5.616240464843237,6.764168582185407,0,0,0,0
14,40,0.74,0.68,0.82,0.92,4.353918492769136,4.965668541991093,5.625736271999598,6.764168582185407,0,0,0,0
14,50,0.82,0.84,0.84,0.94,4.080557491184603,4.563938480600517,4.793243766108372,6.764168582185407,0,0,0,0
14,100,0.78,0.8,0.8,0.92,4.150452152619021,4.333079070994986,4.323768236030825,6.764168582185407,0,0,0,0
14,200,0.84,0.86,0.84,0.96,4.150076606279818,4.141921098035727,4.177254322538893,6.764168582185407,0,0,0,0
15,0,0.9,0.9,,0.9,5.632485257627156,5.632485257627156,,5.632485257627156,0,0,0,0
15,10,0.88,0.86,0.78,0.9,5.275846717270198,5.34075473641864,10.115629839453428,5.632485257627156,0,0,0,0
15,20,0.8,0.84,0.84,0.88,4.746997415514967,4.863536101529785,6.495337328887098,5.632485257627156,0,0,0,0
15,30,0.7,0.76,0.82,0.9,4.20203757526388,5.009895704630541,5.601936369844804,5.632485257627156,0,0,0,0
15,40,0.86,0.84,0.76,0.92,4.3720725434737595,5.096200780881004,5.431832606194863,5.632485257627156,0,0,0,0
15,50,0.78,0.72,0.74,0.86,4.293340340160796,4.682933317636581,5.0287613170279,5.632485257627156,0,0,0,0
15,100,0.72,0.76,0.84,0.86,4.307658465395322,4.312471010360875,4.507358195343198,5.632485257627156,0,0,0,0
15,200,0.78,0.74,0.76,0.88,4.2159164411615535,4.256233785394102,4.343952787116794,5.632485257627156,0,0,0,0
16,0,0.96,0.96,,0.96,6.312230747857313,6.312230747857313,,6.312230747857313,0,0,0,0
16,10,0.9,0.94,0.88,0.92,5.564225227315451,5.374502764999398,11.550285775085648,6.312230747857313,0,0,0,0
16,20,0.78,0.82,0.82,0.84,4.914544144711009,4.965584850707069,7.816508596376621,6.312230747857313,0,0,0,0
16,30,0.82,0.88,0.78,0.92,4.506253260190324,5.026401396821294,5.966572410922314,6.312230747857313,0,0,0,0
16,40,0.78,0.84,0.82,0.88,4.593673039768367,5.1286407208057305,5.088452582694074,6.312230747857313,0,0,0,0
16,50,0.84,0.88,0.86,0.92,4.337952688398226,4.637363424696002,4.987449858603105,6.312230747857313,0,0,0,0
16,100,0.82,0.78,0.74,0.9,4.229612060965273,4.579463025851599,4.366854083118826,6.312230747857313,0,0,0,0
16,200,0.74,0.64,0.72,0.86,4.410607478206633,4.206189865759371,4.427337951470684,6.312230747857313,0,0,0,0
17,0,0.94,0.94,,0.94,5.097445403833249,5.097445403833249,,5.097445403833249,0,0,0,0
17,10,0.78,0.82,0.78,0.88,4.505167766148003,5.0143329719187495,11.654055866262222,5.097445403833249,0,0,0,0
17,20,0.84,0.8,0.82,0.86,4.286001067758663,3.9194302509024057,6.821966238070848,5.097445403833249,0,0,0,0
17,30,0.64,0.72,0.68,0.7,4.458642269278329,5.033388715135581,5.11426800335167,5.097445403833249,0,0,0,0
17,40,0.62,0.64,0.74,0.68,4.398509172581228,4.552280183442848,5.501750078241773,5.097445403833249,0,0,0,0
17,50,0.8,0.74,0.76,0.88,4.163032927436696,4.7056767670670085,5.079530881759599,5.097445403833249,0,0,0,0
17,100,0.8,0.82,0.78,0.84,4.244546164191432,4.552199866732575,4.622199682789633,5.097445403833249,0,0,0,0
17,200,0.72,0.82,0.74,0.78,4.257190365323659,4.183495893637028,4.188116300769604,5.097445403833249,0,0,0,0
18,0,0.88,0.88,,0.88,5.698751787898078,5.698751787898078,,5.698751787898078,0,0,0,0
18,10,0.88,0.86,0.82,0.9,5.338524667351174,5.072003888235283,10.729658056795227,5.698751787898078,0,0,0,0
18,20,0.76,0.82,0.76,0.9,4.225814009458569,4.766852285509961,7.086072418894875,5.698751787898078,0,0,0,0
18,30,0.78,0.78,0.76,0.86,4.28118162180008,5.084924221665056,6.427289330953681,5.698751787898078,0,0,0,0
18,40,0.86,0.86,0.84,0.9,4.347500710190503,4.897940961103364,5.594078952759741,5.698751787898078,0,0,0,0
18,50,0.88,0.82,0.76,0.98,4.351980864779687,4.859059823257247,5.250008076161137,5.698751787898078,0,0,0,0
18,100,0.72,0.72,0.72,0.9,4.163276294080603,4.195052812333754,4.173043170319805,5.698751787898078,0,0,0,0
18,200,0.82,0.88,0.9,0.94,4.109917332387064,4.0261728176180736,4.1215109232281755,5.698751787898078,0,0,0,0
19,0,0.86,0.86,,0.86,5.512899179292188,5.512899179292188,,5.512899179292188,0,0,0,0
19,10,0.82,0.92,0.82,0.9,4.576002816121996,5.4396501010469205,9.88056199559848,5.512899179292188,0,0,0,0
19,20,0.8,0.82,0.8,0.82,4.3061739453620635,4.724865025595205,8.03183443463859,5.512899179292188,0,0,0,0
19,30,0.9,0.96,0.96,0.98,4.421070709834989,5.421292143301663,6.405571181474679,5.512899179292188,0,0,0,0
19,40,0.78,0.84,0.76,0.88,4.446403280087357,5.214919993688856,5.237590791331327,5.512899179292188,0,0,0,0
19,50,0.8,0.78,0.74,0.9,4.368304471085526,4.586494054659349,5.10158336874438,5.512899179292188,0,0,0,0
19,100,0.82,0.74,0.72,0.86,4.016438415357651,4.322818483687927,4.445594795922002,5.512899179292188,0,0,0,0
19,200,0.84,0.88,0.92,0.92,4.133033508843864,4.301148730118048,4.255810769916313,5.512899179292188,0,0,0,0
20,0,0.9,0.9,,0.9,5.518937248611703,5.518937248611703,,5.518937248611703,0,0,0,0
20,10,0.86,0.9,0.84,0.92,4.562274206691519,5.46207214106153,9.607078710583448,5.518937248611703,0,0,0,0
20,20,0.92,0.96,0.76,0.92,4.314123810321437,5.60870975424427,6.321455608632665,5.518937248611703,0,0,0,0
20,30,0.84,0.92,0.9,0.9,4.063413692505289,5.047838165023351,5.496728466400407,5.518937248611703,0,0,0,0
20,40,0.8,0.86,0.76,0.9,4.100490356826392,5.096498475599176,5.386571731054053,5.518937248611703,0,0,0,0
20,50,0.76,0.74,0.82,0.86,4.195359689826439,4.601106588959915,4.91330411063117,5.518937248611703,0,0,0,0
20,100,0.76,0.8,0.8,0.9,4.164309131951228,4.53124547914487,4.537323089040202,5.518937248611703,0,0,0,0
20,200,0.8,0.82,0.82,0.92,4.151087813249959,4.2207123444502725,4.2084439118684696,5.518937248611703,0,0,0,0
