puma,N_j,age_mean,age_sd,hours_mean,hours_sd,entry_recency_mean,entry_recency_sd,age_sq_mean,age_sq_sd,prop_female,prop_married,prop_educ_BAplus,prop_educ_<HS,prop_educ_SomeCollege,prop_educ_HS,english_mean,resid_mean,resid_sd,resid_q25,resid_median,resid_q75
101,67,37.43283582089552,9.392491973519956,46.82089552238806,9.570987367345582,8.298507462686567,6.329380565635189,1488.1194029850747,739.3934353195041,0.44776119402985076,0.6865671641791045,0.8805970149253731,0.04477611940298507,0.05970149253731343,0.014925373134328358,1.3432835820895523,1592.1682654150818,100188.19510863925,-50602.26020975251,-27444.80942098028,8732.737712048183
102,74,35.16216216216216,8.570460621286024,43.62162162162162,8.52506811558808,9.054054054054054,5.071791156118784,1308.837837837838,659.6038459690626,0.47297297297297297,0.5675675675675675,0.6081081081081081,0.13513513513513514,0.12162162162162163,0.13513513513513514,1.445945945945946,-3016.667321068982,73518.42507460352,-41073.417868598175,-16934.2519032298,18452.782268631046
104,52,34.92307692307692,7.09002655999382,42.34615384615385,5.397474410785378,10.76923076923077,5.956098817361238,1268.923076923077,532.0324273676737,0.3076923076923077,0.5576923076923077,0.19230769230769232,0.3076923076923077,0.1346153846153846,0.36538461538461536,2.1346153846153846,-11276.994068729373,36551.41428642112,-24942.8173580375,-4833.683127174023,17497.883398955455
105,70,39.34285714285714,7.560165848740058,42.857142857142854,6.609798861825435,9.428571428571429,5.520899497630795,1604.2,606.7515213789349,0.4142857142857143,0.6714285714285714,0.4714285714285714,0.17142857142857143,0.15714285714285714,0.2,1.8857142857142857,-9677.251019191885,41795.43038138425,-33667.38965679184,-4418.304340069706,15937.358937139536
106,50,39.56,6.667496546986855,43.48,8.862302644531235,11.2,5.558593273812491,1608.56,530.0258045316169,0.44,0.72,0.5,0.24,0.14,0.12,1.82,-41.85889496732387,42545.849951084754,-21311.855835066024,-710.0687528251437,16121.37921446858
107,98,37.683673469387756,7.993034259640309,41.285714285714285,4.43044760485681,11.642857142857142,5.386600404478299,1483.295918367347,631.8120105570956,0.4489795918367347,0.7448979591836735,0.3979591836734694,0.1326530612244898,0.19387755102040816,0.2755102040816326,1.6224489795918366,-2454.803397033297,35595.34052755148,-20513.64153545087,-750.6256873680104,14188.18431340898
108,148,36.229729729729726,6.424966814382223,41.21621621621622,4.108296799452092,10.054054054054054,5.47944058888554,1353.5945945945946,491.23351386143315,0.43243243243243246,0.7837837837837838,0.7905405405405406,0.033783783783783786,0.10135135135135136,0.07432432432432433,1.3513513513513513,4431.346650897237,54590.50850671572,-18873.17633313971,-1364.537818292767,24917.127794401982
109,252,37.3968253968254,6.998667334815691,41.63095238095238,4.170030893781712,9.531746031746032,5.513744518250188,1447.3095238095239,552.1052856501198,0.38095238095238093,0.8571428571428571,0.8690476190476191,0.03571428571428571,0.051587301587301584,0.04365079365079365,1.3492063492063493,21627.79768557482,71505.95385426366,-12509.99757982581,14990.260513234447,42663.5852817578
110,167,39.209580838323355,6.5975829229843495,41.50898203592814,4.179508623151848,10.952095808383234,5.471512624531174,1580.6586826347304,522.5342183117655,0.32335329341317365,0.8922155688622755,0.9041916167664671,0.023952095808383235,0.059880239520958084,0.011976047904191617,1.251497005988024,26236.78055284847,90042.94905396811,-15313.0005936136,10194.825213915901,46822.64558317111
1301,50,38.52,8.152225187653006,41.18,3.414793745825743,11.48,4.937321425342172,1548.92,641.8835115883408,0.44,0.74,0.18,0.34,0.18,0.3,2.1,-1622.8735149037589,43792.54909018954,-20808.25497673989,447.7953033481608,23939.232950816702
1302,44,38.63636363636363,7.548574204169702,44.38636363636363,9.048232280372623,11.704545454545455,5.097101526812079,1548.4545454545455,614.4172302023732,0.38636363636363635,0.7727272727272727,0.5681818181818182,0.09090909090909091,0.1590909090909091,0.18181818181818182,1.6363636363636365,-19644.010465757325,45334.04275050291,-47774.80462386673,-19058.38000986213,3755.7732518312987
1303,43,38.883720930232556,7.264425065985153,42.25581395348837,5.038390820470426,11.465116279069768,5.206904012070816,1563.4883720930231,583.715169128828,0.3953488372093023,0.627906976744186,0.5116279069767442,0.16279069767441862,0.18604651162790697,0.13953488372093023,1.9767441860465116,-12867.975838943017,47969.04111848062,-49789.23528011762,-3704.9554797996534,17097.899112941144
1305,85,41.05882352941177,6.8249418995895565,42.54117647058823,6.134509995521571,10.694117647058823,5.5205752146203135,1731.8588235294117,559.0206818079951,0.35294117647058826,0.8941176470588236,0.8941176470588236,0.023529411764705882,0.07058823529411765,0.011764705882352941,1.2117647058823529,45350.21860918813,106336.06447719873,-17097.805041283544,25527.091234223044,70918.00019521604
1307,48,37.875,7.496453061991271,44.833333333333336,10.500928699219859,11.229166666666666,5.256159844606777,1489.5416666666667,598.8816513047495,0.4166666666666667,0.6458333333333334,0.2708333333333333,0.16666666666666666,0.2916666666666667,0.2708333333333333,1.7708333333333333,-7203.56783065559,40538.51132966835,-30289.34188564626,-8958.353396055929,15199.625040179162
1308,38,38.36842105263158,8.361498160832117,41.6578947368421,4.3013279897151175,10.447368421052632,4.688671617449137,1540.2105263157894,644.7680143420845,0.34210526315789475,0.7105263157894737,0.47368421052631576,0.18421052631578946,0.18421052631578946,0.15789473684210525,1.5789473684210527,-10951.208690884769,38764.52961516499,-38388.4956290386,-6035.623747719961,10081.176642855324
1901,76,36.11842105263158,7.50105255772043,45.36842105263158,8.737417017651778,12.605263157894736,5.220674151533615,1360.0657894736842,581.0377001084943,0.3157894736842105,0.7105263157894737,0.039473684210526314,0.631578947368421,0.11842105263157894,0.21052631578947367,2.8552631578947367,-11014.310255344859,21694.403869561134,-21039.018510882408,-9605.907289990573,2749.1358351769013
1904,42,34.76190476190476,7.400756466969535,45.166666666666664,12.47420101877914,11.023809523809524,5.874658662582729,1261.857142857143,561.8944684976201,0.30952380952380953,0.5952380952380952,0.047619047619047616,0.5952380952380952,0.16666666666666666,0.19047619047619047,2.619047619047619,-6790.708450011141,28654.12215633606,-22845.900995522243,-7729.727555336649,7280.196953674662
1907,36,37.916666666666664,8.449429397471592,41.111111111111114,2.4234305999998997,11.777777777777779,5.275881029261429,1507.0833333333333,663.3165318523062,0.3055555555555556,0.6388888888888888,0.027777777777777776,0.8333333333333334,0.05555555555555555,0.08333333333333333,2.9444444444444446,-3415.1463235496794,29009.602157346595,-21856.024300645608,-2299.6390091504,11440.30554102549
2500,32,40.75,9.301404680598413,44.90625,10.023711806865597,9.03125,5.772484090982422,1744.375,747.083004845534,0.34375,0.6875,0.1875,0.34375,0.1875,0.28125,2.65625,-17918.592710194393,37749.29127022902,-27047.74577856346,-5599.683782448308,3848.6572665967105
2901,57,37.29824561403509,8.241803097365246,41.96491228070175,4.605760803760181,12.473684210526315,5.148180202605212,1457.8947368421052,647.8906897499467,0.40350877192982454,0.7017543859649122,0.10526315789473684,0.49122807017543857,0.10526315789473684,0.2982456140350877,2.43859649122807,-5399.6379713041715,18558.43093402636,-14226.28959607787,-6709.04671752479,1884.1433139379951
3702,50,40.12,5.633862632622959,43.0,7.406560798180411,11.6,4.985693819032899,1640.72,453.9822454498342,0.42,0.84,0.64,0.1,0.16,0.1,1.56,-16966.403970993237,43748.92300328666,-43561.73811781747,-14231.607506789762,4244.884384126148
3705,70,37.7,7.279811273234564,44.3,9.580097122136351,11.042857142857143,5.528413338134828,1473.5285714285715,575.7322677246593,0.4714285714285714,0.8142857142857143,0.5571428571428572,0.08571428571428572,0.24285714285714285,0.11428571428571428,1.6285714285714286,-4841.4206129816275,79282.33752050501,-41557.63224517813,-17187.333656849776,5981.957225336839
3706,48,38.541666666666664,7.98924365534042,43.0,5.98579879665551,11.125,5.556767007394505,1547.9583333333333,644.49917743649,0.5,0.7291666666666666,0.4791666666666667,0.14583333333333334,0.22916666666666666,0.14583333333333334,1.8541666666666667,-13638.176359032223,40982.81122897863,-43221.64205795925,-19730.909027307775,10741.021181170276
3707,54,36.166666666666664,6.5148596474839815,40.24074074074074,1.2728690692154783,12.277777777777779,5.100561074081973,1349.6851851851852,509.4152335312899,0.2777777777777778,0.5925925925925926,0.09259259259259259,0.4444444444444444,0.24074074074074073,0.2222222222222222,2.240740740740741,-275.38389137932813,23282.54933240658,-14107.349152816263,-2834.4317791403155,16411.10037013628
3708,53,38.943396226415096,8.436220203429656,41.62264150943396,4.460193230956995,12.660377358490566,4.90268135516135,1586.4150943396226,674.7931145618538,0.4339622641509434,0.7358490566037735,0.5283018867924528,0.11320754716981132,0.18867924528301888,0.16981132075471697,1.6603773584905661,-15932.127917150774,48274.361223736756,-42058.308616178314,-19308.674511524063,5250.0358554543345
3710,64,37.296875,9.166328456964237,41.90625,5.347358790257676,10.125,5.621670090211147,1473.765625,732.4595821166679,0.34375,0.578125,0.265625,0.296875,0.1875,0.25,2.34375,-10691.75949671625,28657.588692269066,-25542.511775872597,-12850.701785574798,9003.729998847499
3712,46,39.41304347826087,7.931865654032675,41.76086956521739,4.243608436270537,12.456521739130435,5.045158390814485,1614.9347826086957,638.0136328105959,0.3695652173913043,0.5,0.2391304347826087,0.43478260869565216,0.2391304347826087,0.08695652173913043,2.717391304347826,-10207.466026369953,30578.861778708717,-20186.284818970256,-5175.165067101363,9890.75754717648
3713,47,37.4468085106383,8.502706757360572,41.95744680851064,6.389384697900207,10.425531914893616,5.033559898758937,1473.0212765957447,670.2931704262502,0.46808510638297873,0.7446808510638298,0.5957446808510638,0.0425531914893617,0.2765957446808511,0.0851063829787234,1.7234042553191489,-23554.30313211751,34602.60055975785,-46013.042367898975,-19308.024004817707,-5806.061396215242
3714,63,38.63492063492063,7.915484186893082,44.82539682539682,10.842776222488295,9.158730158730158,5.634588885613771,1554.3174603174602,627.3266840818968,0.49206349206349204,0.7619047619047619,0.5238095238095238,0.19047619047619047,0.07936507936507936,0.20634920634920634,2.0317460317460316,768.9509592980003,94371.07708740115,-39375.658376789506,-13983.079066216596,9417.632203481277
3715,49,38.38775510204081,8.167048443110206,43.673469387755105,7.717371516860628,9.571428571428571,5.354126134736337,1538.9591836734694,648.7530975900254,0.42857142857142855,0.673469387755102,0.5714285714285714,0.08163265306122448,0.22448979591836735,0.12244897959183673,1.7755102040816326,-28131.416524910077,61764.1943290346,-65190.82082603953,-28863.392354031268,-15938.873269108008
3716,40,38.55,8.378697040862864,41.0,3.7893237337253676,12.175,6.020850523442766,1554.55,664.8749622181718,0.475,0.675,0.2,0.25,0.225,0.325,2.225,-11964.431527849118,27686.701795637535,-26391.98461012893,-10147.024240463856,5174.025456924013
3717,97,39.47422680412371,8.678388847573652,43.175257731958766,7.701474844251087,9.474226804123711,5.396937371295939,1632.7525773195875,677.0532203190011,0.4639175257731959,0.6494845360824743,0.5257731958762887,0.07216494845360824,0.12371134020618557,0.27835051546391754,2.020618556701031,-5619.153197192413,71392.67253838174,-39005.60313217755,-10944.702639998082,7331.518648357538
3718,42,35.19047619047619,8.474461189399523,42.61904761904762,6.343625111767935,8.452380952380953,4.779031338489264,1308.4761904761904,646.8483155436976,0.42857142857142855,0.4523809523809524,0.6666666666666666,0.07142857142857142,0.19047619047619047,0.07142857142857142,1.5238095238095237,-31715.36028543053,35033.192504522754,-59937.972512600805,-41086.887570658655,-4889.405155260392
3719,119,40.09243697478992,8.225623047483955,43.168067226890756,6.6782207715385065,9.546218487394958,5.389487411807193,1674.4957983193278,653.939585064553,0.3949579831932773,0.6470588235294118,0.46218487394957986,0.058823529411764705,0.3025210084033613,0.17647058823529413,1.6974789915966386,-6555.06038572207,65428.220201670425,-40882.567478277735,-16106.050013529486,15810.5681126571
3721,48,37.833333333333336,7.217983844547025,43.645833333333336,8.976303516631724,9.854166666666666,5.716678038985442,1482.375,561.2356286365504,0.4166666666666667,0.6458333333333334,0.2916666666666667,0.2708333333333333,0.125,0.3125,2.4375,-8102.771686513423,43463.39839887046,-34114.35503478043,-6268.7163285694405,10649.866932169862
3722,74,37.554054054054056,7.382210924514717,41.54054054054054,4.919040972321236,11.135135135135135,5.473033078410796,1464.0675675675675,564.0076345320518,0.21621621621621623,0.6351351351351351,0.28378378378378377,0.28378378378378377,0.16216216216216217,0.2702702702702703,2.2162162162162162,-14030.672918607572,35536.9586698625,-27562.53701725119,-15032.253316472008,4120.920179934015
3723,84,37.916666666666664,7.198072588963239,42.29761904761905,5.645725031405197,12.071428571428571,4.570164412127055,1488.8690476190477,559.5053921542531,0.40476190476190477,0.5952380952380952,0.23809523809523808,0.35714285714285715,0.11904761904761904,0.2857142857142857,2.2142857142857144,-17310.483133241458,34255.40170400737,-39875.65583795046,-17316.988456621373,3291.132392620326
3724,68,39.76470588235294,8.171880521366381,44.5735294117647,8.857606860638459,11.161764705882353,5.487054763136696,1647.0294117647059,664.3692771610301,0.4117647058823529,0.6470588235294118,0.5735294117647058,0.11764705882352941,0.17647058823529413,0.1323529411764706,1.6176470588235294,-10681.484890448868,61303.09542641053,-47659.23080521823,-18719.550124573434,7431.16882104228
3725,77,37.41558441558441,8.327744765400094,41.66233766233766,5.006864733885998,10.61038961038961,5.610506694811282,1468.3766233766235,658.0684862567405,0.4025974025974026,0.6103896103896104,0.5194805194805194,0.15584415584415584,0.16883116883116883,0.15584415584415584,1.7922077922077921,-11565.429139247346,49557.070159016745,-37639.19395499729,-14584.141535251169,4516.595651515818
3727,39,40.666666666666664,7.682287670977253,44.51282051282051,6.382013355277203,9.102564102564102,5.128839366987592,1711.2820512820513,626.7052504847514,0.358974358974359,0.717948717948718,0.717948717948718,0.05128205128205128,0.10256410256410256,0.1282051282051282,1.358974358974359,-5533.12564221317,58907.93451896695,-45781.32157424037,-13720.17098955909,14722.546262499236
3729,76,36.723684210526315,7.403780447330992,45.473684210526315,11.50475111619604,7.684210526315789,5.734597983737633,1402.7236842105262,580.4575574190694,0.3026315789473684,0.5263157894736842,0.8157894736842105,0.07894736842105263,0.02631578947368421,0.07894736842105263,1.355263157894737,-19018.90473579139,73278.43014929391,-58995.14844167142,-25306.09922781463,-2873.45637053877
3730,71,37.12676056338028,6.979417858378384,43.098591549295776,6.693610876003784,9.887323943661972,6.2508269070686,1426.4225352112676,541.6096554839851,0.4788732394366197,0.5492957746478874,0.6197183098591549,0.1267605633802817,0.11267605633802817,0.14084507042253522,1.6056338028169015,-19466.257506102207,43655.48700109244,-44791.31206461345,-25371.16814469028,-52.67953010382189
3732,76,36.68421052631579,7.958576968806738,44.98684210526316,8.159237580481207,10.5,5.483308003994183,1408.2368421052631,623.6092551894133,0.4605263157894737,0.42105263157894735,0.3157894736842105,0.25,0.21052631578947367,0.2236842105263158,2.0789473684210527,-2306.2491437624726,72273.36290475148,-25914.99478794497,-3876.1090298881463,10698.760559977061
3733,98,36.6530612244898,7.954901284731393,41.10204081632653,3.6083802686614543,10.153061224489797,5.666599629146007,1406.0816326530612,607.9364398659571,0.41836734693877553,0.5102040816326531,0.3673469387755102,0.336734693877551,0.11224489795918367,0.1836734693877551,2.2244897959183674,-16737.850360664655,35951.05144445987,-32843.60162709073,-11139.289465259062,8282.158840931435
3734,117,35.92307692307692,8.031354339082164,44.06837606837607,10.402856450999986,10.717948717948717,5.472259436665541,1354.4188034188035,626.0597806549533,0.2564102564102564,0.4358974358974359,0.18803418803418803,0.4700854700854701,0.09401709401709402,0.24786324786324787,2.5811965811965814,-7832.53814274152,52577.85756655173,-27123.405756904016,-8538.347333996819,6490.0986349802115
3735,52,35.34615384615385,7.388078938887958,43.90384615384615,7.317075423977874,11.115384615384615,5.529435833200722,1302.8846153846155,561.3327507045841,0.34615384615384615,0.5384615384615384,0.34615384615384615,0.15384615384615385,0.28846153846153844,0.21153846153846154,2.0576923076923075,-8956.112396035733,74963.23125934217,-40959.53036171956,-8785.182055840254,11210.22760585563
3736,68,37.88235294117647,8.686117611289603,41.838235294117645,5.5787718493227025,8.191176470588236,5.376170064777364,1509.4117647058824,682.681286082304,0.5441176470588235,0.6617647058823529,0.5588235294117647,0.14705882352941177,0.10294117647058823,0.19117647058823528,2.088235294117647,-19057.569665404186,29310.644443011286,-40812.359819822086,-18504.42688498269,846.017264567643
3737,82,38.1219512195122,7.733828598289114,42.15853658536585,5.5276398915133695,10.024390243902438,5.15913575343514,1512.3658536585365,607.9760698709136,0.5365853658536586,0.6219512195121951,0.32926829268292684,0.2073170731707317,0.2073170731707317,0.25609756097560976,2.292682926829268,-6168.353341211008,38663.783681828645,-29368.221561554958,-7150.892869201867,15163.934671815223
3738,58,37.293103448275865,8.246229591779432,42.55172413793103,8.373249832930478,12.620689655172415,4.278988182609138,1457.603448275862,654.752395671084,0.29310344827586204,0.5344827586206896,0.2413793103448276,0.39655172413793105,0.13793103448275862,0.22413793103448276,2.6206896551724137,-15455.473798987692,29120.933968349033,-31576.758967483867,-10234.599422022598,2341.502388406341
3739,34,37.588235294117645,7.290997550149933,40.8235294117647,3.554515593603345,11.735294117647058,5.270321843598915,1464.4705882352941,570.0770939514482,0.4117647058823529,0.8235294117647058,0.4117647058823529,0.14705882352941177,0.23529411764705882,0.20588235294117646,2.2058823529411766,-14443.844473559444,37654.34862858378,-31122.429540577403,-9255.647486125352,6844.214854607686
3740,46,37.06521739130435,7.16907610323067,41.78260869565217,4.278696808236312,13.043478260869565,5.30809244556159,1424.108695652174,560.8322477755069,0.34782608695652173,0.6521739130434783,0.30434782608695654,0.2826086956521739,0.13043478260869565,0.2826086956521739,1.9130434782608696,-15072.288296652468,27597.16144893766,-30073.466924824497,-14959.876568121137,825.616347391282
3741,62,38.32258064516129,7.201489357681478,41.935483870967744,4.405179394727937,14.048387096774194,4.546399834402712,1519.6451612903227,563.303636398241,0.41935483870967744,0.46774193548387094,0.08064516129032258,0.4838709677419355,0.03225806451612903,0.4032258064516129,2.3225806451612905,-4422.108105198752,35072.566467557794,-19243.405803262176,-4396.976419265862,9798.215973129176
3742,84,38.80952380952381,7.926585114520599,43.19047619047619,7.62759130840798,11.05952380952381,6.141604496758725,1568.2619047619048,632.4907755705773,0.23809523809523808,0.47619047619047616,0.11904761904761904,0.5595238095238095,0.09523809523809523,0.2261904761904762,2.8333333333333335,-8790.583724756536,28749.72701244551,-17632.991438653982,-5486.510159928264,10449.049315257842
3743,36,37.94444444444444,9.248766541527715,43.44444444444444,8.987115998375339,12.583333333333334,5.479181377854594,1522.9444444444443,731.3719766671186,0.2777777777777778,0.5555555555555556,0.25,0.5555555555555556,0.05555555555555555,0.1388888888888889,2.4166666666666665,-15150.45830057166,30190.344310272376,-31438.514674270562,-10557.818944112238,6475.604514542159
3744,94,35.340425531914896,7.328766698589325,42.52127659574468,7.1987584404508596,11.053191489361701,5.2165308401224175,1302.0851063829787,551.7974862187217,0.3191489361702128,0.4148936170212766,0.23404255319148937,0.35106382978723405,0.18085106382978725,0.23404255319148937,2.276595744680851,-10780.831473886105,32372.318949116976,-23352.55302067138,-9476.230582915858,7168.813757611591
3745,83,37.1566265060241,7.188204985931931,43.04819277108434,7.192312315951735,11.433734939759036,5.414958439775511,1431.6626506024097,557.8573835822906,0.2891566265060241,0.6024096385542169,0.03614457831325301,0.6506024096385542,0.08433734939759036,0.2289156626506024,2.783132530120482,-7760.5025281334665,25422.52236972666,-17378.07273827096,-6620.663174996473,8130.532205861717
3746,58,37.05172413793103,9.054266056246739,41.86206896551724,4.497360925410137,10.517241379310345,5.786376557052963,1453.396551724138,708.8860532406663,0.3620689655172414,0.4482758620689655,0.27586206896551724,0.39655172413793105,0.1724137931034483,0.15517241379310345,2.4310344827586206,-16342.250403792814,35469.9149990629,-36384.12762096167,-12747.381546610355,114.46110445302475
3747,50,38.96,8.181512259792981,43.04,6.8480892612912285,12.8,4.7423407636279515,1583.48,649.5624976608077,0.24,0.6,0.32,0.28,0.18,0.22,1.74,-8170.372370642887,78422.6405590168,-33851.88838091599,-18394.44426676305,1712.7565117469057
3748,37,36.78378378378378,6.988622241961633,43.891891891891895,5.748351376137644,8.891891891891891,5.8584401781806505,1400.5675675675675,516.9764953038936,0.4594594594594595,0.6756756756756757,0.7027027027027027,0.10810810810810811,0.08108108108108109,0.10810810810810811,1.3783783783783783,-193.89397154616293,91509.31521305564,-45450.45616751682,-23892.861365191842,15497.483151688532
3749,45,36.666666666666664,7.58287544405155,44.644444444444446,10.749536048245302,12.355555555555556,4.406377380134573,1400.6666666666667,585.4189253703867,0.4,0.5111111111111111,0.2222222222222222,0.3333333333333333,0.1111111111111111,0.3333333333333333,2.111111111111111,-16039.920585911912,30105.33672632181,-27244.332334089326,-8393.336524856335,2275.861251678085
3750,87,37.229885057471265,7.65035513604204,42.04597701149425,6.147239966746679,12.448275862068966,4.833888657273998,1443.9195402298851,601.6222298123943,0.27586206896551724,0.5977011494252874,0.034482758620689655,0.5747126436781609,0.11494252873563218,0.27586206896551724,2.67816091954023,9654.180346804098,81970.3434730488,-14399.65882593779,-4015.265752497129,12699.548071418278
3751,92,37.56521739130435,7.238942834338112,42.59782608695652,7.226416409484582,12.456521739130435,5.634300454795327,1462.9782608695652,572.809405393131,0.2717391304347826,0.5217391304347826,0.03260869565217391,0.6413043478260869,0.07608695652173914,0.25,2.641304347826087,-1840.2052913086666,20612.637684225156,-14877.081459743014,133.16225615148142,11864.038826410455
3752,56,36.660714285714285,7.520340383288477,41.357142857142854,3.6849994273026394,12.410714285714286,5.001006392223962,1399.5535714285713,592.1804982709812,0.39285714285714285,0.6071428571428571,0.125,0.5357142857142857,0.14285714285714285,0.19642857142857142,2.357142857142857,-4910.161577284093,30744.9070261683,-19823.07681013574,-1119.7415064921079,15737.752691116519
3755,53,38.54716981132076,8.657069227239953,41.660377358490564,4.531697747009032,11.773584905660377,4.866057911041948,1559.4150943396226,703.3925874470611,0.37735849056603776,0.5283018867924528,0.4339622641509434,0.07547169811320754,0.20754716981132076,0.2830188679245283,1.528301886792453,-1371.2635835600042,74143.08692649903,-34306.33918815246,-11394.47937134601,10221.65403528465
3757,38,39.3421052631579,7.676838861636938,40.26315789473684,1.1314714296070714,12.421052631578947,5.2020348354838495,1605.1842105263158,616.9939267852646,0.3684210526315789,0.7105263157894737,0.05263157894736842,0.5526315789473685,0.21052631578947367,0.18421052631578946,2.026315789473684,-10656.521077710544,23965.912506034765,-29097.623513500163,-8592.35142351556,6006.096116626191
3758,73,38.76712328767123,8.662692274513876,42.84931506849315,5.8799830708295415,9.04109589041096,5.568857742851919,1576.9041095890411,671.8963867786537,0.3150684931506849,0.5753424657534246,0.2602739726027397,0.1506849315068493,0.3013698630136986,0.2876712328767123,1.9452054794520548,-15445.6059672094,34476.39715158027,-34558.2084789068,-14378.185993019637,1677.8698184140376
3759,36,40.55555555555556,7.9586231560290965,43.111111111111114,7.641158393025339,11.166666666666666,5.151976042535247,1706.3333333333333,645.3465956921356,0.3055555555555556,0.6666666666666666,0.3333333333333333,0.2222222222222222,0.1388888888888889,0.3055555555555556,1.8055555555555556,-23093.97448737663,29972.36639396801,-45994.178634765485,-21320.85768281245,-5762.952777074672
3761,60,38.93333333333333,6.82683306647483,41.71666666666667,4.190755227704318,8.716666666666667,5.7991573516072625,1561.6333333333334,546.0191517925848,0.36666666666666664,0.85,0.7666666666666667,0.03333333333333333,0.1,0.1,1.6166666666666667,-16712.48633704029,43201.757514147095,-39564.24682365189,-15819.89001684275,8366.114062276574
3762,35,38.857142857142854,7.357040873895433,43.31428571428572,8.234687852834096,11.942857142857143,4.550002308615167,1562.4571428571428,579.8823076765685,0.6,0.7142857142857143,0.4,0.14285714285714285,0.2571428571428571,0.2,1.9714285714285715,-5767.501183949863,48126.876143724825,-29632.869956385213,-7087.606019598345,18736.332703737862
3763,33,40.90909090909091,7.015000161990538,43.121212121212125,7.432015102571341,12.909090909090908,4.732623719748621,1721.2727272727273,586.325755911724,0.3939393939393939,0.7878787878787878,0.3939393939393939,0.30303030303030304,0.24242424242424243,0.06060606060606061,1.5151515151515151,-29979.3007336919,28508.36273908587,-47628.237041004875,-26200.23576293903,-4571.696334897802
3764,45,40.08888888888889,7.437076106246393,42.86666666666667,5.391913136608125,11.488888888888889,4.817686271448257,1661.2,590.9266451938006,0.5777777777777777,0.8444444444444444,0.7777777777777778,0.044444444444444446,0.13333333333333333,0.044444444444444446,1.4666666666666666,-16101.625620617697,78710.01173193856,-62706.66095434077,-19139.285650740145,223.99548739462625
3766,34,34.705882352941174,5.567924436555717,44.38235294117647,8.304853294025976,11.941176470588236,5.6404447303198735,1234.5882352941176,401.53630106071193,0.3235294117647059,0.5294117647058824,0.23529411764705882,0.4117647058823529,0.23529411764705882,0.11764705882352941,2.1176470588235294,16335.095116379081,112948.20197684917,-26106.86387543365,-1503.067350289115,11721.218213957494
3767,69,38.768115942028984,7.49930374716494,41.78260869565217,4.530516024424848,10.347826086956522,5.215435481666619,1558.391304347826,592.9778593573116,0.36231884057971014,0.5942028985507246,0.30434782608695654,0.37681159420289856,0.15942028985507245,0.15942028985507245,2.2753623188405796,-7602.472463487946,67288.87097208563,-28831.45585024258,-7040.7859654850035,9841.650837724184
3900,32,36.21875,5.762696361499425,45.1875,8.208718810882063,13.59375,4.521342756591303,1343.96875,460.9867036340846,0.3125,0.5625,0.03125,0.78125,0.125,0.0625,2.75,-5668.431256005719,16714.322565045983,-19118.899393673462,14.213106691575376,5017.205304783514
4702,38,34.526315789473685,7.318014950551871,42.973684210526315,5.252988040824123,12.026315789473685,4.97825999182751,1244.2105263157894,543.53602818972,0.34210526315789475,0.5789473684210527,0.15789473684210525,0.631578947368421,0.05263157894736842,0.15789473684210525,2.5789473684210527,-8683.913968484665,30005.390382395723,-16085.923309252794,-1322.4244130892475,8774.665751839108
5301,55,38.8,7.001058121085328,44.6,9.721301543708213,11.418181818181818,5.321831030940904,1553.5636363636363,536.366919866683,0.41818181818181815,0.8,0.34545454545454546,0.4,0.09090909090909091,0.16363636363636364,2.0545454545454547,-15291.660653603984,28273.540598382402,-32146.061756112744,-11394.47937134601,6273.561840808237
5302,112,36.25892857142857,6.997741637906334,46.6875,9.30177862484297,11.991071428571429,5.338109689573179,1363.2410714285713,527.8999913056102,0.4732142857142857,0.4732142857142857,0.0625,0.6607142857142857,0.07142857142857142,0.20535714285714285,3.080357142857143,-2725.3332551776352,23203.173341933325,-18804.15579207988,-3938.502430916531,11483.134677548565
5303,45,36.68888888888889,7.449289844805288,46.24444444444445,8.615935435827234,11.933333333333334,5.894527508244791,1400.3333333333333,581.7864728575253,0.28888888888888886,0.6666666666666666,0.022222222222222223,0.6,0.13333333333333333,0.24444444444444444,3.2,-3794.7544775931424,17794.824863399645,-15894.295502865338,-2057.7826708920184,9386.461633870174
5500,38,38.44736842105263,8.189305380638471,44.26315789473684,12.057708559428908,11.842105263157896,4.857573166685324,1543.5,633.4535009279195,0.34210526315789475,0.7105263157894737,0.2894736842105263,0.2631578947368421,0.2894736842105263,0.15789473684210525,2.1315789473684212,-3259.960331600456,34036.22642215512,-25888.117157464585,-778.2224877744302,14321.620489482622
5903,46,38.02173913043478,8.83802172543854,43.95652173913044,8.988774534543083,7.173913043478261,5.313732096396142,1522.0652173913043,700.7527825980005,0.2826086956521739,0.8043478260869565,0.8260869565217391,,0.08695652173913043,0.08695652173913043,1.5217391304347827,-15241.702457047519,85674.84510204029,-53811.6414219045,-23585.534827015945,1006.3950942961237
5904,112,39.5625,7.750363257978986,43.830357142857146,8.840822994645421,7.491071428571429,5.470635017102447,1624.7232142857142,613.1025987331639,0.35714285714285715,0.7767857142857143,0.8392857142857143,0.03571428571428571,0.08928571428571429,0.03571428571428571,1.5357142857142858,-11511.592778698792,49100.399707149816,-43080.57873652308,-16756.790853205923,18673.023352200995
5905,82,40.09756097560975,8.02251423921817,41.9390243902439,5.299307108156524,10.134146341463415,5.460887177780112,1671.3902439024391,637.3755943701525,0.43902439024390244,0.7804878048780488,0.5609756097560976,0.14634146341463414,0.14634146341463414,0.14634146341463414,1.7560975609756098,-15103.705083246974,40870.69681365646,-46271.547946774976,-10253.868481666665,12848.069473560492
5906,39,39.87179487179487,7.134716780346819,42.61538461538461,5.765666915436331,10.974358974358974,5.007821143430383,1639.3589743589744,574.8837634083079,0.4358974358974359,0.7692307692307693,0.5641025641025641,0.07692307692307693,0.20512820512820512,0.15384615384615385,1.7179487179487178,-14375.794167508408,45243.20734358334,-38628.673670574324,-19612.92477999837,5678.774504246772
5907,54,38.851851851851855,8.263142550375534,42.74074074074074,9.222992567154142,10.518518518518519,5.389510219427269,1576.4814814814815,664.0042833670873,0.46296296296296297,0.7222222222222222,0.5370370370370371,0.07407407407407407,0.25925925925925924,0.12962962962962962,1.8888888888888888,-20534.100032192273,40472.80220572078,-48042.339502279094,-16539.666721797985,3663.777664997142
5908,48,40.791666666666664,8.079283550850006,42.3125,4.016753478947681,12.333333333333334,4.343414351285214,1727.875,646.3231727371542,0.4583333333333333,0.6458333333333334,0.7083333333333334,0.0625,0.1875,0.041666666666666664,1.7916666666666667,-25938.64163845997,37505.97807892367,-52922.359440164655,-31797.214116105315,1155.7545998114365
5909,60,37.96666666666667,7.843742332924427,42.36666666666667,6.886406818512575,11.6,5.253570214625479,1501.9666666666667,607.0123268696867,0.35,0.6333333333333333,0.3333333333333333,0.3333333333333333,0.16666666666666666,0.16666666666666666,1.9833333333333334,-21270.97587591154,33507.76785485684,-45001.26727096329,-14035.172676978153,-2206.899501286054
5910,66,37.22727272727273,7.381464216943275,43.5,6.549809157525126,12.43939393939394,5.242221454773327,1439.530303030303,569.5425214002759,0.3484848484848485,0.6818181818181818,0.3787878787878788,0.21212121212121213,0.19696969696969696,0.21212121212121213,1.9545454545454546,-8983.428372384416,38451.70558497301,-32785.71563494021,-8807.013673314359,11022.404603580588
5912,73,38.19178082191781,7.995932184983144,43.06849315068493,5.4475498241648035,9.726027397260275,5.4038573516532376,1521.6712328767123,627.5689659930815,0.4657534246575342,0.6986301369863014,0.3835616438356164,0.2054794520547945,0.1643835616438356,0.2465753424657534,2.0684931506849313,-16867.496429251336,31173.503103779054,-32468.712347638735,-11357.57912384483,6246.305812023464
5913,76,39.526315789473685,8.634000516115384,41.80263157894737,4.000065788932661,11.18421052631579,5.087790683104771,1635.8947368421052,687.1592067625933,0.3815789473684211,0.7105263157894737,0.2631578947368421,0.2894736842105263,0.19736842105263158,0.25,2.3289473684210527,-4700.65498157357,32883.35965687799,-18368.452440838606,-4066.83648758466,15834.882507223236
5916,85,37.8235294117647,8.464458566472484,42.31764705882353,7.17835994783044,12.294117647058824,4.732923010581265,1501.4235294117648,663.9607055296233,0.3764705882352941,0.5176470588235295,0.27058823529411763,0.3411764705882353,0.16470588235294117,0.2235294117647059,2.3176470588235296,-9033.81693172951,37531.80956650694,-26887.04114909767,-7218.801243477501,10520.994127340527
5917,79,36.848101265822784,7.875780152801042,41.75949367088607,6.104254905020944,11.835443037974683,4.569773544708628,1419.0253164556962,616.9186035883698,0.4430379746835443,0.5822784810126582,0.1518987341772152,0.4050632911392405,0.17721518987341772,0.26582278481012656,2.481012658227848,-187.79033761502086,27560.035083635372,-13115.494660522047,1246.3058120234637,15217.536829004282
5918,38,38.71052631578947,8.516781192308931,43.31578947368421,6.838307294731897,10.289473684210526,6.665392244238821,1569.1315789473683,670.044176480385,0.39473684210526316,0.6842105263157895,0.34210526315789475,0.2631578947368421,0.23684210526315788,0.15789473684210525,1.868421052631579,-13696.291934739924,37579.53055191679,-30956.116908460368,-13065.207449837253,2941.6733094162773
6501,44,40.70454545454545,7.488221900454338,40.86363636363637,3.98013035366121,14.113636363636363,3.699251395613613,1711.659090909091,595.8856587362432,0.38636363636363635,0.6363636363636364,0.06818181818181818,0.5454545454545454,0.20454545454545456,0.18181818181818182,2.977272727272727,-5711.630247082515,25368.16832709129,-18814.296513565503,-8204.687091116677,3289.247626929835
6502,35,38.31428571428572,8.696758789651359,43.457142857142856,7.957027442097061,10.8,4.945586267512858,1541.4571428571428,689.2113285939117,0.42857142857142855,0.5714285714285714,0.45714285714285713,0.22857142857142856,0.2,0.11428571428571428,1.7142857142857142,-26934.045986792047,36934.109679923975,-46381.63123646809,-22486.24194290166,-2951.47690469792
6508,41,37.0,5.987486951969082,41.73170731707317,3.8795901216745987,11.951219512195122,5.408101420610541,1403.9756097560976,469.85814283700984,0.3170731707317073,0.7804878048780488,0.24390243902439024,0.2682926829268293,0.3170731707317073,0.17073170731707318,2.073170731707317,-14256.089941643764,29611.193100269888,-25140.583166985074,-14646.386756916909,4353.72022098364
6509,33,37.75757575757576,6.750140290349078,40.878787878787875,3.038889350543794,11.151515151515152,5.069031047209689,1469.8181818181818,518.8352011083008,0.42424242424242425,0.7272727272727273,0.12121212121212122,0.3333333333333333,0.21212121212121213,0.3333333333333333,2.515151515151515,-9626.295628005162,31091.17028096855,-20221.49048141035,-2736.526971722429,10903.869004448905
6510,38,36.63157894736842,7.687902229008122,44.473684210526315,8.760281502651036,9.710526315789474,5.255153942440528,1399.421052631579,607.0547698510094,0.3684210526315789,0.5526315789473685,0.47368421052631576,0.3157894736842105,0.15789473684210525,0.05263157894736842,2.1315789473684212,-21995.971714935953,39492.12207597237,-46287.901578234756,-13482.222135785138,6736.030859892839
6511,32,40.375,6.474515799556727,44.875,10.95665948621085,12.8125,5.561605129178377,1670.75,528.4815130895491,0.3125,0.59375,0.25,0.21875,0.28125,0.25,2.09375,-5371.437019223255,102243.22322898089,-40646.48828870545,-22165.617890217225,2406.3074224568845
6513,37,39.351351351351354,8.104238315762851,41.16216216216216,3.0687810963666697,12.216216216216216,5.432081323719989,1612.4324324324325,637.0855751231777,0.24324324324324326,0.7027027027027027,0.2702702702702703,0.21621621621621623,0.2972972972972973,0.21621621621621623,1.837837837837838,1521.2855460311528,43112.27096019482,-22944.702639998082,-9737.350035841431,11797.483151688532
6514,37,41.054054054054056,6.753377533361222,44.86486486486486,10.406093733326967,13.621621621621621,4.386540976867963,1729.8108108108108,552.7393819191142,0.32432432432432434,0.7837837837837838,0.32432432432432434,0.32432432432432434,0.21621621621621623,0.13513513513513514,1.945945945945946,8173.37513530998,83156.63868766563,-23313.12647836277,-6427.393058933638,16766.596704830386
6704,53,36.24528301886792,7.208183544729822,40.528301886792455,1.9572721754140938,11.415094339622641,5.418749367009637,1364.698113207547,551.3338924444153,0.3584905660377358,0.7169811320754716,0.2830188679245283,0.16981132075471697,0.2641509433962264,0.2830188679245283,1.6981132075471699,-19162.59983906505,32930.8157162479,-36093.90972439275,-12459.763074831513,1605.5206286539906
6705,37,37.486486486486484,6.801232002862184,42.7027027027027,5.724532318912199,9.405405405405405,4.861752424449094,1450.2432432432433,536.0317364881696,0.3783783783783784,0.8108108108108109,0.5135135135135135,0.16216216216216217,0.1891891891891892,0.13513513513513514,1.4054054054054055,-22884.02865608861,33670.74096001897,-52468.712347638735,-24768.29611160443,-87.5960128235456
6706,38,35.078947368421055,7.645459981026607,43.8421052631579,9.691250765201858,10.578947368421053,5.170768038237952,1287.4473684210527,580.1056612688166,0.21052631578947367,0.7631578947368421,0.23684210526315788,0.15789473684210525,0.23684210526315788,0.3684210526315789,1.6842105263157894,-7758.78980508281,52662.701315265105,-31995.730556323026,-16132.551125733808,8405.903365842445
6708,40,38.1,7.73536666460598,42.9,7.801380548437466,10.525,5.692944351090689,1509.95,604.963357652812,0.4,0.65,0.15,0.35,0.2,0.3,2.35,-7776.502350158618,46090.099982829386,-21813.68785925585,-7313.652820827119,6642.964511435144
6709,41,40.34146341463415,7.970601470709601,42.26829268292683,6.156396633761921,10.926829268292684,5.316908142437854,1689.4146341463415,649.405958380802,0.4634146341463415,0.7317073170731707,0.24390243902439024,0.21951219512195122,0.36585365853658536,0.17073170731707318,1.853658536585366,-21585.594382829997,31137.833701115338,-42857.61979123455,-16489.824397046643,1006.2072022132052
6710,48,39.0,7.90636694682661,42.395833333333336,5.553375754395119,11.104166666666666,5.028597297471915,1582.2083333333333,625.2283313414842,0.375,0.7708333333333334,0.375,0.125,0.3125,0.1875,1.5,-10695.423817923273,36181.45482456575,-25365.731824092472,-8560.89897999767,9218.148661515086
6712,34,35.294117647058826,6.1817395402358635,40.588235294117645,2.046692039999024,7.470588235294118,5.506113924773503,1282.764705882353,442.86881967897705,0.29411764705882354,0.7352941176470589,0.9411764705882353,0.029411764705882353,0.029411764705882353,,1.1470588235294117,-21263.796786278865,51234.61608859278,-53083.60610263437,-12056.018435200647,7613.071644796859
7108,40,38.45,7.182421561505527,41.925,4.6154006409978185,13.125,4.894725051862804,1528.7,556.9756335875533,0.175,0.55,0.05,0.5,0.15,0.3,2.3,-10885.425808720038,28229.78876178177,-32312.63201619724,-11899.621409050305,3062.5321211723785
7110,39,38.666666666666664,7.533550687750915,43.56410256410256,9.411065356647914,11.666666666666666,4.825007953815824,1550.4102564102564,591.6716602781041,0.20512820512820512,0.6410256410256411,0.28205128205128205,0.23076923076923078,0.1282051282051282,0.358974358974359,2.1025641025641026,-22141.464839847067,37183.511542867134,-41272.034401329176,-20399.194757375575,4570.20217046763
7111,35,41.542857142857144,8.812901161975907,43.94285714285714,8.474678050948418,10.82857142857143,5.431312885837598,1801.2571428571428,728.6604285729171,0.37142857142857144,0.9142857142857143,0.6,,0.2857142857142857,0.11428571428571428,1.6857142857142857,7195.620921444344,112524.01421212635,-45468.94330478701,-20902.50381765183,27414.423018184665
7113,66,36.803030303030305,7.256232752118261,43.22727272727273,9.31466247713448,11.924242424242424,4.928131510672192,1406.3181818181818,554.4214769702506,0.42424242424242425,0.6818181818181818,0.3181818181818182,0.25757575757575757,0.19696969696969696,0.22727272727272727,1.878787878787879,-19303.77474345123,26894.85295648482,-37206.34465942388,-16346.925920740512,257.85150026851625
7114,51,38.27450980392157,7.88436029458966,43.98039215686274,11.295114335106893,10.549019607843137,5.147091316424048,1525.8823529411766,627.0728074811991,0.45098039215686275,0.8627450980392157,0.6470588235294118,0.058823529411764705,0.19607843137254902,0.09803921568627451,1.8431372549019607,-26462.910717842737,35789.74761342941,-48229.52783242379,-23257.03304086029,-9327.74040647321
7115,31,39.41935483870968,7.256143114852808,42.193548387096776,5.049220103730276,13.193548387096774,5.029376070241116,1604.8387096774193,582.2143990418074,0.4838709677419355,0.8387096774193549,0.41935483870967744,0.12903225806451613,0.22580645161290322,0.22580645161290322,2.161290322580645,-16439.39036381669,35911.594812019706,-45807.296432284886,-20361.40436300676,8766.426636871518
7305,32,38.21875,8.256900828417558,46.0625,13.190753115039925,10.65625,5.33768933334967,1526.71875,654.8158684489714,0.40625,0.75,0.3125,0.25,0.15625,0.28125,1.9375,23.397326849334604,94818.1360427977,-49900.72947167926,-12350.29760453591,11597.487508281942
7306,40,38.35,7.747787111698742,43.75,9.250779592927456,12.7,4.456053215168133,1529.25,603.6381047767458,0.35,0.625,0.15,0.425,0.225,0.2,2.4,-6731.647977994224,27372.584551633954,-17148.337170520717,-5919.296845198609,6814.825226541994
7308,43,39.16279069767442,7.643641093708888,42.16279069767442,4.971012316938021,9.44186046511628,5.586132172329359,1590.7906976744187,619.3411460168795,0.3488372093023256,0.813953488372093,0.7906976744186046,0.046511627906976744,0.09302325581395349,0.06976744186046512,1.441860465116279,2612.9322047830597,59424.37008597869,-22138.150879284774,-2137.0243494573806,18397.001025315185
7311,57,38.280701754385966,6.800090298678058,43.10526315789474,7.938793112950202,7.298245614035087,5.284630384023026,1510.842105263158,534.0345357168821,0.3684210526315789,0.7543859649122807,0.7719298245614035,0.08771929824561403,0.08771929824561403,0.05263157894736842,1.7894736842105263,-126.84878578000057,64074.49482973919,-29887.04114909767,-6611.976026372926,16500.035855454335
7312,81,36.592592592592595,7.313989639344893,43.925925925925924,8.339331174887135,8.012345679012345,5.1392942783043996,1391.851851851852,557.7235675294507,0.43209876543209874,0.691358024691358,0.8024691358024691,0.06172839506172839,0.07407407407407407,0.06172839506172839,1.3580246913580247,-22199.439365406528,62721.35911168549,-54034.82263285079,-27194.723310646834,-3911.2104315657634
7313,38,35.6578947368421,7.9126184403909425,44.28947368421053,10.767588740431744,10.263157894736842,4.700110467513278,1332.4473684210527,597.9626987086583,0.3157894736842105,0.5263157894736842,0.39473684210526316,0.07894736842105263,0.23684210526315788,0.2894736842105263,1.631578947368421,25040.19674520159,112384.68655720848,-31487.16743511318,-4872.204921788463,32836.37844318989
7315,32,34.75,7.51772099989472,42.9375,6.010407640085654,8.03125,5.257770746790549,1262.3125,565.3757778339025,0.46875,0.625,0.53125,0.125,0.15625,0.1875,1.90625,-21834.611490428757,40868.225689040664,-44619.01606104111,-21648.0581043305,-2756.7478775448035
7316,34,33.73529411764706,7.524943666473572,45.970588235294116,12.300493446908263,10.323529411764707,5.255419068924744,1193.0294117647059,577.7330559672167,0.3235294117647059,0.47058823529411764,0.5,0.029411764705882353,0.29411764705882354,0.17647058823529413,1.5588235294117647,-21853.66516904334,37385.86298185232,-46021.74227762688,-23630.027816598405,-36.438255245637265
7317,61,39.49180327868852,8.04492169180797,43.57377049180328,6.8786118182703175,11.21311475409836,5.586038411666359,1623.2622950819673,639.1297964586784,0.26229508196721313,0.6557377049180327,0.19672131147540983,0.4098360655737705,0.19672131147540983,0.19672131147540983,2.360655737704918,-16719.608888751118,31430.692829409236,-25421.765812235448,-6793.906742907333,782.0819141578395
7318,54,37.629629629629626,7.13560378452108,44.24074074074074,11.291899225559696,12.814814814814815,4.535287530457945,1465.962962962963,553.0434137301525,0.4444444444444444,0.5370370370370371,0.25925925925925924,0.12962962962962962,0.4074074074074074,0.2037037037037037,1.7962962962962963,-20630.443770039034,42664.70617107444,-34968.119547023074,-15173.633708797774,12266.316115206952
7321,50,36.24,8.452894685930293,41.14,3.8439456769505655,11.26,4.788634503505489,1383.36,645.2813264027417,0.46,0.62,0.2,0.24,0.34,0.22,1.94,-9232.4601499267,38802.95502429146,-29375.573621878488,-6633.05108928612,10759.540565571566
7322,53,38.77358490566038,8.125556807983548,43.35849056603774,6.1177369484231345,10.452830188679245,5.826220696577239,1568.1698113207547,647.7818880269291,0.33962264150943394,0.6415094339622641,0.1509433962264151,0.22641509433962265,0.3584905660377358,0.2641509433962264,1.8113207547169812,-9631.979710635405,31734.22707913085,-24397.727008670015,-7837.51990926484,13072.7035642493
7501,39,35.76923076923077,7.852125218394327,42.64102564102564,5.070488295219389,7.589743589743589,5.056095584945222,1339.5128205128206,609.6046981357705,0.4358974358974359,0.6153846153846154,0.6923076923076923,0.07692307692307693,0.10256410256410256,0.1282051282051282,1.4871794871794872,15304.120758264064,90659.41874350845,-21791.355384732786,-1677.0919685506378,28524.79942480236
7502,44,37.56818181818182,8.4148200585239,46.5,11.33732259931463,8.590909090909092,6.1731533603295485,1480.5681818181818,648.634106831775,0.4772727272727273,0.4090909090909091,0.6590909090909091,0.09090909090909091,0.18181818181818182,0.06818181818181818,1.7272727272727273,14956.670940934426,83149.5889270461,-19931.955942914487,2562.643615065055,35041.41335878559
7503,56,34.785714285714285,7.3675314373621426,45.05357142857143,9.199643556053765,7.767857142857143,5.294906888797853,1263.357142857143,549.1529486754679,0.375,0.42857142857142855,0.6428571428571429,0.10714285714285714,0.16071428571428573,0.08928571428571429,1.5357142857142858,3487.465237273328,54961.869252628705,-23513.809633723788,5327.789947365702,32201.786370271337
7504,42,36.023809523809526,8.535401444366425,44.88095238095238,6.578614210037429,8.761904761904763,5.239668225437533,1368.8333333333333,660.7712757541664,0.42857142857142855,0.5,0.8333333333333334,0.047619047619047616,0.07142857142857142,0.047619047619047616,1.1904761904761905,70961.39379083696,138192.06643078357,-8645.735035947262,19874.618634693776,83778.81002454633
7506,36,40.25,8.319941620674305,42.361111111111114,5.409794175000839,10.13888888888889,5.899892385351632,1687.361111111111,654.260112221771,0.4444444444444444,0.6388888888888888,0.5555555555555556,0.1111111111111111,0.19444444444444445,0.1388888888888889,1.8888888888888888,-19040.28746513656,45529.310989402016,-59806.365774888574,-24996.30070027357,15331.871021221974
7507,43,36.651162790697676,7.714808644759063,43.48837209302326,10.381696560644503,12.232558139534884,5.046626451225212,1401.4418604651162,591.8420116698447,0.4883720930232558,0.5116279069767442,0.32558139534883723,0.11627906976744186,0.20930232558139536,0.3488372093023256,2.0232558139534884,-3419.516712477518,40250.670232870114,-27169.629261654147,-281.45683021767763,13207.509618678785
7701,51,38.94117647058823,7.915584033300088,43.86274509803921,7.488710457330121,11.392156862745098,5.521153616310813,1577.8431372549019,629.5102341518847,0.37254901960784315,0.7058823529411765,0.23529411764705882,0.3333333333333333,0.19607843137254902,0.23529411764705882,2.1372549019607843,-12783.619002968728,31556.46843437571,-31687.57115299163,-7485.797123880679,4202.4293731854705
7702,63,36.98412698412698,7.553021321324939,41.6031746031746,4.681947769960161,11.682539682539682,5.570154908442409,1423.968253968254,594.6349644205412,0.23809523809523808,0.5555555555555556,0.07936507936507936,0.6031746031746031,0.1111111111111111,0.20634920634920634,2.8412698412698414,-6185.720837563237,23408.025966710575,-18289.24581143925,-6739.5009272046445,8094.698036833128
7703,63,40.857142857142854,7.977502929826582,43.44444444444444,7.330400195425187,10.047619047619047,5.859727427957201,1731.936507936508,644.71934061404,0.30158730158730157,0.746031746031746,0.5079365079365079,0.12698412698412698,0.1746031746031746,0.19047619047619047,1.746031746031746,-1616.799999934721,76624.33598061887,-36826.05672959873,-10565.061285271368,15006.890254900558
7704,46,35.56521739130435,7.822054785208419,42.108695652173914,5.309229954081289,10.478260869565217,6.417819395799593,1324.7391304347825,586.6999397679119,0.2608695652173913,0.717391304347826,0.10869565217391304,0.5869565217391305,0.06521739130434782,0.2391304347826087,2.4130434782608696,-9247.039421690226,26571.016061317943,-21435.926537550295,-6385.674308461166,10840.402251868298
8101,59,38.355932203389834,9.44450709154379,41.59322033898305,6.256358542253981,11.05084745762712,5.599949903758559,1558.864406779661,745.2596506015392,0.288135593220339,0.6271186440677966,0.3898305084745763,0.13559322033898305,0.3389830508474576,0.13559322033898305,1.7627118644067796,-6600.7449125914045,76785.14955802834,-42199.46679394884,-15030.414335477748,13071.319358650944
8102,71,38.394366197183096,7.329936412196291,43.014084507042256,6.982617106064129,11.19718309859155,5.50744876977628,1527.0985915492959,571.6969515631156,0.4647887323943662,0.704225352112676,0.7183098591549296,0.056338028169014086,0.11267605633802817,0.11267605633802817,1.352112676056338,7393.485073481578,69975.59847987173,-30749.006748798813,6172.4592507377965,33073.436151065136
8103,62,36.79032258064516,8.164571800230624,43.83870967741935,6.67560655655631,7.741935483870968,5.282000005806816,1419.1129032258063,647.0209692002846,0.46774193548387094,0.5645161290322581,0.8225806451612904,0.04838709677419355,0.0967741935483871,0.03225806451612903,1.467741935483871,22392.097671394346,101122.72997129362,-24651.21565397033,3780.6818304761255,37194.55168369517
8104,101,35.51485148514851,7.159069578354632,43.475247524752476,6.728438242870243,8.495049504950495,5.514750696769959,1312.049504950495,540.9958664581019,0.43564356435643564,0.7425742574257426,0.8514851485148515,0.009900990099009901,0.07920792079207921,0.0594059405940594,1.2475247524752475,35554.5413391068,93316.89749041818,-26155.7029056999,22101.407951433386,63387.07522000163
8105,81,35.67901234567901,6.367548901449103,43.50617283950617,6.381856032515391,9.061728395061728,5.4068144017812045,1313.037037037037,474.97964283862854,0.35802469135802467,0.6296296296296297,0.7407407407407407,0.08641975308641975,0.07407407407407407,0.09876543209876543,1.4444444444444444,51096.64639669326,130897.05149323736,-9314.146269178134,14098.127873878984,55136.224478919816
8106,58,36.706896551724135,7.264449896922697,43.241379310344826,5.436427957889152,10.448275862068966,5.613806332302542,1399.2586206896551,544.5348428703333,0.39655172413793105,0.7586206896551724,0.603448275862069,0.15517241379310345,0.1206896551724138,0.1206896551724138,1.5172413793103448,30645.872086720352,100454.07079422301,-16538.51876099094,10062.940153745993,52900.248545456576
8301,68,34.69117647058823,7.054705961781773,45.98529411764706,6.092551476540288,12.323529411764707,4.282700976701321,1252.514705882353,526.965588178007,0.4264705882352941,0.45588235294117646,0.04411764705882353,0.6911764705882353,0.14705882352941177,0.11764705882352941,3.2205882352941178,1356.0185463410933,25963.050876283098,-12351.508508696112,4312.535431329306,19229.555410329107
8303,56,38.089285714285715,6.72384301832404,42.964285714285715,5.932849340637372,10.821428571428571,5.397329787141864,1495.1964285714287,530.8260944343897,0.2857142857142857,0.6607142857142857,0.5535714285714286,0.14285714285714285,0.125,0.17857142857142858,1.5892857142857142,-5329.129918620057,59846.66535305747,-30631.7407011162,-12755.120532478526,18504.555067286674
8501,171,36.099415204678365,7.360990159386915,44.485380116959064,7.8735272947100094,7.2105263157894735,6.123446286793458,1357.0350877192982,554.9845455690036,0.34502923976608185,0.7076023391812866,0.9239766081871345,0.017543859649122806,0.03508771929824561,0.023391812865497075,1.3157894736842106,60580.21794107918,152968.6735643715,-31429.10987700567,20315.856911619136,72510.60886794241
8502,249,34.91967871485944,6.838692566959849,42.670682730923694,6.677174643930423,7.779116465863454,5.630007235722192,1265.9638554216867,511.0821878333852,0.3253012048192771,0.7228915662650602,0.9116465863453815,0.024096385542168676,0.040160642570281124,0.024096385542168676,1.3132530120481927,50443.06706772951,121357.118586164,-11058.308616178314,19402.692989713745,66408.5583899495
8503,182,33.47802197802198,6.145299640214672,41.76923076923077,4.737477061451306,6.587912087912088,4.9226578448458245,1158.3351648351647,452.88982814384394,0.37362637362637363,0.7472527472527473,0.9065934065934066,0.01098901098901099,0.038461538461538464,0.04395604395604396,1.3131868131868132,12090.738274891068,66675.56972370083,-27186.40654384483,9581.485441440484,40226.88397683463
8504,171,35.66081871345029,7.025301955151787,42.30994152046784,4.950682127340817,8.690058479532164,5.449540239331153,1320.7602339181287,534.0637501580557,0.38596491228070173,0.7660818713450293,0.8128654970760234,0.04093567251461988,0.07602339181286549,0.07017543859649122,1.4385964912280702,14129.45822011628,59738.92670232037,-17867.21378474975,10561.06845722004,41846.098279912694
8505,69,38.55072463768116,8.168332380537835,41.869565217391305,7.528207824142361,11.623188405797102,4.869175100071645,1551.9130434782608,660.1980259769309,0.4492753623188406,0.7101449275362319,0.5942028985507246,0.14492753623188406,0.10144927536231885,0.15942028985507245,1.7391304347826086,21595.294199101125,59217.15122156904,-9191.097194663365,9216.328786921309,44739.03682298231
8506,35,36.68571428571428,8.92376677448364,44.02857142857143,6.767073023909552,11.142857142857142,5.936640251774701,1423.2,696.7209248033416,0.34285714285714286,0.6285714285714286,0.37142857142857144,0.17142857142857143,0.2,0.2571428571428571,1.9142857142857144,2788.366082217052,33556.72530457639,-15780.173664380389,5071.206277378718,18059.15489937304
8507,103,40.15533980582524,5.754379886103805,43.349514563106794,6.238257577655639,10.048543689320388,5.352988245128537,1645.2427184466019,465.8477927396252,0.3883495145631068,0.9223300970873787,0.9902912621359223,,,0.009708737864077669,1.174757281553398,68719.03654816432,146454.31840928897,-20598.33908560293,27599.09921188804,96943.32143445688
8508,106,38.16981132075472,6.252575390323586,42.70754716981132,5.953737491425151,9.29245283018868,5.377142064653686,1495.6603773584907,480.59145875121226,0.37735849056603776,0.8301886792452831,0.8207547169811321,0.03773584905660377,0.09433962264150944,0.04716981132075472,1.3962264150943395,40357.86263725686,106307.6035278117,-15982.293644110192,12074.923929196782,55878.83824334892
8509,77,33.72727272727273,7.066668171285688,42.72727272727273,5.8795729428616355,7.805194805194805,5.431484630420948,1186.8181818181818,531.3017956737248,0.2987012987012987,0.5454545454545454,0.7402597402597403,0.07792207792207792,0.06493506493506493,0.11688311688311688,1.5584415584415585,-869.0647841859209,48964.184778866336,-31632.543744064955,-6224.079969638755,26582.283461594314
8510,77,35.81818181818182,7.4810766054782185,42.922077922077925,6.398532384700321,9.012987012987013,5.637033342789793,1338.1818181818182,580.8653419292164,0.4675324675324675,0.6883116883116883,0.5844155844155844,0.16883116883116883,0.1038961038961039,0.14285714285714285,1.896103896103896,9180.740586435168,49572.36456872374,-20599.73281036652,-3058.308616178314,23740.92388655219
8511,62,37.75806451612903,6.9534411433098615,43.17741935483871,6.179087400251522,10.112903225806452,5.711951343841757,1473.241935483871,548.0439938510342,0.3709677419354839,0.8548387096774194,0.8064516129032258,0.08064516129032258,0.08064516129032258,0.03225806451612903,1.3548387096774193,28405.174936034087,99769.85299687496,-23444.13261003221,2528.937927410705,54257.17113551547
8512,79,39.58227848101266,6.418338300279807,43.721518987341774,8.905395525071762,9.721518987341772,5.1786957789378505,1607.4303797468353,513.9368584270386,0.379746835443038,0.9240506329113924,0.8734177215189873,0.05063291139240506,0.0379746835443038,0.0379746835443038,1.481012658227848,40547.596349172934,89458.69271715079,-1063.0957882560033,24937.748407768668,55697.32088154284
8513,68,38.86764705882353,6.917217134693597,41.720588235294116,4.1496109806349075,12.764705882352942,5.010787309838893,1557.8382352941176,560.6501452616542,0.4264705882352941,0.8529411764705882,0.6176470588235294,0.14705882352941177,0.16176470588235295,0.07352941176470588,1.5735294117647058,18242.783648064014,68911.15693087847,-15849.485911148091,14330.715338542359,44549.912249562236
8514,79,37.70886075949367,8.064089276848248,42.620253164556964,6.794235485506953,10.253164556962025,5.1001969656042165,1486.1645569620252,635.7199115232847,0.4936708860759494,0.5949367088607594,0.4177215189873418,0.24050632911392406,0.20253164556962025,0.13924050632911392,1.9493670886075949,3204.0971204876473,60714.191098830546,-18491.972639660395,-861.9530329359113,14086.499542815975
9501,48,36.854166666666664,8.013259180572875,41.25,3.0070838351282063,11.583333333333334,5.098324018873107,1421.1041666666667,607.8781106678197,0.5208333333333334,0.6458333333333334,0.4375,0.1875,0.20833333333333334,0.16666666666666666,1.8333333333333333,-18536.454831975512,35877.63102101279,-42886.828921947024,-19241.843398332858,6097.840521829159
9502,47,38.297872340425535,8.37417067566024,42.340425531914896,7.860956341158171,14.02127659574468,4.513214229648444,1535.3617021276596,663.6711936523963,0.44680851063829785,0.723404255319149,0.2978723404255319,0.23404255319148937,0.2765957446808511,0.19148936170212766,1.7659574468085106,804.1218583678364,45104.53157559581,-19717.80122027833,-718.4969438266417,25071.35151803415
9703,45,37.91111111111111,7.175787008539147,45.22222222222222,8.0957028132463,12.866666666666667,3.8114659551506858,1487.6,555.2984209986882,0.37777777777777777,0.4666666666666667,0.2222222222222222,0.4444444444444444,0.2,0.13333333333333333,2.311111111111111,-9234.916687787727,32079.338953722217,-29574.572902598826,-5871.16814469028,7180.965565242455
10100,38,36.21052631578947,7.767422942969208,45.26315789473684,11.09342198691643,9.868421052631579,6.129992957235841,1369.9473684210527,595.2970163671159,0.34210526315789475,0.7105263157894737,0.21052631578947367,0.5263157894736842,0.13157894736842105,0.13157894736842105,2.3947368421052633,-4655.30016963839,94945.48104812937,-39440.05097086257,-14141.89733198838,661.0524164955277
10702,37,36.32432432432432,7.612322079854967,43.67567567567568,5.657119673738837,9.27027027027027,6.656862159742668,1375.837837837838,582.7746140239386,0.24324324324324326,0.5675675675675675,,0.5405405405405406,0.1891891891891892,0.2702702702702703,2.6216216216216215,-8674.164899365504,28702.491517435035,-25578.84437432597,-10905.333840337058,-1655.2426699741627
10703,63,37.44444444444444,7.5536314227165535,46.6031746031746,9.414367336151154,10.301587301587302,6.382018389989074,1458.2380952380952,592.5762429313513,0.23809523809523808,0.6666666666666666,0.015873015873015872,0.746031746031746,0.015873015873015872,0.2222222222222222,3.126984126984127,-12274.09695000176,18672.486997503547,-24661.549466825047,-13278.888950243476,-231.93106307642302
11103,76,33.64473684210526,6.830722650629621,43.921052631578945,8.417067039287476,12.381578947368421,4.939546822029077,1178.0131578947369,523.5983318899085,0.3026315789473684,0.5921052631578947,0.19736842105263158,0.3684210526315789,0.10526315789473684,0.32894736842105265,2.486842105263158,-11180.83916647648,32115.031796061492,-22064.53789151465,-3399.930516415785,9232.063106939517
11300,57,38.49122807017544,7.819670268481238,43.05263157894737,7.077179252033506,11.912280701754385,5.50739989778164,1541.6491228070176,609.0521174986374,0.42105263157894735,0.7192982456140351,0.5614035087719298,0.21052631578947367,0.07017543859649122,0.15789473684210525,1.719298245614035,-20478.185945931265,34423.82016492149,-42905.1747860841,-19782.499962455506,-480.03562274901196
